id,document_id,court,esas_no,karar_no,karar_tarihi,year,chars,text
yargitay:16193500,16193500,1. Hukuk Dairesi,2006/113,2006/115,2006-09-02,2006,78,"1. Hukuk Dairesi 2006/113 E., 2006/115 K.

""İçtihat Metni""

deneme karar metni"
yargitay:521636700,521636700,8. Hukuk Dairesi,2012/574,2012/221,2012-01-23,2012,108,"8. Hukuk Dairesi 2012/574 E. , 2012/221 K.

""İçtihat Metni""MAHKEMESİ : ilgiliCezaMahAdi
DAVA TÜRÜ : davaTuru"
yargitay:385753300,385753300,12. Hukuk Dairesi,2008/514,2008/326,2008-01-16,2008,109,"12. Hukuk Dairesi 2008/514 E. , 2008/326 K.

""İçtihat Metni""MAHKEMESİ : ilgiliCezaMahAdi
DAVA TÜRÜ : davaTuru"
yargitay:505202300,505202300,2. Hukuk Dairesi,2009/1187,2009/733,2009-01-26,2009,109,"2. Hukuk Dairesi 2009/1187 E. , 2009/733 K.

""İçtihat Metni""MAHKEMESİ : ilgiliCezaMahAdi
DAVA TÜRÜ : davaTuru"
yargitay:505369700,505369700,2. Hukuk Dairesi,2009/1060,2009/717,2009-01-26,2009,109,"2. Hukuk Dairesi 2009/1060 E. , 2009/717 K.

""İçtihat Metni""MAHKEMESİ : ilgiliCezaMahAdi
DAVA TÜRÜ : davaTuru"
yargitay:523387600,523387600,8. Hukuk Dairesi,2011/2740,2012/784,2012-02-14,2012,109,"8. Hukuk Dairesi 2011/2740 E. , 2012/784 K.

""İçtihat Metni""MAHKEMESİ : ilgiliCezaMahAdi
DAVA TÜRÜ : davaTuru"
yargitay:540210900,540210900,2. Hukuk Dairesi,2009/679,2010/2955,2010-02-18,2010,109,"2. Hukuk Dairesi 2009/679 E. , 2010/2955 K.

""İçtihat Metni""MAHKEMESİ : ilgiliCezaMahAdi
DAVA TÜRÜ : davaTuru"
yargitay:385780000,385780000,12. Hukuk Dairesi,2008/653,2008/2346,2008-02-14,2008,110,"12. Hukuk Dairesi 2008/653 E. , 2008/2346 K.

""İçtihat Metni""MAHKEMESİ : ilgiliCezaMahAdi
DAVA TÜRÜ : davaTuru"
yargitay:386403000,386403000,12. Hukuk Dairesi,2009/271,2009/8197,2009-04-16,2009,110,"12. Hukuk Dairesi 2009/271 E. , 2009/8197 K.

""İçtihat Metni""MAHKEMESİ : ilgiliCezaMahAdi
DAVA TÜRÜ : davaTuru"
yargitay:484783500,484783500,2. Hukuk Dairesi,2008/8782,2008/7865,2008-06-02,2008,110,"2. Hukuk Dairesi 2008/8782 E. , 2008/7865 K.

""İçtihat Metni""MAHKEMESİ : ilgiliCezaMahAdi
DAVA TÜRÜ : davaTuru"
yargitay:504598600,504598600,2. Hukuk Dairesi,2009/10097,2010/431,2010-01-13,2010,110,"2. Hukuk Dairesi 2009/10097 E. , 2010/431 K.

""İçtihat Metni""MAHKEMESİ : ilgiliCezaMahAdi
DAVA TÜRÜ : davaTuru"
yargitay:517233700,517233700,2. Hukuk Dairesi,2008/2907,2009/8093,2009-04-27,2009,110,"2. Hukuk Dairesi 2008/2907 E. , 2009/8093 K.

""İçtihat Metni""MAHKEMESİ : ilgiliCezaMahAdi
DAVA TÜRÜ : davaTuru"
yargitay:518111300,518111300,2. Hukuk Dairesi,2009/8609,2009/9772,2009-05-25,2009,110,"2. Hukuk Dairesi 2009/8609 E. , 2009/9772 K.

""İçtihat Metni""MAHKEMESİ : ilgiliCezaMahAdi
DAVA TÜRÜ : davaTuru"
yargitay:518409700,518409700,2. Hukuk Dairesi,2008/6469,2009/8588,2009-05-04,2009,110,"2. Hukuk Dairesi 2008/6469 E. , 2009/8588 K.

""İçtihat Metni""MAHKEMESİ : ilgiliCezaMahAdi
DAVA TÜRÜ : davaTuru"
yargitay:597288300,597288300,2. Hukuk Dairesi,2008/4632,2009/3548,2009-03-02,2009,110,"2. Hukuk Dairesi 2008/4632 E. , 2009/3548 K.

""İçtihat Metni""MAHKEMESİ : ilgiliCezaMahAdi
DAVA TÜRÜ : davaTuru"
yargitay:920233900,920233900,1. Hukuk Dairesi,2010/7382,2010/7525,2010-06-28,2010,110,"1. Hukuk Dairesi 2010/7382 E. , 2010/7525 K.

""İçtihat Metni""MAHKEMESİ : ilgiliCezaMahAdi
DAVA TÜRÜ : davaTuru"
yargitay:923566800,923566800,1. Hukuk Dairesi,2010/5770,2010/6574,2010-06-07,2010,110,"1. Hukuk Dairesi 2010/5770 E. , 2010/6574 K.

""İçtihat Metni""MAHKEMESİ : ilgiliCezaMahAdi
DAVA TÜRÜ : davaTuru"
yargitay:385840700,385840700,12. Hukuk Dairesi,2008/2684,2008/5198,2008-03-17,2008,111,"12. Hukuk Dairesi 2008/2684 E. , 2008/5198 K.

""İçtihat Metni""MAHKEMESİ : ilgiliCezaMahAdi
DAVA TÜRÜ : davaTuru"
yargitay:385897600,385897600,12. Hukuk Dairesi,2008/3222,2008/6008,2008-03-25,2008,111,"12. Hukuk Dairesi 2008/3222 E. , 2008/6008 K.

""İçtihat Metni""MAHKEMESİ : ilgiliCezaMahAdi
DAVA TÜRÜ : davaTuru"
yargitay:385971800,385971800,12. Hukuk Dairesi,2008/5162,2008/5937,2008-03-25,2008,111,"12. Hukuk Dairesi 2008/5162 E. , 2008/5937 K.

""İçtihat Metni""MAHKEMESİ : ilgiliCezaMahAdi
DAVA TÜRÜ : davaTuru"
yargitay:386062600,386062600,12. Hukuk Dairesi,2008/5452,2008/5749,2008-03-24,2008,111,"12. Hukuk Dairesi 2008/5452 E. , 2008/5749 K.

""İçtihat Metni""MAHKEMESİ : ilgiliCezaMahAdi
DAVA TÜRÜ : davaTuru"
yargitay:386065300,386065300,12. Hukuk Dairesi,2008/3541,2008/7970,2008-04-17,2008,111,"12. Hukuk Dairesi 2008/3541 E. , 2008/7970 K.

""İçtihat Metni""MAHKEMESİ : ilgiliCezaMahAdi
DAVA TÜRÜ : davaTuru"
yargitay:386066400,386066400,12. Hukuk Dairesi,2008/6854,2008/9874,2008-05-09,2008,111,"12. Hukuk Dairesi 2008/6854 E. , 2008/9874 K.

""İçtihat Metni""MAHKEMESİ : ilgiliCezaMahAdi
DAVA TÜRÜ : davaTuru"
yargitay:428142500,428142500,2. Hukuk Dairesi,2006/17519,2007/5986,2007-04-10,2007,111,"2. Hukuk Dairesi 2006/17519 E. , 2007/5986 K.

""İçtihat Metni""MAHKEMESİ : ilgiliCezaMahAdi
DAVA TÜRÜ : davaTuru"
yargitay:485746800,485746800,2. Hukuk Dairesi,2008/10323,2008/9662,2008-06-30,2008,111,"2. Hukuk Dairesi 2008/10323 E. , 2008/9662 K.

""İçtihat Metni""MAHKEMESİ : ilgiliCezaMahAdi
DAVA TÜRÜ : davaTuru"
yargitay:485962900,485962900,2. Hukuk Dairesi,2008/10633,2008/9081,2008-06-23,2008,111,"2. Hukuk Dairesi 2008/10633 E. , 2008/9081 K.

""İçtihat Metni""MAHKEMESİ : ilgiliCezaMahAdi
DAVA TÜRÜ : davaTuru"
yargitay:488891900,488891900,2. Hukuk Dairesi,2008/3146,2008/11331,2008-09-09,2008,111,"2. Hukuk Dairesi 2008/3146 E. , 2008/11331 K.

""İçtihat Metni""MAHKEMESİ : ilgiliCezaMahAdi
DAVA TÜRÜ : davaTuru"
yargitay:488972200,488972200,2. Hukuk Dairesi,2008/9006,2008/11346,2008-09-09,2008,111,"2. Hukuk Dairesi 2008/9006 E. , 2008/11346 K.

""İçtihat Metni""MAHKEMESİ : ilgiliCezaMahAdi
DAVA TÜRÜ : davaTuru"
yargitay:501703600,501703600,2. Hukuk Dairesi,2008/1537,2008/16851,2008-12-15,2008,111,"2. Hukuk Dairesi 2008/1537 E. , 2008/16851 K.

""İçtihat Metni""MAHKEMESİ : ilgiliCezaMahAdi
DAVA TÜRÜ : davaTuru"
yargitay:517576400,517576400,2. Hukuk Dairesi,2008/17747,2009/9310,2009-05-11,2009,111,"2. Hukuk Dairesi 2008/17747 E. , 2009/9310 K.

""İçtihat Metni""MAHKEMESİ : ilgiliCezaMahAdi
DAVA TÜRÜ : davaTuru"
yargitay:518654200,518654200,2. Hukuk Dairesi,2008/8831,2009/11136,2009-06-09,2009,111,"2. Hukuk Dairesi 2008/8831 E. , 2009/11136 K.

""İçtihat Metni""MAHKEMESİ : ilgiliCezaMahAdi
DAVA TÜRÜ : davaTuru"
yargitay:520831400,520831400,2. Hukuk Dairesi,2009/9642,2009/11025,2009-06-08,2009,111,"2. Hukuk Dairesi 2009/9642 E. , 2009/11025 K.

""İçtihat Metni""MAHKEMESİ : ilgiliCezaMahAdi
DAVA TÜRÜ : davaTuru"
yargitay:521118800,521118800,2. Hukuk Dairesi,2009/8916,2009/10349,2009-06-01,2009,111,"2. Hukuk Dairesi 2009/8916 E. , 2009/10349 K.

""İçtihat Metni""MAHKEMESİ : ilgiliCezaMahAdi
DAVA TÜRÜ : davaTuru"
yargitay:521513100,521513100,2. Hukuk Dairesi,2009/9769,2009/11923,2009-06-18,2009,111,"2. Hukuk Dairesi 2009/9769 E. , 2009/11923 K.

""İçtihat Metni""MAHKEMESİ : ilgiliCezaMahAdi
DAVA TÜRÜ : davaTuru"
yargitay:524396600,524396600,2. Hukuk Dairesi,2009/9164,2009/10358,2009-06-01,2009,111,"2. Hukuk Dairesi 2009/9164 E. , 2009/10358 K.

""İçtihat Metni""MAHKEMESİ : ilgiliCezaMahAdi
DAVA TÜRÜ : davaTuru"
yargitay:625932800,625932800,14. Hukuk Dairesi,2010/1785,2010/1850,2010-02-22,2010,111,"14. Hukuk Dairesi 2010/1785 E. , 2010/1850 K.

""İçtihat Metni""MAHKEMESİ : ilgiliCezaMahAdi
DAVA TÜRÜ : davaTuru"
yargitay:905828300,905828300,2. Hukuk Dairesi,2011/2395,2011/17816,2011-11-01,2011,111,"2. Hukuk Dairesi 2011/2395 E. , 2011/17816 K.

""İçtihat Metni""MAHKEMESİ : ilgiliCezaMahAdi
DAVA TÜRÜ : davaTuru"
yargitay:963079100,963079100,3. Hukuk Dairesi,2010/20174,2011/1169,2011-01-31,2011,111,"3. Hukuk Dairesi 2010/20174 E. , 2011/1169 K.

""İçtihat Metni""MAHKEMESİ : ilgiliCezaMahAdi
DAVA TÜRÜ : davaTuru"
yargitay:1024390100,1024390100,11. Hukuk Dairesi,2008/12704,2010/7585,2010-06-29,2010,112,"11. Hukuk Dairesi 2008/12704 E. , 2010/7585 K.

""İçtihat Metni""MAHKEMESİ : ilgiliCezaMahAdi
DAVA TÜRÜ : davaTuru"
yargitay:1027752000,1027752000,11. Hukuk Dairesi,2010/11302,2010/8738,2010-09-14,2010,112,"11. Hukuk Dairesi 2010/11302 E. , 2010/8738 K.

""İçtihat Metni""MAHKEMESİ : ilgiliCezaMahAdi
DAVA TÜRÜ : davaTuru"
yargitay:487110600,487110600,2. Hukuk Dairesi,2008/11596,2008/10180,2008-07-07,2008,112,"2. Hukuk Dairesi 2008/11596 E. , 2008/10180 K.

""İçtihat Metni""MAHKEMESİ : ilgiliCezaMahAdi
DAVA TÜRÜ : davaTuru"
yargitay:489214300,489214300,2. Hukuk Dairesi,2008/13208,2008/11344,2008-09-09,2008,112,"2. Hukuk Dairesi 2008/13208 E. , 2008/11344 K.

""İçtihat Metni""MAHKEMESİ : ilgiliCezaMahAdi
DAVA TÜRÜ : davaTuru"
yargitay:489648700,489648700,2. Hukuk Dairesi,2008/10942,2008/11891,2008-09-15,2008,112,"2. Hukuk Dairesi 2008/10942 E. , 2008/11891 K.

""İçtihat Metni""MAHKEMESİ : ilgiliCezaMahAdi
DAVA TÜRÜ : davaTuru"
yargitay:493008100,493008100,2. Hukuk Dairesi,2008/13647,2008/13426,2008-10-15,2008,112,"2. Hukuk Dairesi 2008/13647 E. , 2008/13426 K.

""İçtihat Metni""MAHKEMESİ : ilgiliCezaMahAdi
DAVA TÜRÜ : davaTuru"
yargitay:494186800,494186800,2. Hukuk Dairesi,2008/16950,2008/13750,2008-10-20,2008,112,"2. Hukuk Dairesi 2008/16950 E. , 2008/13750 K.

""İçtihat Metni""MAHKEMESİ : ilgiliCezaMahAdi
DAVA TÜRÜ : davaTuru"
yargitay:494297100,494297100,2. Hukuk Dairesi,2007/14213,2008/14030,2008-10-23,2008,112,"2. Hukuk Dairesi 2007/14213 E. , 2008/14030 K.

""İçtihat Metni""MAHKEMESİ : ilgiliCezaMahAdi
DAVA TÜRÜ : davaTuru"
yargitay:496097700,496097700,2. Hukuk Dairesi,2007/15353,2008/15497,2008-11-20,2008,112,"2. Hukuk Dairesi 2007/15353 E. , 2008/15497 K.

""İçtihat Metni""MAHKEMESİ : ilgiliCezaMahAdi
DAVA TÜRÜ : davaTuru"
yargitay:496780400,496780400,2. Hukuk Dairesi,2007/16179,2008/15717,2008-11-24,2008,112,"2. Hukuk Dairesi 2007/16179 E. , 2008/15717 K.

""İçtihat Metni""MAHKEMESİ : ilgiliCezaMahAdi
DAVA TÜRÜ : davaTuru"
yargitay:498945700,498945700,2. Hukuk Dairesi,2008/19317,2008/16342,2008-12-01,2008,112,"2. Hukuk Dairesi 2008/19317 E. , 2008/16342 K.

""İçtihat Metni""MAHKEMESİ : ilgiliCezaMahAdi
DAVA TÜRÜ : davaTuru"
yargitay:502777100,502777100,2. Hukuk Dairesi,2008/19880,2008/17412,2008-12-22,2008,112,"2. Hukuk Dairesi 2008/19880 E. , 2008/17412 K.

""İçtihat Metni""MAHKEMESİ : ilgiliCezaMahAdi
DAVA TÜRÜ : davaTuru"
yargitay:523071200,523071200,2. Hukuk Dairesi,2009/11421,2009/13183,2009-07-06,2009,112,"2. Hukuk Dairesi 2009/11421 E. , 2009/13183 K.

""İçtihat Metni""MAHKEMESİ : ilgiliCezaMahAdi
DAVA TÜRÜ : davaTuru"
yargitay:529093200,529093200,2. Hukuk Dairesi,2008/14878,2009/17429,2009-10-14,2009,112,"2. Hukuk Dairesi 2008/14878 E. , 2009/17429 K.

""İçtihat Metni""MAHKEMESİ : ilgiliCezaMahAdi
DAVA TÜRÜ : davaTuru"
yargitay:529308900,529308900,2. Hukuk Dairesi,2009/16788,2009/17190,2009-10-12,2009,112,"2. Hukuk Dairesi 2009/16788 E. , 2009/17190 K.

""İçtihat Metni""MAHKEMESİ : ilgiliCezaMahAdi
DAVA TÜRÜ : davaTuru"
yargitay:529422500,529422500,2. Hukuk Dairesi,2009/16669,2009/17216,2009-10-12,2009,112,"2. Hukuk Dairesi 2009/16669 E. , 2009/17216 K.

""İçtihat Metni""MAHKEMESİ : ilgiliCezaMahAdi
DAVA TÜRÜ : davaTuru"
yargitay:531464400,531464400,2. Hukuk Dairesi,2008/11494,2009/17834,2009-10-20,2009,112,"2. Hukuk Dairesi 2008/11494 E. , 2009/17834 K.

""İçtihat Metni""MAHKEMESİ : ilgiliCezaMahAdi
DAVA TÜRÜ : davaTuru"
yargitay:531484300,531484300,2. Hukuk Dairesi,2009/17823,2009/18226,2009-10-26,2009,112,"2. Hukuk Dairesi 2009/17823 E. , 2009/18226 K.

""İçtihat Metni""MAHKEMESİ : ilgiliCezaMahAdi
DAVA TÜRÜ : davaTuru"
yargitay:533957300,533957300,2. Hukuk Dairesi,2009/19384,2009/19710,2009-11-16,2009,112,"2. Hukuk Dairesi 2009/19384 E. , 2009/19710 K.

""İçtihat Metni""MAHKEMESİ : ilgiliCezaMahAdi
DAVA TÜRÜ : davaTuru"
yargitay:542462800,542462800,2. Hukuk Dairesi,2009/21370,2009/22050,2009-12-21,2009,112,"2. Hukuk Dairesi 2009/21370 E. , 2009/22050 K.

""İçtihat Metni""MAHKEMESİ : ilgiliCezaMahAdi
DAVA TÜRÜ : davaTuru"
yargitay:619836800,619836800,2. Hukuk Dairesi,2009/12230,2009/14345,2009-07-20,2009,112,"2. Hukuk Dairesi 2009/12230 E. , 2009/14345 K.

""İçtihat Metni""MAHKEMESİ : ilgiliCezaMahAdi
DAVA TÜRÜ : davaTuru"
yargitay:693241800,693241800,12. Hukuk Dairesi,2010/3155,2010/15438,2010-06-17,2010,112,"12. Hukuk Dairesi 2010/3155 E. , 2010/15438 K.

""İçtihat Metni""MAHKEMESİ : ilgiliCezaMahAdi
DAVA TÜRÜ : davaTuru"
yargitay:781784900,781784900,12. Hukuk Dairesi,2009/6357,2009/14569,2009-07-02,2009,112,"12. Hukuk Dairesi 2009/6357 E. , 2009/14569 K.

""İçtihat Metni""MAHKEMESİ : ilgiliCezaMahAdi
DAVA TÜRÜ : davaTuru"
yargitay:386071400,386071400,12. Hukuk Dairesi,2008/12617,2008/13193,2008-06-19,2008,113,"12. Hukuk Dairesi 2008/12617 E. , 2008/13193 K.

""İçtihat Metni""MAHKEMESİ : ilgiliCezaMahAdi
DAVA TÜRÜ : davaTuru"
yargitay:386071600,386071600,12. Hukuk Dairesi,2008/13086,2008/13301,2008-06-24,2008,113,"12. Hukuk Dairesi 2008/13086 E. , 2008/13301 K.

""İçtihat Metni""MAHKEMESİ : ilgiliCezaMahAdi
DAVA TÜRÜ : davaTuru"
yargitay:386071800,386071800,12. Hukuk Dairesi,2008/10336,2008/13736,2008-06-24,2008,113,"12. Hukuk Dairesi 2008/10336 E. , 2008/13736 K.

""İçtihat Metni""MAHKEMESİ : ilgiliCezaMahAdi
DAVA TÜRÜ : davaTuru"
yargitay:386199800,386199800,12. Hukuk Dairesi,2008/13165,2008/16245,2008-09-23,2008,113,"12. Hukuk Dairesi 2008/13165 E. , 2008/16245 K.

""İçtihat Metni""MAHKEMESİ : ilgiliCezaMahAdi
DAVA TÜRÜ : davaTuru"
yargitay:386270200,386270200,12. Hukuk Dairesi,2008/16383,2008/20022,2008-11-13,2008,113,"12. Hukuk Dairesi 2008/16383 E. , 2008/20022 K.

""İçtihat Metni""MAHKEMESİ : ilgiliCezaMahAdi
DAVA TÜRÜ : davaTuru"
yargitay:692683500,692683500,12. Hukuk Dairesi,2010/18625,2010/18766,2010-07-12,2010,113,"12. Hukuk Dairesi 2010/18625 E. , 2010/18766 K.

""İçtihat Metni""MAHKEMESİ : ilgiliCezaMahAdi
DAVA TÜRÜ : davaTuru"
yargitay:782201700,782201700,12. Hukuk Dairesi,2009/11615,2009/19436,2009-10-19,2009,113,"12. Hukuk Dairesi 2009/11615 E. , 2009/19436 K.

""İçtihat Metni""MAHKEMESİ : ilgiliCezaMahAdi
DAVA TÜRÜ : davaTuru"
yargitay:782509500,782509500,12. Hukuk Dairesi,2009/18247,2009/26771,2009-12-29,2009,113,"12. Hukuk Dairesi 2009/18247 E. , 2009/26771 K.

""İçtihat Metni""MAHKEMESİ : ilgiliCezaMahAdi
DAVA TÜRÜ : davaTuru"
yargitay:772946100,772946100,13. Hukuk Dairesi,2010/5,2010/340,2010-01-20,2010,119,"(Kapatılan) 13. Hukuk Dairesi 2010/5 E. , 2010/340 K.

""İçtihat Metni""MAHKEMESİ : ilgiliCezaMahAdi
DAVA TÜRÜ : davaTuru"
yargitay:772960100,772960100,13. Hukuk Dairesi,2010/2,2010/339,2010-01-20,2010,119,"(Kapatılan) 13. Hukuk Dairesi 2010/2 E. , 2010/339 K.

""İçtihat Metni""MAHKEMESİ : ilgiliCezaMahAdi
DAVA TÜRÜ : davaTuru"
yargitay:770194000,770194000,13. Hukuk Dairesi,2010/90,2010/362,2010-01-20,2010,120,"(Kapatılan) 13. Hukuk Dairesi 2010/90 E. , 2010/362 K.

""İçtihat Metni""MAHKEMESİ : ilgiliCezaMahAdi
DAVA TÜRÜ : davaTuru"
yargitay:770199400,770199400,13. Hukuk Dairesi,2010/22,2010/344,2010-01-20,2010,120,"(Kapatılan) 13. Hukuk Dairesi 2010/22 E. , 2010/344 K.

""İçtihat Metni""MAHKEMESİ : ilgiliCezaMahAdi
DAVA TÜRÜ : davaTuru"
yargitay:770200500,770200500,13. Hukuk Dairesi,2010/46,2010/348,2010-01-20,2010,120,"(Kapatılan) 13. Hukuk Dairesi 2010/46 E. , 2010/348 K.

""İçtihat Metni""MAHKEMESİ : ilgiliCezaMahAdi
DAVA TÜRÜ : davaTuru"
yargitay:770200600,770200600,13. Hukuk Dairesi,2010/94,2010/365,2010-01-20,2010,120,"(Kapatılan) 13. Hukuk Dairesi 2010/94 E. , 2010/365 K.

""İçtihat Metni""MAHKEMESİ : ilgiliCezaMahAdi
DAVA TÜRÜ : davaTuru"
yargitay:770201400,770201400,13. Hukuk Dairesi,2010/74,2010/357,2010-01-20,2010,120,"(Kapatılan) 13. Hukuk Dairesi 2010/74 E. , 2010/357 K.

""İçtihat Metni""MAHKEMESİ : ilgiliCezaMahAdi
DAVA TÜRÜ : davaTuru"
yargitay:772945900,772945900,13. Hukuk Dairesi,2010/83,2010/360,2010-01-20,2010,120,"(Kapatılan) 13. Hukuk Dairesi 2010/83 E. , 2010/360 K.

""İçtihat Metni""MAHKEMESİ : ilgiliCezaMahAdi
DAVA TÜRÜ : davaTuru"
yargitay:772946700,772946700,13. Hukuk Dairesi,2010/72,2010/356,2010-01-20,2010,120,"(Kapatılan) 13. Hukuk Dairesi 2010/72 E. , 2010/356 K.

""İçtihat Metni""MAHKEMESİ : ilgiliCezaMahAdi
DAVA TÜRÜ : davaTuru"
yargitay:772947500,772947500,13. Hukuk Dairesi,2010/12,2010/341,2010-01-20,2010,120,"(Kapatılan) 13. Hukuk Dairesi 2010/12 E. , 2010/341 K.

""İçtihat Metni""MAHKEMESİ : ilgiliCezaMahAdi
DAVA TÜRÜ : davaTuru"
yargitay:772948300,772948300,13. Hukuk Dairesi,2010/96,2010/366,2010-01-20,2010,120,"(Kapatılan) 13. Hukuk Dairesi 2010/96 E. , 2010/366 K.

""İçtihat Metni""MAHKEMESİ : ilgiliCezaMahAdi
DAVA TÜRÜ : davaTuru"
yargitay:772949400,772949400,13. Hukuk Dairesi,2010/56,2010/352,2010-01-20,2010,120,"(Kapatılan) 13. Hukuk Dairesi 2010/56 E. , 2010/352 K.

""İçtihat Metni""MAHKEMESİ : ilgiliCezaMahAdi
DAVA TÜRÜ : davaTuru"
yargitay:772951800,772951800,13. Hukuk Dairesi,2010/25,2010/346,2010-01-20,2010,120,"(Kapatılan) 13. Hukuk Dairesi 2010/25 E. , 2010/346 K.

""İçtihat Metni""MAHKEMESİ : ilgiliCezaMahAdi
DAVA TÜRÜ : davaTuru"
yargitay:772953200,772953200,13. Hukuk Dairesi,2010/24,2010/345,2010-01-20,2010,120,"(Kapatılan) 13. Hukuk Dairesi 2010/24 E. , 2010/345 K.

""İçtihat Metni""MAHKEMESİ : ilgiliCezaMahAdi
DAVA TÜRÜ : davaTuru"
yargitay:772959100,772959100,13. Hukuk Dairesi,2010/75,2010/358,2010-01-20,2010,120,"(Kapatılan) 13. Hukuk Dairesi 2010/75 E. , 2010/358 K.

""İçtihat Metni""MAHKEMESİ : ilgiliCezaMahAdi
DAVA TÜRÜ : davaTuru"
yargitay:772960700,772960700,13. Hukuk Dairesi,2010/52,2010/350,2010-01-20,2010,120,"(Kapatılan) 13. Hukuk Dairesi 2010/52 E. , 2010/350 K.

""İçtihat Metni""MAHKEMESİ : ilgiliCezaMahAdi
DAVA TÜRÜ : davaTuru"
yargitay:772963800,772963800,13. Hukuk Dairesi,2010/53,2010/351,2010-01-20,2010,120,"(Kapatılan) 13. Hukuk Dairesi 2010/53 E. , 2010/351 K.

""İçtihat Metni""MAHKEMESİ : ilgiliCezaMahAdi
DAVA TÜRÜ : davaTuru"
yargitay:772966000,772966000,13. Hukuk Dairesi,2010/13,2010/342,2010-01-20,2010,120,"(Kapatılan) 13. Hukuk Dairesi 2010/13 E. , 2010/342 K.

""İçtihat Metni""MAHKEMESİ : ilgiliCezaMahAdi
DAVA TÜRÜ : davaTuru"
yargitay:772968300,772968300,13. Hukuk Dairesi,2010/59,2010/353,2010-01-20,2010,120,"(Kapatılan) 13. Hukuk Dairesi 2010/59 E. , 2010/353 K.

""İçtihat Metni""MAHKEMESİ : ilgiliCezaMahAdi
DAVA TÜRÜ : davaTuru"
yargitay:772971400,772971400,13. Hukuk Dairesi,2010/98,2010/367,2010-01-20,2010,120,"(Kapatılan) 13. Hukuk Dairesi 2010/98 E. , 2010/367 K.

""İçtihat Metni""MAHKEMESİ : ilgiliCezaMahAdi
DAVA TÜRÜ : davaTuru"
yargitay:772971600,772971600,13. Hukuk Dairesi,2010/91,2010/363,2010-01-20,2010,120,"(Kapatılan) 13. Hukuk Dairesi 2010/91 E. , 2010/363 K.

""İçtihat Metni""MAHKEMESİ : ilgiliCezaMahAdi
DAVA TÜRÜ : davaTuru"
yargitay:772971900,772971900,13. Hukuk Dairesi,2010/64,2010/354,2010-01-20,2010,120,"(Kapatılan) 13. Hukuk Dairesi 2010/64 E. , 2010/354 K.

""İçtihat Metni""MAHKEMESİ : ilgiliCezaMahAdi
DAVA TÜRÜ : davaTuru"
yargitay:772977200,772977200,13. Hukuk Dairesi,2010/17,2010/343,2010-01-20,2010,120,"(Kapatılan) 13. Hukuk Dairesi 2010/17 E. , 2010/343 K.

""İçtihat Metni""MAHKEMESİ : ilgiliCezaMahAdi
DAVA TÜRÜ : davaTuru"
yargitay:772980700,772980700,13. Hukuk Dairesi,2010/92,2010/364,2010-01-20,2010,120,"(Kapatılan) 13. Hukuk Dairesi 2010/92 E. , 2010/364 K.

""İçtihat Metni""MAHKEMESİ : ilgiliCezaMahAdi
DAVA TÜRÜ : davaTuru"
yargitay:772981000,772981000,13. Hukuk Dairesi,2010/86,2010/361,2010-01-20,2010,120,"(Kapatılan) 13. Hukuk Dairesi 2010/86 E. , 2010/361 K.

""İçtihat Metni""MAHKEMESİ : ilgiliCezaMahAdi
DAVA TÜRÜ : davaTuru"
yargitay:772982100,772982100,13. Hukuk Dairesi,2010/76,2010/359,2010-01-20,2010,120,"(Kapatılan) 13. Hukuk Dairesi 2010/76 E. , 2010/359 K.

""İçtihat Metni""MAHKEMESİ : ilgiliCezaMahAdi
DAVA TÜRÜ : davaTuru"
yargitay:823345400,823345400,21. Hukuk Dairesi,2009/834,2010/429,2010-01-21,2010,120,"(Kapatılan)21. Hukuk Dairesi 2009/834 E. , 2010/429 K.

""İçtihat Metni""MAHKEMESİ : ilgiliCezaMahAdi
DAVA TÜRÜ : davaTuru"
yargitay:686976200,686976200,21. Hukuk Dairesi,2010/734,2011/1080,2011-02-14,2011,121,"(Kapatılan)21. Hukuk Dairesi 2010/734 E. , 2011/1080 K.

""İçtihat Metni""MAHKEMESİ : ilgiliCezaMahAdi
DAVA TÜRÜ : davaTuru"
yargitay:763553900,763553900,13. Hukuk Dairesi,2011/152,2011/206,2011-01-13,2011,121,"(Kapatılan) 13. Hukuk Dairesi 2011/152 E. , 2011/206 K.

""İçtihat Metni""MAHKEMESİ : ilgiliCezaMahAdi
DAVA TÜRÜ : davaTuru"
yargitay:770194900,770194900,13. Hukuk Dairesi,2010/254,2010/399,2010-01-20,2010,121,"(Kapatılan) 13. Hukuk Dairesi 2010/254 E. , 2010/399 K.

""İçtihat Metni""MAHKEMESİ : ilgiliCezaMahAdi
DAVA TÜRÜ : davaTuru"
yargitay:770196900,770196900,13. Hukuk Dairesi,2010/444,2010/417,2010-01-20,2010,121,"(Kapatılan) 13. Hukuk Dairesi 2010/444 E. , 2010/417 K.

""İçtihat Metni""MAHKEMESİ : ilgiliCezaMahAdi
DAVA TÜRÜ : davaTuru"
yargitay:770197900,770197900,13. Hukuk Dairesi,2010/345,2010/414,2010-01-20,2010,121,"(Kapatılan) 13. Hukuk Dairesi 2010/345 E. , 2010/414 K.

""İçtihat Metni""MAHKEMESİ : ilgiliCezaMahAdi
DAVA TÜRÜ : davaTuru"
yargitay:770198700,770198700,13. Hukuk Dairesi,2010/357,2010/415,2010-01-20,2010,121,"(Kapatılan) 13. Hukuk Dairesi 2010/357 E. , 2010/415 K.

""İçtihat Metni""MAHKEMESİ : ilgiliCezaMahAdi
DAVA TÜRÜ : davaTuru"
yargitay:770198900,770198900,13. Hukuk Dairesi,2010/238,2010/394,2010-01-20,2010,121,"(Kapatılan) 13. Hukuk Dairesi 2010/238 E. , 2010/394 K.

""İçtihat Metni""MAHKEMESİ : ilgiliCezaMahAdi
DAVA TÜRÜ : davaTuru"
yargitay:770199600,770199600,13. Hukuk Dairesi,2010/446,2010/418,2010-01-20,2010,121,"(Kapatılan) 13. Hukuk Dairesi 2010/446 E. , 2010/418 K.

""İçtihat Metni""MAHKEMESİ : ilgiliCezaMahAdi
DAVA TÜRÜ : davaTuru"
yargitay:770201200,770201200,13. Hukuk Dairesi,2010/109,2010/370,2010-01-20,2010,121,"(Kapatılan) 13. Hukuk Dairesi 2010/109 E. , 2010/370 K.

""İçtihat Metni""MAHKEMESİ : ilgiliCezaMahAdi
DAVA TÜRÜ : davaTuru"
yargitay:772944000,772944000,13. Hukuk Dairesi,2010/128,2010/376,2010-01-20,2010,121,"(Kapatılan) 13. Hukuk Dairesi 2010/128 E. , 2010/376 K.

""İçtihat Metni""MAHKEMESİ : ilgiliCezaMahAdi
DAVA TÜRÜ : davaTuru"
yargitay:772945300,772945300,13. Hukuk Dairesi,2010/255,2010/400,2010-01-20,2010,121,"(Kapatılan) 13. Hukuk Dairesi 2010/255 E. , 2010/400 K.

""İçtihat Metni""MAHKEMESİ : ilgiliCezaMahAdi
DAVA TÜRÜ : davaTuru"
yargitay:772945500,772945500,13. Hukuk Dairesi,2010/201,2010/387,2010-01-20,2010,121,"(Kapatılan) 13. Hukuk Dairesi 2010/201 E. , 2010/387 K.

""İçtihat Metni""MAHKEMESİ : ilgiliCezaMahAdi
DAVA TÜRÜ : davaTuru"
yargitay:772946300,772946300,13. Hukuk Dairesi,2010/231,2010/393,2010-01-20,2010,121,"(Kapatılan) 13. Hukuk Dairesi 2010/231 E. , 2010/393 K.

""İçtihat Metni""MAHKEMESİ : ilgiliCezaMahAdi
DAVA TÜRÜ : davaTuru"
yargitay:772946500,772946500,13. Hukuk Dairesi,2010/129,2010/377,2010-01-20,2010,121,"(Kapatılan) 13. Hukuk Dairesi 2010/129 E. , 2010/377 K.

""İçtihat Metni""MAHKEMESİ : ilgiliCezaMahAdi
DAVA TÜRÜ : davaTuru"
yargitay:772947100,772947100,13. Hukuk Dairesi,2010/303,2010/410,2010-01-20,2010,121,"(Kapatılan) 13. Hukuk Dairesi 2010/303 E. , 2010/410 K.

""İçtihat Metni""MAHKEMESİ : ilgiliCezaMahAdi
DAVA TÜRÜ : davaTuru"
yargitay:772947300,772947300,13. Hukuk Dairesi,2010/329,2010/411,2010-01-20,2010,121,"(Kapatılan) 13. Hukuk Dairesi 2010/329 E. , 2010/411 K.

""İçtihat Metni""MAHKEMESİ : ilgiliCezaMahAdi
DAVA TÜRÜ : davaTuru"
yargitay:772947900,772947900,13. Hukuk Dairesi,2010/246,2010/397,2010-01-20,2010,121,"(Kapatılan) 13. Hukuk Dairesi 2010/246 E. , 2010/397 K.

""İçtihat Metni""MAHKEMESİ : ilgiliCezaMahAdi
DAVA TÜRÜ : davaTuru"
yargitay:772948000,772948000,13. Hukuk Dairesi,2010/200,2010/386,2010-01-20,2010,121,"(Kapatılan) 13. Hukuk Dairesi 2010/200 E. , 2010/386 K.

""İçtihat Metni""MAHKEMESİ : ilgiliCezaMahAdi
DAVA TÜRÜ : davaTuru"
yargitay:772949000,772949000,13. Hukuk Dairesi,2010/290,2010/407,2010-01-20,2010,121,"(Kapatılan) 13. Hukuk Dairesi 2010/290 E. , 2010/407 K.

""İçtihat Metni""MAHKEMESİ : ilgiliCezaMahAdi
DAVA TÜRÜ : davaTuru"
yargitay:772949600,772949600,13. Hukuk Dairesi,2010/183,2010/385,2010-01-20,2010,121,"(Kapatılan) 13. Hukuk Dairesi 2010/183 E. , 2010/385 K.

""İçtihat Metni""MAHKEMESİ : ilgiliCezaMahAdi
DAVA TÜRÜ : davaTuru"
yargitay:772950300,772950300,13. Hukuk Dairesi,2010/245,2010/396,2010-01-20,2010,121,"(Kapatılan) 13. Hukuk Dairesi 2010/245 E. , 2010/396 K.

""İçtihat Metni""MAHKEMESİ : ilgiliCezaMahAdi
DAVA TÜRÜ : davaTuru"
yargitay:772950600,772950600,13. Hukuk Dairesi,2010/105,2010/368,2010-01-20,2010,121,"(Kapatılan) 13. Hukuk Dairesi 2010/105 E. , 2010/368 K.

""İçtihat Metni""MAHKEMESİ : ilgiliCezaMahAdi
DAVA TÜRÜ : davaTuru"
yargitay:772950900,772950900,13. Hukuk Dairesi,2010/377,2010/416,2010-01-20,2010,121,"(Kapatılan) 13. Hukuk Dairesi 2010/377 E. , 2010/416 K.

""İçtihat Metni""MAHKEMESİ : ilgiliCezaMahAdi
DAVA TÜRÜ : davaTuru"
yargitay:772953400,772953400,13. Hukuk Dairesi,2010/122,2010/375,2010-01-20,2010,121,"(Kapatılan) 13. Hukuk Dairesi 2010/122 E. , 2010/375 K.

""İçtihat Metni""MAHKEMESİ : ilgiliCezaMahAdi
DAVA TÜRÜ : davaTuru"
yargitay:772954400,772954400,13. Hukuk Dairesi,2010/107,2010/369,2010-01-20,2010,121,"(Kapatılan) 13. Hukuk Dairesi 2010/107 E. , 2010/369 K.

""İçtihat Metni""MAHKEMESİ : ilgiliCezaMahAdi
DAVA TÜRÜ : davaTuru"
yargitay:772956700,772956700,13. Hukuk Dairesi,2010/263,2010/401,2010-01-20,2010,121,"(Kapatılan) 13. Hukuk Dairesi 2010/263 E. , 2010/401 K.

""İçtihat Metni""MAHKEMESİ : ilgiliCezaMahAdi
DAVA TÜRÜ : davaTuru"
yargitay:772957000,772957000,13. Hukuk Dairesi,2010/331,2010/412,2010-01-20,2010,121,"(Kapatılan) 13. Hukuk Dairesi 2010/331 E. , 2010/412 K.

""İçtihat Metni""MAHKEMESİ : ilgiliCezaMahAdi
DAVA TÜRÜ : davaTuru"
yargitay:772957800,772957800,13. Hukuk Dairesi,2010/117,2010/373,2010-01-20,2010,121,"(Kapatılan) 13. Hukuk Dairesi 2010/117 E. , 2010/373 K.

""İçtihat Metni""MAHKEMESİ : ilgiliCezaMahAdi
DAVA TÜRÜ : davaTuru"
yargitay:772958100,772958100,13. Hukuk Dairesi,2010/266,2010/402,2010-01-20,2010,121,"(Kapatılan) 13. Hukuk Dairesi 2010/266 E. , 2010/402 K.

""İçtihat Metni""MAHKEMESİ : ilgiliCezaMahAdi
DAVA TÜRÜ : davaTuru"
yargitay:772958700,772958700,13. Hukuk Dairesi,2010/279,2010/405,2010-01-20,2010,121,"(Kapatılan) 13. Hukuk Dairesi 2010/279 E. , 2010/405 K.

""İçtihat Metni""MAHKEMESİ : ilgiliCezaMahAdi
DAVA TÜRÜ : davaTuru"
yargitay:772959400,772959400,13. Hukuk Dairesi,2010/336,2010/413,2010-01-20,2010,121,"(Kapatılan) 13. Hukuk Dairesi 2010/336 E. , 2010/413 K.

""İçtihat Metni""MAHKEMESİ : ilgiliCezaMahAdi
DAVA TÜRÜ : davaTuru"
yargitay:772959700,772959700,13. Hukuk Dairesi,2010/210,2010/389,2010-01-20,2010,121,"(Kapatılan) 13. Hukuk Dairesi 2010/210 E. , 2010/389 K.

""İçtihat Metni""MAHKEMESİ : ilgiliCezaMahAdi
DAVA TÜRÜ : davaTuru"
yargitay:772961000,772961000,13. Hukuk Dairesi,2010/165,2010/379,2010-01-20,2010,121,"(Kapatılan) 13. Hukuk Dairesi 2010/165 E. , 2010/379 K.

""İçtihat Metni""MAHKEMESİ : ilgiliCezaMahAdi
DAVA TÜRÜ : davaTuru"
yargitay:772962300,772962300,13. Hukuk Dairesi,2010/27,2010/347,2010-01-20,2010,121,"(Kapatılan) 13. Hukuk Dairesi 2010/27 E. , 2010/347 K.

""İçtihat Metni"" MAHKEMESİ : ilgiliCezaMahAdi
DAVA TÜRÜ : davaTuru"
yargitay:772965300,772965300,13. Hukuk Dairesi,2010/182,2010/384,2010-01-20,2010,121,"(Kapatılan) 13. Hukuk Dairesi 2010/182 E. , 2010/384 K.

""İçtihat Metni""MAHKEMESİ : ilgiliCezaMahAdi
DAVA TÜRÜ : davaTuru"
yargitay:772966300,772966300,13. Hukuk Dairesi,2010/287,2010/406,2010-01-20,2010,121,"(Kapatılan) 13. Hukuk Dairesi 2010/287 E. , 2010/406 K.

""İçtihat Metni""MAHKEMESİ : ilgiliCezaMahAdi
DAVA TÜRÜ : davaTuru"
yargitay:772966400,772966400,13. Hukuk Dairesi,2010/271,2010/404,2010-01-20,2010,121,"(Kapatılan) 13. Hukuk Dairesi 2010/271 E. , 2010/404 K.

""İçtihat Metni""MAHKEMESİ : ilgiliCezaMahAdi
DAVA TÜRÜ : davaTuru"
yargitay:772967400,772967400,13. Hukuk Dairesi,2010/291,2010/408,2010-01-20,2010,121,"(Kapatılan) 13. Hukuk Dairesi 2010/291 E. , 2010/408 K.

""İçtihat Metni""MAHKEMESİ : ilgiliCezaMahAdi
DAVA TÜRÜ : davaTuru"
yargitay:772967600,772967600,13. Hukuk Dairesi,2010/293,2010/409,2010-01-20,2010,121,"(Kapatılan) 13. Hukuk Dairesi 2010/293 E. , 2010/409 K.

""İçtihat Metni""MAHKEMESİ : ilgiliCezaMahAdi
DAVA TÜRÜ : davaTuru"
yargitay:772969000,772969000,13. Hukuk Dairesi,2010/226,2010/391,2010-01-20,2010,121,"(Kapatılan) 13. Hukuk Dairesi 2010/226 E. , 2010/391 K.

""İçtihat Metni""MAHKEMESİ : ilgiliCezaMahAdi
DAVA TÜRÜ : davaTuru"
yargitay:772969600,772969600,13. Hukuk Dairesi,2010/118,2010/374,2010-01-20,2010,121,"(Kapatılan) 13. Hukuk Dairesi 2010/118 E. , 2010/374 K.

""İçtihat Metni""MAHKEMESİ : ilgiliCezaMahAdi
DAVA TÜRÜ : davaTuru"
yargitay:772972700,772972700,13. Hukuk Dairesi,2010/172,2010/380,2010-01-20,2010,121,"(Kapatılan) 13. Hukuk Dairesi 2010/172 E. , 2010/380 K.

""İçtihat Metni""MAHKEMESİ : ilgiliCezaMahAdi
DAVA TÜRÜ : davaTuru"
yargitay:772973000,772973000,13. Hukuk Dairesi,2010/160,2010/378,2010-01-20,2010,121,"(Kapatılan) 13. Hukuk Dairesi 2010/160 E. , 2010/378 K.

""İçtihat Metni""MAHKEMESİ : ilgiliCezaMahAdi
DAVA TÜRÜ : davaTuru"
yargitay:772973700,772973700,13. Hukuk Dairesi,2010/181,2010/383,2010-01-20,2010,121,"(Kapatılan) 13. Hukuk Dairesi 2010/181 E. , 2010/383 K.

""İçtihat Metni""MAHKEMESİ : ilgiliCezaMahAdi
DAVA TÜRÜ : davaTuru"
yargitay:772973900,772973900,13. Hukuk Dairesi,2010/180,2010/382,2010-01-20,2010,121,"(Kapatılan) 13. Hukuk Dairesi 2010/180 E. , 2010/382 K.

""İçtihat Metni""MAHKEMESİ : ilgiliCezaMahAdi
DAVA TÜRÜ : davaTuru"
yargitay:772974500,772974500,13. Hukuk Dairesi,2010/247,2010/398,2010-01-20,2010,121,"(Kapatılan) 13. Hukuk Dairesi 2010/247 E. , 2010/398 K.

""İçtihat Metni""MAHKEMESİ : ilgiliCezaMahAdi
DAVA TÜRÜ : davaTuru"
yargitay:772975100,772975100,13. Hukuk Dairesi,2010/68,2010/355,2010-01-20,2010,121,"(Kapatılan) 13. Hukuk Dairesi 2010/68 E. , 2010/355 K.

""İçtihat Metni"" MAHKEMESİ : ilgiliCezaMahAdi
DAVA TÜRÜ : davaTuru"
yargitay:772978000,772978000,13. Hukuk Dairesi,2010/206,2010/388,2010-01-20,2010,121,"(Kapatılan) 13. Hukuk Dairesi 2010/206 E. , 2010/388 K.

""İçtihat Metni""MAHKEMESİ : ilgiliCezaMahAdi
DAVA TÜRÜ : davaTuru"
yargitay:772978400,772978400,13. Hukuk Dairesi,2010/179,2010/381,2010-01-20,2010,121,"(Kapatılan) 13. Hukuk Dairesi 2010/179 E. , 2010/381 K.

""İçtihat Metni""MAHKEMESİ : ilgiliCezaMahAdi
DAVA TÜRÜ : davaTuru"
yargitay:772978800,772978800,13. Hukuk Dairesi,2010/214,2010/390,2010-01-20,2010,121,"(Kapatılan) 13. Hukuk Dairesi 2010/214 E. , 2010/390 K.

""İçtihat Metni""MAHKEMESİ : ilgiliCezaMahAdi
DAVA TÜRÜ : davaTuru"
yargitay:772979100,772979100,13. Hukuk Dairesi,2010/243,2010/395,2010-01-20,2010,121,"(Kapatılan) 13. Hukuk Dairesi 2010/243 E. , 2010/395 K.

""İçtihat Metni""MAHKEMESİ : ilgiliCezaMahAdi
DAVA TÜRÜ : davaTuru"
yargitay:772981400,772981400,13. Hukuk Dairesi,2010/270,2010/403,2010-01-20,2010,121,"(Kapatılan) 13. Hukuk Dairesi 2010/270 E. , 2010/403 K.

""İçtihat Metni""MAHKEMESİ : ilgiliCezaMahAdi
DAVA TÜRÜ : davaTuru"
yargitay:774634500,774634500,13. Hukuk Dairesi,2010/112,2010/372,2010-01-20,2010,121,"(Kapatılan) 13. Hukuk Dairesi 2010/112 E. , 2010/372 K.

""İçtihat Metni""MAHKEMESİ : ilgiliCezaMahAdi
DAVA TÜRÜ : davaTuru"
yargitay:872169400,872169400,17. Hukuk Dairesi,2006/249,2006/5499,2006-06-15,2006,121,"(Kapatılan)17. Hukuk Dairesi 2006/249 E. , 2006/5499 K.

""İçtihat Metni""MAHKEMESİ : ilgiliCezaMahAdi
DAVA TÜRÜ : davaTuru"
yargitay:872203900,872203900,17. Hukuk Dairesi,2006/232,2006/5483,2006-06-15,2006,121,"(Kapatılan)17. Hukuk Dairesi 2006/232 E. , 2006/5483 K.

""İçtihat Metni""MAHKEMESİ : ilgiliCezaMahAdi
DAVA TÜRÜ : davaTuru"
yargitay:873115800,873115800,17. Hukuk Dairesi,2006/831,2006/5712,2006-06-22,2006,121,"(Kapatılan)17. Hukuk Dairesi 2006/831 E. , 2006/5712 K.

""İçtihat Metni""MAHKEMESİ : ilgiliCezaMahAdi
DAVA TÜRÜ : davaTuru"
yargitay:756160100,756160100,14. Hukuk Dairesi,2012/2576,2012/3321,2012-03-07,2012,122,"(Kapatılan)14. Hukuk Dairesi 2012/2576 E. , 2012/3321 K.

""İçtihat Metni""MAHKEMESİ : ilgiliCezaMahAdi
DAVA TÜRÜ : davaTuru"
yargitay:769487900,769487900,14. Hukuk Dairesi,2010/8863,2010/9597,2010-10-04,2010,122,"(Kapatılan)14. Hukuk Dairesi 2010/8863 E. , 2010/9597 K.

""İçtihat Metni""MAHKEMESİ : ilgiliCezaMahAdi
DAVA TÜRÜ : davaTuru"
yargitay:769667600,769667600,14. Hukuk Dairesi,2010/8096,2010/9156,2010-09-27,2010,122,"(Kapatılan)14. Hukuk Dairesi 2010/8096 E. , 2010/9156 K.

""İçtihat Metni""MAHKEMESİ : ilgiliCezaMahAdi
DAVA TÜRÜ : davaTuru"
yargitay:772944600,772944600,13. Hukuk Dairesi,2010/110,2010/371,2010-01-20,2010,122,"(Kapatılan) 13. Hukuk Dairesi 2010/110 E. , 2010/371 K.

""İçtihat Metni"" MAHKEMESİ : ilgiliCezaMahAdi
DAVA TÜRÜ : davaTuru"
yargitay:772949700,772949700,13. Hukuk Dairesi,2010/227,2010/392,2010-01-20,2010,122,"(Kapatılan) 13. Hukuk Dairesi 2010/227 E. , 2010/392 K.

""İçtihat Metni"" MAHKEMESİ : ilgiliCezaMahAdi
DAVA TÜRÜ : davaTuru"
yargitay:774686300,774686300,13. Hukuk Dairesi,2009/7571,2010/157,2010-01-19,2010,122,"(Kapatılan) 13. Hukuk Dairesi 2009/7571 E. , 2010/157 K.

""İçtihat Metni""MAHKEMESİ : ilgiliCezaMahAdi
DAVA TÜRÜ : davaTuru"
yargitay:782201000,782201000,16. Hukuk Dairesi,2008/9839,2010/2425,2010-03-23,2010,122,"(Kapatılan)16. Hukuk Dairesi 2008/9839 E. , 2010/2425 K.

""İçtihat Metni""MAHKEMESİ : ilgiliCezaMahAdi
DAVA TÜRÜ : davaTuru"
yargitay:793493000,793493000,17. Hukuk Dairesi,2010/3288,2010/7106,2010-09-21,2010,122,"(Kapatılan)17. Hukuk Dairesi 2010/3288 E. , 2010/7106 K.

""İçtihat Metni""MAHKEMESİ : ilgiliCezaMahAdi
DAVA TÜRÜ : davaTuru"
yargitay:794516600,794516600,17. Hukuk Dairesi,2010/4649,2010/5332,2010-06-08,2010,122,"(Kapatılan)17. Hukuk Dairesi 2010/4649 E. , 2010/5332 K.

""İçtihat Metni""MAHKEMESİ : ilgiliCezaMahAdi
DAVA TÜRÜ : davaTuru"
yargitay:822304400,822304400,21. Hukuk Dairesi,2009/16577,2011/411,2011-01-24,2011,122,"(Kapatılan)21. Hukuk Dairesi 2009/16577 E. , 2011/411 K.

""İçtihat Metni""MAHKEMESİ : ilgiliCezaMahAdi
DAVA TÜRÜ : davaTuru"
yargitay:823340100,823340100,21. Hukuk Dairesi,2009/5999,2010/3662,2010-04-01,2010,122,"(Kapatılan)21. Hukuk Dairesi 2009/5999 E. , 2010/3662 K.

""İçtihat Metni""MAHKEMESİ : ilgiliCezaMahAdi
DAVA TÜRÜ : davaTuru"
yargitay:824046500,824046500,21. Hukuk Dairesi,2009/9916,2010/6579,2010-06-08,2010,122,"(Kapatılan)21. Hukuk Dairesi 2009/9916 E. , 2010/6579 K.

""İçtihat Metni""MAHKEMESİ : ilgiliCezaMahAdi
DAVA TÜRÜ : davaTuru"
yargitay:824548800,824548800,21. Hukuk Dairesi,2009/2218,2010/4121,2010-04-08,2010,122,"(Kapatılan)21. Hukuk Dairesi 2009/2218 E. , 2010/4121 K.

""İçtihat Metni""MAHKEMESİ : ilgiliCezaMahAdi
DAVA TÜRÜ : davaTuru"
yargitay:828918400,828918400,13. Hukuk Dairesi,2008/15495,2009/42,2009-01-15,2009,122,"(Kapatılan) 13. Hukuk Dairesi 2008/15495 E. , 2009/42 K.

""İçtihat Metni""MAHKEMESİ : ilgiliCezaMahAdi
DAVA TÜRÜ : davaTuru"
yargitay:845301200,845301200,14. Hukuk Dairesi,2009/6324,2009/7182,2009-06-09,2009,122,"(Kapatılan)14. Hukuk Dairesi 2009/6324 E. , 2009/7182 K.

""İçtihat Metni""MAHKEMESİ : ilgiliCezaMahAdi
DAVA TÜRÜ : davaTuru"
yargitay:870474100,870474100,17. Hukuk Dairesi,2009/7918,2009/7538,2009-11-16,2009,122,"(Kapatılan)17. Hukuk Dairesi 2009/7918 E. , 2009/7538 K.

""İçtihat Metni""MAHKEMESİ : ilgiliCezaMahAdi
DAVA TÜRÜ : davaTuru"
yargitay:870969000,870969000,17. Hukuk Dairesi,2007/3171,2007/1897,2007-06-01,2007,122,"(Kapatılan)17. Hukuk Dairesi 2007/3171 E. , 2007/1897 K.

""İçtihat Metni""MAHKEMESİ : ilgiliCezaMahAdi
DAVA TÜRÜ : davaTuru"
yargitay:872211800,872211800,17. Hukuk Dairesi,2006/3136,2006/5899,2006-06-29,2006,122,"(Kapatılan)17. Hukuk Dairesi 2006/3136 E. , 2006/5899 K.

""İçtihat Metni""MAHKEMESİ : ilgiliCezaMahAdi
DAVA TÜRÜ : davaTuru"
yargitay:872641200,872641200,17. Hukuk Dairesi,2006/5302,2006/8836,2006-12-04,2006,122,"(Kapatılan)17. Hukuk Dairesi 2006/5302 E. , 2006/8836 K.

""İçtihat Metni""MAHKEMESİ : ilgiliCezaMahAdi
DAVA TÜRÜ : davaTuru"
yargitay:872641400,872641400,17. Hukuk Dairesi,2006/5474,2006/8866,2006-12-05,2006,122,"(Kapatılan)17. Hukuk Dairesi 2006/5474 E. , 2006/8866 K.

""İçtihat Metni""MAHKEMESİ : ilgiliCezaMahAdi
DAVA TÜRÜ : davaTuru"
yargitay:872692800,872692800,17. Hukuk Dairesi,2006/5463,2006/8843,2006-12-04,2006,122,"(Kapatılan)17. Hukuk Dairesi 2006/5463 E. , 2006/8843 K.

""İçtihat Metni""MAHKEMESİ : ilgiliCezaMahAdi
DAVA TÜRÜ : davaTuru"
yargitay:873520500,873520500,17. Hukuk Dairesi,2006/3216,2006/5122,2006-06-08,2006,122,"(Kapatılan)17. Hukuk Dairesi 2006/3216 E. , 2006/5122 K.

""İçtihat Metni""MAHKEMESİ : ilgiliCezaMahAdi
DAVA TÜRÜ : davaTuru"
yargitay:873796200,873796200,17. Hukuk Dairesi,2006/3454,2006/8907,2006-12-07,2006,122,"(Kapatılan)17. Hukuk Dairesi 2006/3454 E. , 2006/8907 K.

""İçtihat Metni""MAHKEMESİ : ilgiliCezaMahAdi
DAVA TÜRÜ : davaTuru"
yargitay:875475800,875475800,17. Hukuk Dairesi,2006/5176,2006/9082,2006-12-14,2006,122,"(Kapatılan)17. Hukuk Dairesi 2006/5176 E. , 2006/9082 K.

""İçtihat Metni""MAHKEMESİ : ilgiliCezaMahAdi
DAVA TÜRÜ : davaTuru"
yargitay:884211200,884211200,19. Hukuk Dairesi,2008/7272,2009/2440,2009-03-30,2009,122,"(Kapatılan)19. Hukuk Dairesi 2008/7272 E. , 2009/2440 K.

""İçtihat Metni""MAHKEMESİ : ilgiliCezaMahAdi
DAVA TÜRÜ : davaTuru"
yargitay:892163100,892163100,19. Hukuk Dairesi,2008/8330,2008/8151,2008-09-08,2008,122,"(Kapatılan)19. Hukuk Dairesi 2008/8330 E. , 2008/8151 K.

""İçtihat Metni""MAHKEMESİ : ilgiliCezaMahAdi
DAVA TÜRÜ : davaTuru"
yargitay:750804200,750804200,13. Hukuk Dairesi,2011/3143,2011/3142,2011-03-04,2011,123,"(Kapatılan) 13. Hukuk Dairesi 2011/3143 E. , 2011/3142 K.

""İçtihat Metni""MAHKEMESİ : ilgiliCezaMahAdi
DAVA TÜRÜ : davaTuru"
yargitay:762293700,762293700,13. Hukuk Dairesi,2011/1917,2011/2088,2011-02-14,2011,123,"(Kapatılan) 13. Hukuk Dairesi 2011/1917 E. , 2011/2088 K.

""İçtihat Metni""MAHKEMESİ : ilgiliCezaMahAdi
DAVA TÜRÜ : davaTuru"
yargitay:762294400,762294400,13. Hukuk Dairesi,2011/1124,2011/1945,2011-02-14,2011,123,"(Kapatılan) 13. Hukuk Dairesi 2011/1124 E. , 2011/1945 K.

""İçtihat Metni""MAHKEMESİ : ilgiliCezaMahAdi
DAVA TÜRÜ : davaTuru"
yargitay:762294900,762294900,13. Hukuk Dairesi,2011/1679,2011/2045,2011-02-14,2011,123,"(Kapatılan) 13. Hukuk Dairesi 2011/1679 E. , 2011/2045 K.

""İçtihat Metni""MAHKEMESİ : ilgiliCezaMahAdi
DAVA TÜRÜ : davaTuru"
yargitay:762295500,762295500,13. Hukuk Dairesi,2011/1918,2011/2089,2011-02-14,2011,123,"(Kapatılan) 13. Hukuk Dairesi 2011/1918 E. , 2011/2089 K.

""İçtihat Metni""MAHKEMESİ : ilgiliCezaMahAdi
DAVA TÜRÜ : davaTuru"
yargitay:762295800,762295800,13. Hukuk Dairesi,2011/1252,2011/1972,2011-02-14,2011,123,"(Kapatılan) 13. Hukuk Dairesi 2011/1252 E. , 2011/1972 K.

""İçtihat Metni""MAHKEMESİ : ilgiliCezaMahAdi
DAVA TÜRÜ : davaTuru"
yargitay:762303800,762303800,13. Hukuk Dairesi,2011/1922,2011/2091,2011-02-14,2011,123,"(Kapatılan) 13. Hukuk Dairesi 2011/1922 E. , 2011/2091 K.

""İçtihat Metni""MAHKEMESİ : ilgiliCezaMahAdi
DAVA TÜRÜ : davaTuru"
yargitay:762304300,762304300,13. Hukuk Dairesi,2011/1858,2011/2071,2011-02-14,2011,123,"(Kapatılan) 13. Hukuk Dairesi 2011/1858 E. , 2011/2071 K.

""İçtihat Metni""MAHKEMESİ : ilgiliCezaMahAdi
DAVA TÜRÜ : davaTuru"
yargitay:762304700,762304700,13. Hukuk Dairesi,2011/1120,2011/1944,2011-02-14,2011,123,"(Kapatılan) 13. Hukuk Dairesi 2011/1120 E. , 2011/1944 K.

""İçtihat Metni""MAHKEMESİ : ilgiliCezaMahAdi
DAVA TÜRÜ : davaTuru"
yargitay:762304800,762304800,13. Hukuk Dairesi,2011/1125,2011/1946,2011-02-14,2011,123,"(Kapatılan) 13. Hukuk Dairesi 2011/1125 E. , 2011/1946 K.

""İçtihat Metni""MAHKEMESİ : ilgiliCezaMahAdi
DAVA TÜRÜ : davaTuru"
yargitay:762305400,762305400,13. Hukuk Dairesi,2011/1417,2011/1996,2011-02-14,2011,123,"(Kapatılan) 13. Hukuk Dairesi 2011/1417 E. , 2011/1996 K.

""İçtihat Metni""MAHKEMESİ : ilgiliCezaMahAdi
DAVA TÜRÜ : davaTuru"
yargitay:762305800,762305800,13. Hukuk Dairesi,2011/2208,2011/2371,2011-02-18,2011,123,"(Kapatılan) 13. Hukuk Dairesi 2011/2208 E. , 2011/2371 K.

""İçtihat Metni""MAHKEMESİ : ilgiliCezaMahAdi
DAVA TÜRÜ : davaTuru"
yargitay:762306100,762306100,13. Hukuk Dairesi,2011/1193,2011/1956,2011-02-14,2011,123,"(Kapatılan) 13. Hukuk Dairesi 2011/1193 E. , 2011/1956 K.

""İçtihat Metni""MAHKEMESİ : ilgiliCezaMahAdi
DAVA TÜRÜ : davaTuru"
yargitay:762306400,762306400,13. Hukuk Dairesi,2011/1217,2011/1963,2011-02-14,2011,123,"(Kapatılan) 13. Hukuk Dairesi 2011/1217 E. , 2011/1963 K.

""İçtihat Metni""MAHKEMESİ : ilgiliCezaMahAdi
DAVA TÜRÜ : davaTuru"
yargitay:762306700,762306700,13. Hukuk Dairesi,2011/1319,2011/1984,2011-02-14,2011,123,"(Kapatılan) 13. Hukuk Dairesi 2011/1319 E. , 2011/1984 K.

""İçtihat Metni""MAHKEMESİ : ilgiliCezaMahAdi
DAVA TÜRÜ : davaTuru"
yargitay:762306800,762306800,13. Hukuk Dairesi,2011/2281,2011/2381,2011-02-18,2011,123,"(Kapatılan) 13. Hukuk Dairesi 2011/2281 E. , 2011/2381 K.

""İçtihat Metni""MAHKEMESİ : ilgiliCezaMahAdi
DAVA TÜRÜ : davaTuru"
yargitay:762307000,762307000,13. Hukuk Dairesi,2011/1738,2011/2051,2011-02-14,2011,123,"(Kapatılan) 13. Hukuk Dairesi 2011/1738 E. , 2011/2051 K.

""İçtihat Metni""MAHKEMESİ : ilgiliCezaMahAdi
DAVA TÜRÜ : davaTuru"
yargitay:762307100,762307100,13. Hukuk Dairesi,2011/2418,2011/2406,2011-02-18,2011,123,"(Kapatılan) 13. Hukuk Dairesi 2011/2418 E. , 2011/2406 K.

""İçtihat Metni""MAHKEMESİ : ilgiliCezaMahAdi
DAVA TÜRÜ : davaTuru"
yargitay:762307400,762307400,13. Hukuk Dairesi,2011/1928,2011/2095,2011-02-14,2011,123,"(Kapatılan) 13. Hukuk Dairesi 2011/1928 E. , 2011/2095 K.

""İçtihat Metni""MAHKEMESİ : ilgiliCezaMahAdi
DAVA TÜRÜ : davaTuru"
yargitay:762307500,762307500,13. Hukuk Dairesi,2011/1671,2011/2043,2011-02-14,2011,123,"(Kapatılan) 13. Hukuk Dairesi 2011/1671 E. , 2011/2043 K.

""İçtihat Metni""MAHKEMESİ : ilgiliCezaMahAdi
DAVA TÜRÜ : davaTuru"
yargitay:762307700,762307700,13. Hukuk Dairesi,2011/1920,2011/2090,2011-02-14,2011,123,"(Kapatılan) 13. Hukuk Dairesi 2011/1920 E. , 2011/2090 K.

""İçtihat Metni""MAHKEMESİ : ilgiliCezaMahAdi
DAVA TÜRÜ : davaTuru"
yargitay:762308000,762308000,13. Hukuk Dairesi,2011/1716,2011/2049,2011-02-14,2011,123,"(Kapatılan) 13. Hukuk Dairesi 2011/1716 E. , 2011/2049 K.

""İçtihat Metni""MAHKEMESİ : ilgiliCezaMahAdi
DAVA TÜRÜ : davaTuru"
yargitay:762308200,762308200,13. Hukuk Dairesi,2011/1415,2011/1995,2011-02-14,2011,123,"(Kapatılan) 13. Hukuk Dairesi 2011/1415 E. , 2011/1995 K.

""İçtihat Metni""MAHKEMESİ : ilgiliCezaMahAdi
DAVA TÜRÜ : davaTuru"
yargitay:762308300,762308300,13. Hukuk Dairesi,2011/2124,2011/2359,2011-02-18,2011,123,"(Kapatılan) 13. Hukuk Dairesi 2011/2124 E. , 2011/2359 K.

""İçtihat Metni""MAHKEMESİ : ilgiliCezaMahAdi
DAVA TÜRÜ : davaTuru"
yargitay:762308400,762308400,13. Hukuk Dairesi,2011/1412,2011/1994,2011-02-14,2011,123,"(Kapatılan) 13. Hukuk Dairesi 2011/1412 E. , 2011/1994 K.

""İçtihat Metni""MAHKEMESİ : ilgiliCezaMahAdi
DAVA TÜRÜ : davaTuru"
yargitay:762310400,762310400,13. Hukuk Dairesi,2011/1680,2011/2046,2011-02-14,2011,123,"(Kapatılan) 13. Hukuk Dairesi 2011/1680 E. , 2011/2046 K.

""İçtihat Metni""MAHKEMESİ : ilgiliCezaMahAdi
DAVA TÜRÜ : davaTuru"
yargitay:762369000,762369000,13. Hukuk Dairesi,2011/1923,2011/2092,2011-02-14,2011,123,"(Kapatılan) 13. Hukuk Dairesi 2011/1923 E. , 2011/2092 K.

""İçtihat Metni""MAHKEMESİ : ilgiliCezaMahAdi
DAVA TÜRÜ : davaTuru"
yargitay:762381000,762381000,13. Hukuk Dairesi,2011/1925,2011/2093,2011-02-14,2011,123,"(Kapatılan) 13. Hukuk Dairesi 2011/1925 E. , 2011/2093 K.

""İçtihat Metni""MAHKEMESİ : ilgiliCezaMahAdi
DAVA TÜRÜ : davaTuru"
yargitay:762394500,762394500,13. Hukuk Dairesi,2011/2169,2011/2368,2011-02-18,2011,123,"(Kapatılan) 13. Hukuk Dairesi 2011/2169 E. , 2011/2368 K.

""İçtihat Metni""MAHKEMESİ : ilgiliCezaMahAdi
DAVA TÜRÜ : davaTuru"
yargitay:762396300,762396300,13. Hukuk Dairesi,2011/1253,2011/1973,2011-02-14,2011,123,"(Kapatılan) 13. Hukuk Dairesi 2011/1253 E. , 2011/1973 K.

""İçtihat Metni""MAHKEMESİ : ilgiliCezaMahAdi
DAVA TÜRÜ : davaTuru"
yargitay:762401500,762401500,13. Hukuk Dairesi,2011/1874,2011/2075,2011-02-14,2011,123,"(Kapatılan) 13. Hukuk Dairesi 2011/1874 E. , 2011/2075 K.

""İçtihat Metni""MAHKEMESİ : ilgiliCezaMahAdi
DAVA TÜRÜ : davaTuru"
yargitay:762409800,762409800,13. Hukuk Dairesi,2011/1237,2011/1968,2011-02-14,2011,123,"(Kapatılan) 13. Hukuk Dairesi 2011/1237 E. , 2011/1968 K.

""İçtihat Metni""MAHKEMESİ : ilgiliCezaMahAdi
DAVA TÜRÜ : davaTuru"
yargitay:762416500,762416500,13. Hukuk Dairesi,2011/2387,2011/2399,2011-02-18,2011,123,"(Kapatılan) 13. Hukuk Dairesi 2011/2387 E. , 2011/2399 K.

""İçtihat Metni""MAHKEMESİ : ilgiliCezaMahAdi
DAVA TÜRÜ : davaTuru"
yargitay:762439500,762439500,13. Hukuk Dairesi,2011/2170,2011/2369,2011-02-18,2011,123,"(Kapatılan) 13. Hukuk Dairesi 2011/2170 E. , 2011/2369 K.

""İçtihat Metni""MAHKEMESİ : ilgiliCezaMahAdi
DAVA TÜRÜ : davaTuru"
yargitay:762488600,762488600,13. Hukuk Dairesi,2011/1268,2011/1975,2011-02-14,2011,123,"(Kapatılan) 13. Hukuk Dairesi 2011/1268 E. , 2011/1975 K.

""İçtihat Metni""MAHKEMESİ : ilgiliCezaMahAdi
DAVA TÜRÜ : davaTuru"
yargitay:762490800,762490800,13. Hukuk Dairesi,2011/1901,2011/2082,2011-02-14,2011,123,"(Kapatılan) 13. Hukuk Dairesi 2011/1901 E. , 2011/2082 K.

""İçtihat Metni""MAHKEMESİ : ilgiliCezaMahAdi
DAVA TÜRÜ : davaTuru"
yargitay:762491300,762491300,13. Hukuk Dairesi,2011/1861,2011/2072,2011-02-14,2011,123,"(Kapatılan) 13. Hukuk Dairesi 2011/1861 E. , 2011/2072 K.

""İçtihat Metni""MAHKEMESİ : ilgiliCezaMahAdi
DAVA TÜRÜ : davaTuru"
yargitay:762500200,762500200,13. Hukuk Dairesi,2011/1387,2011/1990,2011-02-14,2011,123,"(Kapatılan) 13. Hukuk Dairesi 2011/1387 E. , 2011/1990 K.

""İçtihat Metni""MAHKEMESİ : ilgiliCezaMahAdi
DAVA TÜRÜ : davaTuru"
yargitay:762500800,762500800,13. Hukuk Dairesi,2011/1518,2011/2009,2011-02-14,2011,123,"(Kapatılan) 13. Hukuk Dairesi 2011/1518 E. , 2011/2009 K.

""İçtihat Metni""MAHKEMESİ : ilgiliCezaMahAdi
DAVA TÜRÜ : davaTuru"
yargitay:762541500,762541500,13. Hukuk Dairesi,2011/1775,2011/2058,2011-02-14,2011,123,"(Kapatılan) 13. Hukuk Dairesi 2011/1775 E. , 2011/2058 K.

""İçtihat Metni""MAHKEMESİ : ilgiliCezaMahAdi
DAVA TÜRÜ : davaTuru"
yargitay:762544200,762544200,13. Hukuk Dairesi,2011/2150,2011/2366,2011-02-18,2011,123,"(Kapatılan) 13. Hukuk Dairesi 2011/2150 E. , 2011/2366 K.

""İçtihat Metni""MAHKEMESİ : ilgiliCezaMahAdi
DAVA TÜRÜ : davaTuru"
yargitay:762546000,762546000,13. Hukuk Dairesi,2011/2221,2011/2373,2011-02-18,2011,123,"(Kapatılan) 13. Hukuk Dairesi 2011/2221 E. , 2011/2373 K.

""İçtihat Metni""MAHKEMESİ : ilgiliCezaMahAdi
DAVA TÜRÜ : davaTuru"
yargitay:762546800,762546800,13. Hukuk Dairesi,2011/1221,2011/1965,2011-02-14,2011,123,"(Kapatılan) 13. Hukuk Dairesi 2011/1221 E. , 2011/1965 K.

""İçtihat Metni""MAHKEMESİ : ilgiliCezaMahAdi
DAVA TÜRÜ : davaTuru"
yargitay:762551000,762551000,13. Hukuk Dairesi,2011/2299,2011/2387,2011-02-18,2011,123,"(Kapatılan) 13. Hukuk Dairesi 2011/2299 E. , 2011/2387 K.

""İçtihat Metni""MAHKEMESİ : ilgiliCezaMahAdi
DAVA TÜRÜ : davaTuru"
yargitay:762552900,762552900,13. Hukuk Dairesi,2011/2026,2011/2345,2011-02-18,2011,123,"(Kapatılan) 13. Hukuk Dairesi 2011/2026 E. , 2011/2345 K.

""İçtihat Metni""MAHKEMESİ : ilgiliCezaMahAdi
DAVA TÜRÜ : davaTuru"
yargitay:762553200,762553200,13. Hukuk Dairesi,2011/1670,2011/2042,2011-02-14,2011,123,"(Kapatılan) 13. Hukuk Dairesi 2011/1670 E. , 2011/2042 K.

""İçtihat Metni""MAHKEMESİ : ilgiliCezaMahAdi
DAVA TÜRÜ : davaTuru"
yargitay:762553900,762553900,13. Hukuk Dairesi,2011/1272,2011/1977,2011-02-14,2011,123,"(Kapatılan) 13. Hukuk Dairesi 2011/1272 E. , 2011/1977 K.

""İçtihat Metni""MAHKEMESİ : ilgiliCezaMahAdi
DAVA TÜRÜ : davaTuru"
yargitay:762554900,762554900,13. Hukuk Dairesi,2011/2445,2011/2411,2011-02-18,2011,123,"(Kapatılan) 13. Hukuk Dairesi 2011/2445 E. , 2011/2411 K.

""İçtihat Metni""MAHKEMESİ : ilgiliCezaMahAdi
DAVA TÜRÜ : davaTuru"
yargitay:762556100,762556100,13. Hukuk Dairesi,2011/1341,2011/1987,2011-02-14,2011,123,"(Kapatılan) 13. Hukuk Dairesi 2011/1341 E. , 2011/1987 K.

""İçtihat Metni""MAHKEMESİ : ilgiliCezaMahAdi
DAVA TÜRÜ : davaTuru"
yargitay:762556300,762556300,13. Hukuk Dairesi,2011/1664,2011/2040,2011-02-14,2011,123,"(Kapatılan) 13. Hukuk Dairesi 2011/1664 E. , 2011/2040 K.

""İçtihat Metni""MAHKEMESİ : ilgiliCezaMahAdi
DAVA TÜRÜ : davaTuru"
yargitay:762558400,762558400,13. Hukuk Dairesi,2011/2061,2011/2349,2011-02-18,2011,123,"(Kapatılan) 13. Hukuk Dairesi 2011/2061 E. , 2011/2349 K.

""İçtihat Metni""MAHKEMESİ : ilgiliCezaMahAdi
DAVA TÜRÜ : davaTuru"
yargitay:762560100,762560100,13. Hukuk Dairesi,2011/1915,2011/2087,2011-02-14,2011,123,"(Kapatılan) 13. Hukuk Dairesi 2011/1915 E. , 2011/2087 K.

""İçtihat Metni""MAHKEMESİ : ilgiliCezaMahAdi
DAVA TÜRÜ : davaTuru"
yargitay:762561100,762561100,13. Hukuk Dairesi,2011/1430,2011/1998,2011-02-14,2011,123,"(Kapatılan) 13. Hukuk Dairesi 2011/1430 E. , 2011/1998 K.

""İçtihat Metni""MAHKEMESİ : ilgiliCezaMahAdi
DAVA TÜRÜ : davaTuru"
yargitay:762562300,762562300,13. Hukuk Dairesi,2011/2389,2011/2400,2011-02-18,2011,123,"(Kapatılan) 13. Hukuk Dairesi 2011/2389 E. , 2011/2400 K.

""İçtihat Metni""MAHKEMESİ : ilgiliCezaMahAdi
DAVA TÜRÜ : davaTuru"
yargitay:762562700,762562700,13. Hukuk Dairesi,2011/2064,2011/2351,2011-02-18,2011,123,"(Kapatılan) 13. Hukuk Dairesi 2011/2064 E. , 2011/2351 K.

""İçtihat Metni""MAHKEMESİ : ilgiliCezaMahAdi
DAVA TÜRÜ : davaTuru"
yargitay:762563600,762563600,13. Hukuk Dairesi,2011/1199,2011/1958,2011-02-14,2011,123,"(Kapatılan) 13. Hukuk Dairesi 2011/1199 E. , 2011/1958 K.

""İçtihat Metni""MAHKEMESİ : ilgiliCezaMahAdi
DAVA TÜRÜ : davaTuru"
yargitay:762563800,762563800,13. Hukuk Dairesi,2011/1200,2011/1959,2011-02-14,2011,123,"(Kapatılan) 13. Hukuk Dairesi 2011/1200 E. , 2011/1959 K.

""İçtihat Metni""MAHKEMESİ : ilgiliCezaMahAdi
DAVA TÜRÜ : davaTuru"
yargitay:762565100,762565100,13. Hukuk Dairesi,2011/1201,2011/1960,2011-02-14,2011,123,"(Kapatılan) 13. Hukuk Dairesi 2011/1201 E. , 2011/1960 K.

""İçtihat Metni""MAHKEMESİ : ilgiliCezaMahAdi
DAVA TÜRÜ : davaTuru"
yargitay:762566000,762566000,13. Hukuk Dairesi,2011/1209,2011/1962,2011-02-14,2011,123,"(Kapatılan) 13. Hukuk Dairesi 2011/1209 E. , 2011/1962 K.

""İçtihat Metni""MAHKEMESİ : ilgiliCezaMahAdi
DAVA TÜRÜ : davaTuru"
yargitay:762567300,762567300,13. Hukuk Dairesi,2011/1553,2011/2018,2011-02-14,2011,123,"(Kapatılan) 13. Hukuk Dairesi 2011/1553 E. , 2011/2018 K.

""İçtihat Metni""MAHKEMESİ : ilgiliCezaMahAdi
DAVA TÜRÜ : davaTuru"
yargitay:762581500,762581500,13. Hukuk Dairesi,2011/2141,2011/2362,2011-02-18,2011,123,"(Kapatılan) 13. Hukuk Dairesi 2011/2141 E. , 2011/2362 K.

""İçtihat Metni""MAHKEMESİ : ilgiliCezaMahAdi
DAVA TÜRÜ : davaTuru"
yargitay:762582400,762582400,13. Hukuk Dairesi,2011/2429,2011/2409,2011-02-18,2011,123,"(Kapatılan) 13. Hukuk Dairesi 2011/2429 E. , 2011/2409 K.

""İçtihat Metni""MAHKEMESİ : ilgiliCezaMahAdi
DAVA TÜRÜ : davaTuru"
yargitay:762586600,762586600,13. Hukuk Dairesi,2011/2107,2011/2354,2011-02-18,2011,123,"(Kapatılan) 13. Hukuk Dairesi 2011/2107 E. , 2011/2354 K.

""İçtihat Metni""MAHKEMESİ : ilgiliCezaMahAdi
DAVA TÜRÜ : davaTuru"
yargitay:762588100,762588100,13. Hukuk Dairesi,2011/1824,2011/2063,2011-02-14,2011,123,"(Kapatılan) 13. Hukuk Dairesi 2011/1824 E. , 2011/2063 K.

""İçtihat Metni""MAHKEMESİ : ilgiliCezaMahAdi
DAVA TÜRÜ : davaTuru"
yargitay:762589400,762589400,13. Hukuk Dairesi,2011/1825,2011/2064,2011-02-14,2011,123,"(Kapatılan) 13. Hukuk Dairesi 2011/1825 E. , 2011/2064 K.

""İçtihat Metni""MAHKEMESİ : ilgiliCezaMahAdi
DAVA TÜRÜ : davaTuru"
yargitay:762738400,762738400,13. Hukuk Dairesi,2011/2292,2011/2383,2011-02-18,2011,123,"(Kapatılan) 13. Hukuk Dairesi 2011/2292 E. , 2011/2383 K.

""İçtihat Metni""MAHKEMESİ : ilgiliCezaMahAdi
DAVA TÜRÜ : davaTuru"
yargitay:762738800,762738800,13. Hukuk Dairesi,2011/2415,2011/2405,2011-02-18,2011,123,"(Kapatılan) 13. Hukuk Dairesi 2011/2415 E. , 2011/2405 K.

""İçtihat Metni""MAHKEMESİ : ilgiliCezaMahAdi
DAVA TÜRÜ : davaTuru"
yargitay:762739200,762739200,13. Hukuk Dairesi,2011/1511,2011/2007,2011-02-14,2011,123,"(Kapatılan) 13. Hukuk Dairesi 2011/1511 E. , 2011/2007 K.

""İçtihat Metni""MAHKEMESİ : ilgiliCezaMahAdi
DAVA TÜRÜ : davaTuru"
yargitay:762742100,762742100,13. Hukuk Dairesi,2011/2233,2011/2375,2011-02-18,2011,123,"(Kapatılan) 13. Hukuk Dairesi 2011/2233 E. , 2011/2375 K.

""İçtihat Metni""MAHKEMESİ : ilgiliCezaMahAdi
DAVA TÜRÜ : davaTuru"
yargitay:762742700,762742700,13. Hukuk Dairesi,2011/1290,2011/1979,2011-02-14,2011,123,"(Kapatılan) 13. Hukuk Dairesi 2011/1290 E. , 2011/1979 K.

""İçtihat Metni""MAHKEMESİ : ilgiliCezaMahAdi
DAVA TÜRÜ : davaTuru"
yargitay:762744500,762744500,13. Hukuk Dairesi,2011/1135,2011/1948,2011-02-14,2011,123,"(Kapatılan) 13. Hukuk Dairesi 2011/1135 E. , 2011/1948 K.

""İçtihat Metni""MAHKEMESİ : ilgiliCezaMahAdi
DAVA TÜRÜ : davaTuru"
yargitay:762745600,762745600,13. Hukuk Dairesi,2011/1814,2011/2061,2011-02-14,2011,123,"(Kapatılan) 13. Hukuk Dairesi 2011/1814 E. , 2011/2061 K.

""İçtihat Metni""MAHKEMESİ : ilgiliCezaMahAdi
DAVA TÜRÜ : davaTuru"
yargitay:762747700,762747700,13. Hukuk Dairesi,2011/1667,2011/2041,2011-02-14,2011,123,"(Kapatılan) 13. Hukuk Dairesi 2011/1667 E. , 2011/2041 K.

""İçtihat Metni""MAHKEMESİ : ilgiliCezaMahAdi
DAVA TÜRÜ : davaTuru"
yargitay:762748200,762748200,13. Hukuk Dairesi,2011/2117,2011/2356,2011-02-18,2011,123,"(Kapatılan) 13. Hukuk Dairesi 2011/2117 E. , 2011/2356 K.

""İçtihat Metni""MAHKEMESİ : ilgiliCezaMahAdi
DAVA TÜRÜ : davaTuru"
yargitay:762749700,762749700,13. Hukuk Dairesi,2011/2372,2011/2398,2011-02-18,2011,123,"(Kapatılan) 13. Hukuk Dairesi 2011/2372 E. , 2011/2398 K.

""İçtihat Metni""MAHKEMESİ : ilgiliCezaMahAdi
DAVA TÜRÜ : davaTuru"
yargitay:762754000,762754000,13. Hukuk Dairesi,2011/1968,2011/2333,2011-02-18,2011,123,"(Kapatılan) 13. Hukuk Dairesi 2011/1968 E. , 2011/2333 K.

""İçtihat Metni""MAHKEMESİ : ilgiliCezaMahAdi
DAVA TÜRÜ : davaTuru"
yargitay:762755300,762755300,13. Hukuk Dairesi,2011/1575,2011/2020,2011-02-14,2011,123,"(Kapatılan) 13. Hukuk Dairesi 2011/1575 E. , 2011/2020 K.

""İçtihat Metni""MAHKEMESİ : ilgiliCezaMahAdi
DAVA TÜRÜ : davaTuru"
yargitay:762761800,762761800,13. Hukuk Dairesi,2011/1587,2011/2023,2011-02-14,2011,123,"(Kapatılan) 13. Hukuk Dairesi 2011/1587 E. , 2011/2023 K.

""İçtihat Metni""MAHKEMESİ : ilgiliCezaMahAdi
DAVA TÜRÜ : davaTuru"
yargitay:762773400,762773400,13. Hukuk Dairesi,2011/1612,2011/2025,2011-02-14,2011,123,"(Kapatılan) 13. Hukuk Dairesi 2011/1612 E. , 2011/2025 K.

""İçtihat Metni""MAHKEMESİ : ilgiliCezaMahAdi
DAVA TÜRÜ : davaTuru"
yargitay:762781500,762781500,13. Hukuk Dairesi,2011/2340,2011/2394,2011-02-18,2011,123,"(Kapatılan) 13. Hukuk Dairesi 2011/2340 E. , 2011/2394 K.

""İçtihat Metni""MAHKEMESİ : ilgiliCezaMahAdi
DAVA TÜRÜ : davaTuru"
yargitay:762783900,762783900,13. Hukuk Dairesi,2011/1226,2011/1966,2011-02-14,2011,123,"(Kapatılan) 13. Hukuk Dairesi 2011/1226 E. , 2011/1966 K.

""İçtihat Metni""MAHKEMESİ : ilgiliCezaMahAdi
DAVA TÜRÜ : davaTuru"
yargitay:762784500,762784500,13. Hukuk Dairesi,2011/1538,2011/2014,2011-02-14,2011,123,"(Kapatılan) 13. Hukuk Dairesi 2011/1538 E. , 2011/2014 K.

""İçtihat Metni""MAHKEMESİ : ilgiliCezaMahAdi
DAVA TÜRÜ : davaTuru"
yargitay:762788200,762788200,13. Hukuk Dairesi,2011/1151,2011/1949,2011-02-14,2011,123,"(Kapatılan) 13. Hukuk Dairesi 2011/1151 E. , 2011/1949 K.

""İçtihat Metni""MAHKEMESİ : ilgiliCezaMahAdi
DAVA TÜRÜ : davaTuru"
yargitay:762788800,762788800,13. Hukuk Dairesi,2011/2457,2011/2415,2011-02-18,2011,123,"(Kapatılan) 13. Hukuk Dairesi 2011/2457 E. , 2011/2415 K.

""İçtihat Metni""MAHKEMESİ : ilgiliCezaMahAdi
DAVA TÜRÜ : davaTuru"
yargitay:762789600,762789600,13. Hukuk Dairesi,2011/1842,2011/2069,2011-02-14,2011,123,"(Kapatılan) 13. Hukuk Dairesi 2011/1842 E. , 2011/2069 K.

""İçtihat Metni""MAHKEMESİ : ilgiliCezaMahAdi
DAVA TÜRÜ : davaTuru"
yargitay:762791200,762791200,13. Hukuk Dairesi,2011/2062,2011/2350,2011-02-18,2011,123,"(Kapatılan) 13. Hukuk Dairesi 2011/2062 E. , 2011/2350 K.

""İçtihat Metni""MAHKEMESİ : ilgiliCezaMahAdi
DAVA TÜRÜ : davaTuru"
yargitay:762793000,762793000,13. Hukuk Dairesi,2011/1441,2011/2000,2011-02-14,2011,123,"(Kapatılan) 13. Hukuk Dairesi 2011/1441 E. , 2011/2000 K.

""İçtihat Metni""MAHKEMESİ : ilgiliCezaMahAdi
DAVA TÜRÜ : davaTuru"
yargitay:762794300,762794300,13. Hukuk Dairesi,2011/1902,2011/2083,2011-02-14,2011,123,"(Kapatılan) 13. Hukuk Dairesi 2011/1902 E. , 2011/2083 K.

""İçtihat Metni""MAHKEMESİ : ilgiliCezaMahAdi
DAVA TÜRÜ : davaTuru"
yargitay:762795300,762795300,13. Hukuk Dairesi,2011/1533,2011/2012,2011-02-14,2011,123,"(Kapatılan) 13. Hukuk Dairesi 2011/1533 E. , 2011/2012 K.

""İçtihat Metni""MAHKEMESİ : ilgiliCezaMahAdi
DAVA TÜRÜ : davaTuru"
yargitay:762801900,762801900,13. Hukuk Dairesi,2011/2395,2011/2401,2011-02-18,2011,123,"(Kapatılan) 13. Hukuk Dairesi 2011/2395 E. , 2011/2401 K.

""İçtihat Metni""MAHKEMESİ : ilgiliCezaMahAdi
DAVA TÜRÜ : davaTuru"
yargitay:762839000,762839000,13. Hukuk Dairesi,2011/1647,2011/2035,2011-02-14,2011,123,"(Kapatılan) 13. Hukuk Dairesi 2011/1647 E. , 2011/2035 K.

""İçtihat Metni""MAHKEMESİ : ilgiliCezaMahAdi
DAVA TÜRÜ : davaTuru"
yargitay:762846500,762846500,13. Hukuk Dairesi,2011/1398,2011/1991,2011-02-14,2011,123,"(Kapatılan) 13. Hukuk Dairesi 2011/1398 E. , 2011/1991 K.

""İçtihat Metni""MAHKEMESİ : ilgiliCezaMahAdi
DAVA TÜRÜ : davaTuru"
yargitay:762847100,762847100,13. Hukuk Dairesi,2011/1846,2011/2070,2011-02-14,2011,123,"(Kapatılan) 13. Hukuk Dairesi 2011/1846 E. , 2011/2070 K.

""İçtihat Metni""MAHKEMESİ : ilgiliCezaMahAdi
DAVA TÜRÜ : davaTuru"
yargitay:762851900,762851900,13. Hukuk Dairesi,2011/1996,2011/2339,2011-02-18,2011,123,"(Kapatılan) 13. Hukuk Dairesi 2011/1996 E. , 2011/2339 K.

""İçtihat Metni""MAHKEMESİ : ilgiliCezaMahAdi
DAVA TÜRÜ : davaTuru"
yargitay:762855200,762855200,13. Hukuk Dairesi,2011/1974,2011/2336,2011-02-18,2011,123,"(Kapatılan) 13. Hukuk Dairesi 2011/1974 E. , 2011/2336 K.

""İçtihat Metni""MAHKEMESİ : ilgiliCezaMahAdi
DAVA TÜRÜ : davaTuru"
yargitay:762855600,762855600,13. Hukuk Dairesi,2011/1555,2011/2019,2011-02-14,2011,123,"(Kapatılan) 13. Hukuk Dairesi 2011/1555 E. , 2011/2019 K.

""İçtihat Metni""MAHKEMESİ : ilgiliCezaMahAdi
DAVA TÜRÜ : davaTuru"
yargitay:762856100,762856100,13. Hukuk Dairesi,2011/1624,2011/2029,2011-02-14,2011,123,"(Kapatılan) 13. Hukuk Dairesi 2011/1624 E. , 2011/2029 K.

""İçtihat Metni""MAHKEMESİ : ilgiliCezaMahAdi
DAVA TÜRÜ : davaTuru"
yargitay:762858900,762858900,13. Hukuk Dairesi,2011/1519,2011/2010,2011-02-14,2011,123,"(Kapatılan) 13. Hukuk Dairesi 2011/1519 E. , 2011/2010 K.

""İçtihat Metni""MAHKEMESİ : ilgiliCezaMahAdi
DAVA TÜRÜ : davaTuru"
yargitay:762859400,762859400,13. Hukuk Dairesi,2011/1985,2011/2337,2011-02-18,2011,123,"(Kapatılan) 13. Hukuk Dairesi 2011/1985 E. , 2011/2337 K.

""İçtihat Metni""MAHKEMESİ : ilgiliCezaMahAdi
DAVA TÜRÜ : davaTuru"
yargitay:762862100,762862100,13. Hukuk Dairesi,2011/1240,2011/1969,2011-02-14,2011,123,"(Kapatılan) 13. Hukuk Dairesi 2011/1240 E. , 2011/1969 K.

""İçtihat Metni""MAHKEMESİ : ilgiliCezaMahAdi
DAVA TÜRÜ : davaTuru"
yargitay:762862600,762862600,13. Hukuk Dairesi,2011/2350,2011/2395,2011-02-18,2011,123,"(Kapatılan) 13. Hukuk Dairesi 2011/2350 E. , 2011/2395 K.

""İçtihat Metni""MAHKEMESİ : ilgiliCezaMahAdi
DAVA TÜRÜ : davaTuru"
yargitay:762866600,762866600,13. Hukuk Dairesi,2011/1743,2011/2054,2011-02-14,2011,123,"(Kapatılan) 13. Hukuk Dairesi 2011/1743 E. , 2011/2054 K.

""İçtihat Metni""MAHKEMESİ : ilgiliCezaMahAdi
DAVA TÜRÜ : davaTuru"
yargitay:762906300,762906300,13. Hukuk Dairesi,2011/1322,2011/1985,2011-02-14,2011,123,"(Kapatılan) 13. Hukuk Dairesi 2011/1322 E. , 2011/1985 K.

""İçtihat Metni""MAHKEMESİ : ilgiliCezaMahAdi
DAVA TÜRÜ : davaTuru"
yargitay:762972200,762972200,13. Hukuk Dairesi,2011/1131,2011/1947,2011-02-14,2011,123,"(Kapatılan) 13. Hukuk Dairesi 2011/1131 E. , 2011/1947 K.

""İçtihat Metni""MAHKEMESİ : ilgiliCezaMahAdi
DAVA TÜRÜ : davaTuru"
yargitay:762973500,762973500,13. Hukuk Dairesi,2011/1241,2011/1970,2011-02-14,2011,123,"(Kapatılan) 13. Hukuk Dairesi 2011/1241 E. , 2011/1970 K.

""İçtihat Metni""MAHKEMESİ : ilgiliCezaMahAdi
DAVA TÜRÜ : davaTuru"
yargitay:762974100,762974100,13. Hukuk Dairesi,2011/1405,2011/1993,2011-02-14,2011,123,"(Kapatılan) 13. Hukuk Dairesi 2011/1405 E. , 2011/1993 K.

""İçtihat Metni""MAHKEMESİ : ilgiliCezaMahAdi
DAVA TÜRÜ : davaTuru"
yargitay:762976100,762976100,13. Hukuk Dairesi,2011/1546,2011/2017,2011-02-14,2011,123,"(Kapatılan) 13. Hukuk Dairesi 2011/1546 E. , 2011/2017 K.

""İçtihat Metni""MAHKEMESİ : ilgiliCezaMahAdi
DAVA TÜRÜ : davaTuru"
yargitay:762977100,762977100,13. Hukuk Dairesi,2011/2171,2011/2370,2011-02-18,2011,123,"(Kapatılan) 13. Hukuk Dairesi 2011/2171 E. , 2011/2370 K.

""İçtihat Metni""MAHKEMESİ : ilgiliCezaMahAdi
DAVA TÜRÜ : davaTuru"
yargitay:762979100,762979100,13. Hukuk Dairesi,2011/2121,2011/2357,2011-02-18,2011,123,"(Kapatılan) 13. Hukuk Dairesi 2011/2121 E. , 2011/2357 K.

""İçtihat Metni""MAHKEMESİ : ilgiliCezaMahAdi
DAVA TÜRÜ : davaTuru"
yargitay:762983900,762983900,13. Hukuk Dairesi,2011/1721,2011/2050,2011-02-14,2011,123,"(Kapatılan) 13. Hukuk Dairesi 2011/1721 E. , 2011/2050 K.

""İçtihat Metni""MAHKEMESİ : ilgiliCezaMahAdi
DAVA TÜRÜ : davaTuru"
yargitay:762986300,762986300,13. Hukuk Dairesi,2011/2265,2011/2377,2011-02-18,2011,123,"(Kapatılan) 13. Hukuk Dairesi 2011/2265 E. , 2011/2377 K.

""İçtihat Metni""MAHKEMESİ : ilgiliCezaMahAdi
DAVA TÜRÜ : davaTuru"
yargitay:762991200,762991200,13. Hukuk Dairesi,2011/1740,2011/2052,2011-02-14,2011,123,"(Kapatılan) 13. Hukuk Dairesi 2011/1740 E. , 2011/2052 K.

""İçtihat Metni""MAHKEMESİ : ilgiliCezaMahAdi
DAVA TÜRÜ : davaTuru"
yargitay:762994900,762994900,13. Hukuk Dairesi,2011/1912,2011/2085,2011-02-14,2011,123,"(Kapatılan) 13. Hukuk Dairesi 2011/1912 E. , 2011/2085 K.

""İçtihat Metni""MAHKEMESİ : ilgiliCezaMahAdi
DAVA TÜRÜ : davaTuru"
yargitay:762999400,762999400,13. Hukuk Dairesi,2011/2588,2011/2797,2011-02-25,2011,123,"(Kapatılan) 13. Hukuk Dairesi 2011/2588 E. , 2011/2797 K.

""İçtihat Metni""MAHKEMESİ : ilgiliCezaMahAdi
DAVA TÜRÜ : davaTuru"
yargitay:763003700,763003700,13. Hukuk Dairesi,2011/1876,2011/2076,2011-02-14,2011,123,"(Kapatılan) 13. Hukuk Dairesi 2011/1876 E. , 2011/2076 K.

""İçtihat Metni""MAHKEMESİ : ilgiliCezaMahAdi
DAVA TÜRÜ : davaTuru"
yargitay:763009300,763009300,13. Hukuk Dairesi,2011/1650,2011/2036,2011-02-14,2011,123,"(Kapatılan) 13. Hukuk Dairesi 2011/1650 E. , 2011/2036 K.

""İçtihat Metni""MAHKEMESİ : ilgiliCezaMahAdi
DAVA TÜRÜ : davaTuru"
yargitay:763010400,763010400,13. Hukuk Dairesi,2011/1885,2011/2077,2011-02-14,2011,123,"(Kapatılan) 13. Hukuk Dairesi 2011/1885 E. , 2011/2077 K.

""İçtihat Metni""MAHKEMESİ : ilgiliCezaMahAdi
DAVA TÜRÜ : davaTuru"
yargitay:763016800,763016800,13. Hukuk Dairesi,2011/1839,2011/2067,2011-02-14,2011,123,"(Kapatılan) 13. Hukuk Dairesi 2011/1839 E. , 2011/2067 K.

""İçtihat Metni""MAHKEMESİ : ilgiliCezaMahAdi
DAVA TÜRÜ : davaTuru"
yargitay:763021100,763021100,13. Hukuk Dairesi,2011/1840,2011/2068,2011-02-14,2011,123,"(Kapatılan) 13. Hukuk Dairesi 2011/1840 E. , 2011/2068 K.

""İçtihat Metni""MAHKEMESİ : ilgiliCezaMahAdi
DAVA TÜRÜ : davaTuru"
yargitay:763031600,763031600,13. Hukuk Dairesi,2011/1888,2011/2078,2011-02-14,2011,123,"(Kapatılan) 13. Hukuk Dairesi 2011/1888 E. , 2011/2078 K.

""İçtihat Metni""MAHKEMESİ : ilgiliCezaMahAdi
DAVA TÜRÜ : davaTuru"
yargitay:763042500,763042500,13. Hukuk Dairesi,2011/2166,2011/2367,2011-02-18,2011,123,"(Kapatılan) 13. Hukuk Dairesi 2011/2166 E. , 2011/2367 K.

""İçtihat Metni""MAHKEMESİ : ilgiliCezaMahAdi
DAVA TÜRÜ : davaTuru"
yargitay:763044900,763044900,13. Hukuk Dairesi,2011/1623,2011/2028,2011-02-14,2011,123,"(Kapatılan) 13. Hukuk Dairesi 2011/1623 E. , 2011/2028 K.

""İçtihat Metni""MAHKEMESİ : ilgiliCezaMahAdi
DAVA TÜRÜ : davaTuru"
yargitay:763048200,763048200,13. Hukuk Dairesi,2011/2220,2011/2372,2011-02-18,2011,123,"(Kapatılan) 13. Hukuk Dairesi 2011/2220 E. , 2011/2372 K.

""İçtihat Metni""MAHKEMESİ : ilgiliCezaMahAdi
DAVA TÜRÜ : davaTuru"
yargitay:763049900,763049900,13. Hukuk Dairesi,2011/2322,2011/2390,2011-02-18,2011,123,"(Kapatılan) 13. Hukuk Dairesi 2011/2322 E. , 2011/2390 K.

""İçtihat Metni""MAHKEMESİ : ilgiliCezaMahAdi
DAVA TÜRÜ : davaTuru"
yargitay:763092600,763092600,13. Hukuk Dairesi,2011/1630,2011/2030,2011-02-14,2011,123,"(Kapatılan) 13. Hukuk Dairesi 2011/1630 E. , 2011/2030 K.

""İçtihat Metni""MAHKEMESİ : ilgiliCezaMahAdi
DAVA TÜRÜ : davaTuru"
yargitay:763096500,763096500,13. Hukuk Dairesi,2011/2282,2011/2382,2011-02-18,2011,123,"(Kapatılan) 13. Hukuk Dairesi 2011/2282 E. , 2011/2382 K.

""İçtihat Metni""MAHKEMESİ : ilgiliCezaMahAdi
DAVA TÜRÜ : davaTuru"
yargitay:763098300,763098300,13. Hukuk Dairesi,2011/1904,2011/2084,2011-02-14,2011,123,"(Kapatılan) 13. Hukuk Dairesi 2011/1904 E. , 2011/2084 K.

""İçtihat Metni""MAHKEMESİ : ilgiliCezaMahAdi
DAVA TÜRÜ : davaTuru"
yargitay:763099400,763099400,13. Hukuk Dairesi,2011/2264,2011/2376,2011-02-18,2011,123,"(Kapatılan) 13. Hukuk Dairesi 2011/2264 E. , 2011/2376 K.

""İçtihat Metni""MAHKEMESİ : ilgiliCezaMahAdi
DAVA TÜRÜ : davaTuru"
yargitay:763105300,763105300,13. Hukuk Dairesi,2011/1288,2011/1978,2011-02-14,2011,123,"(Kapatılan) 13. Hukuk Dairesi 2011/1288 E. , 2011/1978 K.

""İçtihat Metni""MAHKEMESİ : ilgiliCezaMahAdi
DAVA TÜRÜ : davaTuru"
yargitay:763110800,763110800,13. Hukuk Dairesi,2011/1312,2011/1982,2011-02-14,2011,123,"(Kapatılan) 13. Hukuk Dairesi 2011/1312 E. , 2011/1982 K.

""İçtihat Metni""MAHKEMESİ : ilgiliCezaMahAdi
DAVA TÜRÜ : davaTuru"
yargitay:763113600,763113600,13. Hukuk Dairesi,2011/2333,2011/2393,2011-02-18,2011,123,"(Kapatılan) 13. Hukuk Dairesi 2011/2333 E. , 2011/2393 K.

""İçtihat Metni""MAHKEMESİ : ilgiliCezaMahAdi
DAVA TÜRÜ : davaTuru"
yargitay:763114800,763114800,13. Hukuk Dairesi,2011/2320,2011/2389,2011-02-18,2011,123,"(Kapatılan) 13. Hukuk Dairesi 2011/2320 E. , 2011/2389 K.

""İçtihat Metni""MAHKEMESİ : ilgiliCezaMahAdi
DAVA TÜRÜ : davaTuru"
yargitay:763115500,763115500,13. Hukuk Dairesi,2011/1539,2011/2015,2011-02-14,2011,123,"(Kapatılan) 13. Hukuk Dairesi 2011/1539 E. , 2011/2015 K.

""İçtihat Metni""MAHKEMESİ : ilgiliCezaMahAdi
DAVA TÜRÜ : davaTuru"
yargitay:763122600,763122600,13. Hukuk Dairesi,2011/1163,2011/1951,2011-02-14,2011,123,"(Kapatılan) 13. Hukuk Dairesi 2011/1163 E. , 2011/1951 K.

""İçtihat Metni""MAHKEMESİ : ilgiliCezaMahAdi
DAVA TÜRÜ : davaTuru"
yargitay:763123400,763123400,13. Hukuk Dairesi,2011/2016,2011/2343,2011-02-18,2011,123,"(Kapatılan) 13. Hukuk Dairesi 2011/2016 E. , 2011/2343 K.

""İçtihat Metni""MAHKEMESİ : ilgiliCezaMahAdi
DAVA TÜRÜ : davaTuru"
yargitay:763125200,763125200,13. Hukuk Dairesi,2011/1521,2011/2011,2011-02-14,2011,123,"(Kapatılan) 13. Hukuk Dairesi 2011/1521 E. , 2011/2011 K.

""İçtihat Metni""MAHKEMESİ : ilgiliCezaMahAdi
DAVA TÜRÜ : davaTuru"
yargitay:763214200,763214200,13. Hukuk Dairesi,2011/1890,2011/2080,2011-02-14,2011,123,"(Kapatılan) 13. Hukuk Dairesi 2011/1890 E. , 2011/2080 K.

""İçtihat Metni""MAHKEMESİ : ilgiliCezaMahAdi
DAVA TÜRÜ : davaTuru"
yargitay:763216000,763216000,13. Hukuk Dairesi,2011/1894,2011/2081,2011-02-14,2011,123,"(Kapatılan) 13. Hukuk Dairesi 2011/1894 E. , 2011/2081 K.

""İçtihat Metni""MAHKEMESİ : ilgiliCezaMahAdi
DAVA TÜRÜ : davaTuru"
yargitay:763218700,763218700,13. Hukuk Dairesi,2011/1227,2011/1967,2011-02-14,2011,123,"(Kapatılan) 13. Hukuk Dairesi 2011/1227 E. , 2011/1967 K.

""İçtihat Metni""MAHKEMESİ : ilgiliCezaMahAdi
DAVA TÜRÜ : davaTuru"
yargitay:763219500,763219500,13. Hukuk Dairesi,2011/1160,2011/1950,2011-02-14,2011,123,"(Kapatılan) 13. Hukuk Dairesi 2011/1160 E. , 2011/1950 K.

""İçtihat Metni""MAHKEMESİ : ilgiliCezaMahAdi
DAVA TÜRÜ : davaTuru"
yargitay:763220000,763220000,13. Hukuk Dairesi,2011/1310,2011/1981,2011-02-14,2011,123,"(Kapatılan) 13. Hukuk Dairesi 2011/1310 E. , 2011/1981 K.

""İçtihat Metni""MAHKEMESİ : ilgiliCezaMahAdi
DAVA TÜRÜ : davaTuru"
yargitay:763227700,763227700,13. Hukuk Dairesi,2011/1544,2011/2016,2011-02-14,2011,123,"(Kapatılan) 13. Hukuk Dairesi 2011/1544 E. , 2011/2016 K.

""İçtihat Metni""MAHKEMESİ : ilgiliCezaMahAdi
DAVA TÜRÜ : davaTuru"
yargitay:763229500,763229500,13. Hukuk Dairesi,2011/1998,2011/2340,2011-02-18,2011,123,"(Kapatılan) 13. Hukuk Dairesi 2011/1998 E. , 2011/2340 K.

""İçtihat Metni""MAHKEMESİ : ilgiliCezaMahAdi
DAVA TÜRÜ : davaTuru"
yargitay:763230900,763230900,13. Hukuk Dairesi,2011/1513,2011/2008,2011-02-14,2011,123,"(Kapatılan) 13. Hukuk Dairesi 2011/1513 E. , 2011/2008 K.

""İçtihat Metni""MAHKEMESİ : ilgiliCezaMahAdi
DAVA TÜRÜ : davaTuru"
yargitay:763234300,763234300,13. Hukuk Dairesi,2011/2065,2011/2331,2011-02-18,2011,123,"(Kapatılan) 13. Hukuk Dairesi 2011/2065 E. , 2011/2331 K.

""İçtihat Metni""MAHKEMESİ : ilgiliCezaMahAdi
DAVA TÜRÜ : davaTuru"
yargitay:763234800,763234800,13. Hukuk Dairesi,2011/1632,2011/2031,2011-02-14,2011,123,"(Kapatılan) 13. Hukuk Dairesi 2011/1632 E. , 2011/2031 K.

""İçtihat Metni""MAHKEMESİ : ilgiliCezaMahAdi
DAVA TÜRÜ : davaTuru"
yargitay:763235400,763235400,13. Hukuk Dairesi,2011/1686,2011/2047,2011-02-14,2011,123,"(Kapatılan) 13. Hukuk Dairesi 2011/1686 E. , 2011/2047 K.

""İçtihat Metni""MAHKEMESİ : ilgiliCezaMahAdi
DAVA TÜRÜ : davaTuru"
yargitay:763240000,763240000,13. Hukuk Dairesi,2011/1535,2011/2013,2011-02-14,2011,123,"(Kapatılan) 13. Hukuk Dairesi 2011/1535 E. , 2011/2013 K.

""İçtihat Metni""MAHKEMESİ : ilgiliCezaMahAdi
DAVA TÜRÜ : davaTuru"
yargitay:763242200,763242200,13. Hukuk Dairesi,2011/1692,2011/2048,2011-02-14,2011,123,"(Kapatılan) 13. Hukuk Dairesi 2011/1692 E. , 2011/2048 K.

""İçtihat Metni""MAHKEMESİ : ilgiliCezaMahAdi
DAVA TÜRÜ : davaTuru"
yargitay:763243900,763243900,13. Hukuk Dairesi,2011/1749,2011/2055,2011-02-14,2011,123,"(Kapatılan) 13. Hukuk Dairesi 2011/1749 E. , 2011/2055 K.

""İçtihat Metni""MAHKEMESİ : ilgiliCezaMahAdi
DAVA TÜRÜ : davaTuru"
yargitay:763244500,763244500,13. Hukuk Dairesi,2011/2012,2011/2342,2011-02-18,2011,123,"(Kapatılan) 13. Hukuk Dairesi 2011/2012 E. , 2011/2342 K.

""İçtihat Metni""MAHKEMESİ : ilgiliCezaMahAdi
DAVA TÜRÜ : davaTuru"
yargitay:763245100,763245100,13. Hukuk Dairesi,2011/2452,2011/2413,2011-02-18,2011,123,"(Kapatılan) 13. Hukuk Dairesi 2011/2452 E. , 2011/2413 K.

""İçtihat Metni""MAHKEMESİ : ilgiliCezaMahAdi
DAVA TÜRÜ : davaTuru"
yargitay:763245400,763245400,13. Hukuk Dairesi,2011/1889,2011/2079,2011-02-14,2011,123,"(Kapatılan) 13. Hukuk Dairesi 2011/1889 E. , 2011/2079 K.

""İçtihat Metni""MAHKEMESİ : ilgiliCezaMahAdi
DAVA TÜRÜ : davaTuru"
yargitay:763253600,763253600,13. Hukuk Dairesi,2011/1838,2011/2066,2011-02-14,2011,123,"(Kapatılan) 13. Hukuk Dairesi 2011/1838 E. , 2011/2066 K.

""İçtihat Metni""MAHKEMESİ : ilgiliCezaMahAdi
DAVA TÜRÜ : davaTuru"
yargitay:763255400,763255400,13. Hukuk Dairesi,2011/1830,2011/2065,2011-02-14,2011,123,"(Kapatılan) 13. Hukuk Dairesi 2011/1830 E. , 2011/2065 K.

""İçtihat Metni""MAHKEMESİ : ilgiliCezaMahAdi
DAVA TÜRÜ : davaTuru"
yargitay:763256100,763256100,13. Hukuk Dairesi,2011/1205,2011/1961,2011-02-14,2011,123,"(Kapatılan) 13. Hukuk Dairesi 2011/1205 E. , 2011/1961 K.

""İçtihat Metni""MAHKEMESİ : ilgiliCezaMahAdi
DAVA TÜRÜ : davaTuru"
yargitay:763265500,763265500,13. Hukuk Dairesi,2011/2222,2011/2374,2011-02-18,2011,123,"(Kapatılan) 13. Hukuk Dairesi 2011/2222 E. , 2011/2374 K.

""İçtihat Metni""MAHKEMESİ : ilgiliCezaMahAdi
DAVA TÜRÜ : davaTuru"
yargitay:763266900,763266900,13. Hukuk Dairesi,2011/1993,2011/2338,2011-02-18,2011,123,"(Kapatılan) 13. Hukuk Dairesi 2011/1993 E. , 2011/2338 K.

""İçtihat Metni""MAHKEMESİ : ilgiliCezaMahAdi
DAVA TÜRÜ : davaTuru"
yargitay:763269900,763269900,13. Hukuk Dairesi,2011/1458,2011/2002,2011-02-14,2011,123,"(Kapatılan) 13. Hukuk Dairesi 2011/1458 E. , 2011/2002 K.

""İçtihat Metni""MAHKEMESİ : ilgiliCezaMahAdi
DAVA TÜRÜ : davaTuru"
yargitay:763270800,763270800,13. Hukuk Dairesi,2011/1590,2011/2024,2011-02-14,2011,123,"(Kapatılan) 13. Hukuk Dairesi 2011/1590 E. , 2011/2024 K.

""İçtihat Metni""MAHKEMESİ : ilgiliCezaMahAdi
DAVA TÜRÜ : davaTuru"
yargitay:763272100,763272100,13. Hukuk Dairesi,2011/2146,2011/2364,2011-02-18,2011,123,"(Kapatılan) 13. Hukuk Dairesi 2011/2146 E. , 2011/2364 K.

""İçtihat Metni""MAHKEMESİ : ilgiliCezaMahAdi
DAVA TÜRÜ : davaTuru"
yargitay:763273100,763273100,13. Hukuk Dairesi,2011/1914,2011/2086,2011-02-14,2011,123,"(Kapatılan) 13. Hukuk Dairesi 2011/1914 E. , 2011/2086 K.

""İçtihat Metni""MAHKEMESİ : ilgiliCezaMahAdi
DAVA TÜRÜ : davaTuru"
yargitay:763274000,763274000,13. Hukuk Dairesi,2011/1973,2011/2335,2011-02-18,2011,123,"(Kapatılan) 13. Hukuk Dairesi 2011/1973 E. , 2011/2335 K.

""İçtihat Metni""MAHKEMESİ : ilgiliCezaMahAdi
DAVA TÜRÜ : davaTuru"
yargitay:763275600,763275600,13. Hukuk Dairesi,2011/2414,2011/2404,2011-02-18,2011,123,"(Kapatılan) 13. Hukuk Dairesi 2011/2414 E. , 2011/2404 K.

""İçtihat Metni""MAHKEMESİ : ilgiliCezaMahAdi
DAVA TÜRÜ : davaTuru"
yargitay:763276400,763276400,13. Hukuk Dairesi,2011/1168,2011/1953,2011-02-14,2011,123,"(Kapatılan) 13. Hukuk Dairesi 2011/1168 E. , 2011/1953 K.

""İçtihat Metni""MAHKEMESİ : ilgiliCezaMahAdi
DAVA TÜRÜ : davaTuru"
yargitay:763276900,763276900,13. Hukuk Dairesi,2011/1645,2011/2034,2011-02-14,2011,123,"(Kapatılan) 13. Hukuk Dairesi 2011/1645 E. , 2011/2034 K.

""İçtihat Metni""MAHKEMESİ : ilgiliCezaMahAdi
DAVA TÜRÜ : davaTuru"
yargitay:763277900,763277900,13. Hukuk Dairesi,2011/2077,2011/2352,2011-02-18,2011,123,"(Kapatılan) 13. Hukuk Dairesi 2011/2077 E. , 2011/2352 K.

""İçtihat Metni""MAHKEMESİ : ilgiliCezaMahAdi
DAVA TÜRÜ : davaTuru"
yargitay:763280600,763280600,13. Hukuk Dairesi,2011/1481,2011/2004,2011-02-14,2011,123,"(Kapatılan) 13. Hukuk Dairesi 2011/1481 E. , 2011/2004 K.

""İçtihat Metni""MAHKEMESİ : ilgiliCezaMahAdi
DAVA TÜRÜ : davaTuru"
yargitay:763281100,763281100,13. Hukuk Dairesi,2011/2275,2011/2380,2011-02-18,2011,123,"(Kapatılan) 13. Hukuk Dairesi 2011/2275 E. , 2011/2380 K.

""İçtihat Metni""MAHKEMESİ : ilgiliCezaMahAdi
DAVA TÜRÜ : davaTuru"
yargitay:763281500,763281500,13. Hukuk Dairesi,2011/2266,2011/2378,2011-02-18,2011,123,"(Kapatılan) 13. Hukuk Dairesi 2011/2266 E. , 2011/2378 K.

""İçtihat Metni""MAHKEMESİ : ilgiliCezaMahAdi
DAVA TÜRÜ : davaTuru"
yargitay:763283000,763283000,13. Hukuk Dairesi,2011/1489,2011/2005,2011-02-14,2011,123,"(Kapatılan) 13. Hukuk Dairesi 2011/1489 E. , 2011/2005 K.

""İçtihat Metni""MAHKEMESİ : ilgiliCezaMahAdi
DAVA TÜRÜ : davaTuru"
yargitay:763283300,763283300,13. Hukuk Dairesi,2011/1653,2011/2037,2011-02-14,2011,123,"(Kapatılan) 13. Hukuk Dairesi 2011/1653 E. , 2011/2037 K.

""İçtihat Metni""MAHKEMESİ : ilgiliCezaMahAdi
DAVA TÜRÜ : davaTuru"
yargitay:763284000,763284000,13. Hukuk Dairesi,2011/1661,2011/2039,2011-02-14,2011,123,"(Kapatılan) 13. Hukuk Dairesi 2011/1661 E. , 2011/2039 K.

""İçtihat Metni""MAHKEMESİ : ilgiliCezaMahAdi
DAVA TÜRÜ : davaTuru"
yargitay:763284600,763284600,13. Hukuk Dairesi,2011/2464,2011/2418,2011-02-18,2011,123,"(Kapatılan) 13. Hukuk Dairesi 2011/2464 E. , 2011/2418 K.

""İçtihat Metni""MAHKEMESİ : ilgiliCezaMahAdi
DAVA TÜRÜ : davaTuru"
yargitay:763285700,763285700,13. Hukuk Dairesi,2011/1819,2011/2062,2011-02-14,2011,123,"(Kapatılan) 13. Hukuk Dairesi 2011/1819 E. , 2011/2062 K.

""İçtihat Metni""MAHKEMESİ : ilgiliCezaMahAdi
DAVA TÜRÜ : davaTuru"
yargitay:763286000,763286000,13. Hukuk Dairesi,2011/2041,2011/2347,2011-02-18,2011,123,"(Kapatılan) 13. Hukuk Dairesi 2011/2041 E. , 2011/2347 K.

""İçtihat Metni""MAHKEMESİ : ilgiliCezaMahAdi
DAVA TÜRÜ : davaTuru"
yargitay:763286600,763286600,13. Hukuk Dairesi,2011/2324,2011/2391,2011-02-18,2011,123,"(Kapatılan) 13. Hukuk Dairesi 2011/2324 E. , 2011/2391 K.

""İçtihat Metni""MAHKEMESİ : ilgiliCezaMahAdi
DAVA TÜRÜ : davaTuru"
yargitay:763286900,763286900,13. Hukuk Dairesi,2011/1810,2011/2059,2011-02-14,2011,123,"(Kapatılan) 13. Hukuk Dairesi 2011/1810 E. , 2011/2059 K.

""İçtihat Metni""MAHKEMESİ : ilgiliCezaMahAdi
DAVA TÜRÜ : davaTuru"
yargitay:763297000,763297000,13. Hukuk Dairesi,2011/2426,2011/2408,2011-02-18,2011,123,"(Kapatılan) 13. Hukuk Dairesi 2011/2426 E. , 2011/2408 K.

""İçtihat Metni""MAHKEMESİ : ilgiliCezaMahAdi
DAVA TÜRÜ : davaTuru"
yargitay:763298900,763298900,13. Hukuk Dairesi,2011/2420,2011/2407,2011-02-18,2011,123,"(Kapatılan) 13. Hukuk Dairesi 2011/2420 E. , 2011/2407 K.

""İçtihat Metni""MAHKEMESİ : ilgiliCezaMahAdi
DAVA TÜRÜ : davaTuru"
yargitay:763299500,763299500,13. Hukuk Dairesi,2011/1188,2011/1955,2011-02-14,2011,123,"(Kapatılan) 13. Hukuk Dairesi 2011/1188 E. , 2011/1955 K.

""İçtihat Metni""MAHKEMESİ : ilgiliCezaMahAdi
DAVA TÜRÜ : davaTuru"
yargitay:763300000,763300000,13. Hukuk Dairesi,2011/1218,2011/1964,2011-02-14,2011,123,"(Kapatılan) 13. Hukuk Dairesi 2011/1218 E. , 2011/1964 K.

""İçtihat Metni""MAHKEMESİ : ilgiliCezaMahAdi
DAVA TÜRÜ : davaTuru"
yargitay:763300400,763300400,13. Hukuk Dairesi,2011/1164,2011/1952,2011-02-14,2011,123,"(Kapatılan) 13. Hukuk Dairesi 2011/1164 E. , 2011/1952 K.

""İçtihat Metni""MAHKEMESİ : ilgiliCezaMahAdi
DAVA TÜRÜ : davaTuru"
yargitay:763300900,763300900,13. Hukuk Dairesi,2011/2049,2011/2348,2011-02-18,2011,123,"(Kapatılan) 13. Hukuk Dairesi 2011/2049 E. , 2011/2348 K.

""İçtihat Metni""MAHKEMESİ : ilgiliCezaMahAdi
DAVA TÜRÜ : davaTuru"
yargitay:763301600,763301600,13. Hukuk Dairesi,2011/1302,2011/1980,2011-02-14,2011,123,"(Kapatılan) 13. Hukuk Dairesi 2011/1302 E. , 2011/1980 K.

""İçtihat Metni""MAHKEMESİ : ilgiliCezaMahAdi
DAVA TÜRÜ : davaTuru"
yargitay:763302000,763302000,13. Hukuk Dairesi,2011/2329,2011/2392,2011-02-18,2011,123,"(Kapatılan) 13. Hukuk Dairesi 2011/2329 E. , 2011/2392 K.

""İçtihat Metni""MAHKEMESİ : ilgiliCezaMahAdi
DAVA TÜRÜ : davaTuru"
yargitay:763302400,763302400,13. Hukuk Dairesi,2011/2461,2011/2416,2011-02-18,2011,123,"(Kapatılan) 13. Hukuk Dairesi 2011/2461 E. , 2011/2416 K.

""İçtihat Metni""MAHKEMESİ : ilgiliCezaMahAdi
DAVA TÜRÜ : davaTuru"
yargitay:763303400,763303400,13. Hukuk Dairesi,2011/1269,2011/1976,2011-02-14,2011,123,"(Kapatılan) 13. Hukuk Dairesi 2011/1269 E. , 2011/1976 K.

""İçtihat Metni""MAHKEMESİ : ilgiliCezaMahAdi
DAVA TÜRÜ : davaTuru"
yargitay:763303800,763303800,13. Hukuk Dairesi,2011/1579,2011/2021,2011-02-14,2011,123,"(Kapatılan) 13. Hukuk Dairesi 2011/1579 E. , 2011/2021 K.

""İçtihat Metni""MAHKEMESİ : ilgiliCezaMahAdi
DAVA TÜRÜ : davaTuru"
yargitay:763304200,763304200,13. Hukuk Dairesi,2011/2413,2011/2403,2011-02-18,2011,123,"(Kapatılan) 13. Hukuk Dairesi 2011/2413 E. , 2011/2403 K.

""İçtihat Metni""MAHKEMESİ : ilgiliCezaMahAdi
DAVA TÜRÜ : davaTuru"
yargitay:763304600,763304600,13. Hukuk Dairesi,2011/2106,2011/2353,2011-02-18,2011,123,"(Kapatılan) 13. Hukuk Dairesi 2011/2106 E. , 2011/2353 K.

""İçtihat Metni""MAHKEMESİ : ilgiliCezaMahAdi
DAVA TÜRÜ : davaTuru"
yargitay:763305100,763305100,13. Hukuk Dairesi,2011/1197,2011/1957,2011-02-14,2011,123,"(Kapatılan) 13. Hukuk Dairesi 2011/1197 E. , 2011/1957 K.

""İçtihat Metni""MAHKEMESİ : ilgiliCezaMahAdi
DAVA TÜRÜ : davaTuru"
yargitay:763305400,763305400,13. Hukuk Dairesi,2011/1619,2011/2026,2011-02-14,2011,123,"(Kapatılan) 13. Hukuk Dairesi 2011/1619 E. , 2011/2026 K.

""İçtihat Metni""MAHKEMESİ : ilgiliCezaMahAdi
DAVA TÜRÜ : davaTuru"
yargitay:763305800,763305800,13. Hukuk Dairesi,2011/2123,2011/2358,2011-02-18,2011,123,"(Kapatılan) 13. Hukuk Dairesi 2011/2123 E. , 2011/2358 K.

""İçtihat Metni""MAHKEMESİ : ilgiliCezaMahAdi
DAVA TÜRÜ : davaTuru"
yargitay:763306900,763306900,13. Hukuk Dairesi,2011/2357,2011/2396,2011-02-18,2011,123,"(Kapatılan) 13. Hukuk Dairesi 2011/2357 E. , 2011/2396 K.

""İçtihat Metni""MAHKEMESİ : ilgiliCezaMahAdi
DAVA TÜRÜ : davaTuru"
yargitay:763307200,763307200,13. Hukuk Dairesi,2011/1095,2011/1943,2011-02-14,2011,123,"(Kapatılan) 13. Hukuk Dairesi 2011/1095 E. , 2011/1943 K.

""İçtihat Metni""MAHKEMESİ : ilgiliCezaMahAdi
DAVA TÜRÜ : davaTuru"
yargitay:763307800,763307800,13. Hukuk Dairesi,2011/1429,2011/1997,2011-02-14,2011,123,"(Kapatılan) 13. Hukuk Dairesi 2011/1429 E. , 2011/1997 K.

""İçtihat Metni""MAHKEMESİ : ilgiliCezaMahAdi
DAVA TÜRÜ : davaTuru"
yargitay:763308400,763308400,13. Hukuk Dairesi,2011/1376,2011/1989,2011-02-14,2011,123,"(Kapatılan) 13. Hukuk Dairesi 2011/1376 E. , 2011/1989 K.

""İçtihat Metni""MAHKEMESİ : ilgiliCezaMahAdi
DAVA TÜRÜ : davaTuru"
yargitay:763308700,763308700,13. Hukuk Dairesi,2011/1582,2011/2022,2011-02-14,2011,123,"(Kapatılan) 13. Hukuk Dairesi 2011/1582 E. , 2011/2022 K.

""İçtihat Metni""MAHKEMESİ : ilgiliCezaMahAdi
DAVA TÜRÜ : davaTuru"
yargitay:763312300,763312300,13. Hukuk Dairesi,2011/1442,2011/2001,2011-02-14,2011,123,"(Kapatılan) 13. Hukuk Dairesi 2011/1442 E. , 2011/2001 K.

""İçtihat Metni""MAHKEMESİ : ilgiliCezaMahAdi
DAVA TÜRÜ : davaTuru"
yargitay:763313100,763313100,13. Hukuk Dairesi,2011/2453,2011/2414,2011-02-18,2011,123,"(Kapatılan) 13. Hukuk Dairesi 2011/2453 E. , 2011/2414 K.

""İçtihat Metni""MAHKEMESİ : ilgiliCezaMahAdi
DAVA TÜRÜ : davaTuru"
yargitay:763314700,763314700,13. Hukuk Dairesi,2011/1182,2011/1954,2011-02-14,2011,123,"(Kapatılan) 13. Hukuk Dairesi 2011/1182 E. , 2011/1954 K.

""İçtihat Metni""MAHKEMESİ : ilgiliCezaMahAdi
DAVA TÜRÜ : davaTuru"
yargitay:763314900,763314900,13. Hukuk Dairesi,2011/1999,2011/2341,2011-02-18,2011,123,"(Kapatılan) 13. Hukuk Dairesi 2011/1999 E. , 2011/2341 K.

""İçtihat Metni""MAHKEMESİ : ilgiliCezaMahAdi
DAVA TÜRÜ : davaTuru"
yargitay:763315600,763315600,13. Hukuk Dairesi,2011/2430,2011/2410,2011-02-18,2011,123,"(Kapatılan) 13. Hukuk Dairesi 2011/2430 E. , 2011/2410 K.

""İçtihat Metni""MAHKEMESİ : ilgiliCezaMahAdi
DAVA TÜRÜ : davaTuru"
yargitay:763318100,763318100,13. Hukuk Dairesi,2011/2135,2011/2361,2011-02-18,2011,123,"(Kapatılan) 13. Hukuk Dairesi 2011/2135 E. , 2011/2361 K.

""İçtihat Metni""MAHKEMESİ : ilgiliCezaMahAdi
DAVA TÜRÜ : davaTuru"
yargitay:763318900,763318900,13. Hukuk Dairesi,2011/1251,2011/1971,2011-02-14,2011,123,"(Kapatılan) 13. Hukuk Dairesi 2011/1251 E. , 2011/1971 K.

""İçtihat Metni""MAHKEMESİ : ilgiliCezaMahAdi
DAVA TÜRÜ : davaTuru"
yargitay:763319700,763319700,13. Hukuk Dairesi,2011/1621,2011/2027,2011-02-14,2011,123,"(Kapatılan) 13. Hukuk Dairesi 2011/1621 E. , 2011/2027 K.

""İçtihat Metni""MAHKEMESİ : ilgiliCezaMahAdi
DAVA TÜRÜ : davaTuru"
yargitay:763320600,763320600,13. Hukuk Dairesi,2011/2127,2011/2360,2011-02-18,2011,123,"(Kapatılan) 13. Hukuk Dairesi 2011/2127 E. , 2011/2360 K.

""İçtihat Metni""MAHKEMESİ : ilgiliCezaMahAdi
DAVA TÜRÜ : davaTuru"
yargitay:763321200,763321200,13. Hukuk Dairesi,2011/1751,2011/2056,2011-02-14,2011,123,"(Kapatılan) 13. Hukuk Dairesi 2011/1751 E. , 2011/2056 K.

""İçtihat Metni""MAHKEMESİ : ilgiliCezaMahAdi
DAVA TÜRÜ : davaTuru"
yargitay:763321300,763321300,13. Hukuk Dairesi,2011/1496,2011/2006,2011-02-14,2011,123,"(Kapatılan) 13. Hukuk Dairesi 2011/1496 E. , 2011/2006 K.

""İçtihat Metni""MAHKEMESİ : ilgiliCezaMahAdi
DAVA TÜRÜ : davaTuru"
yargitay:763321700,763321700,13. Hukuk Dairesi,2011/2147,2011/2365,2011-02-18,2011,123,"(Kapatılan) 13. Hukuk Dairesi 2011/2147 E. , 2011/2365 K.

""İçtihat Metni""MAHKEMESİ : ilgiliCezaMahAdi
DAVA TÜRÜ : davaTuru"
yargitay:763321900,763321900,13. Hukuk Dairesi,2011/2036,2011/2346,2011-02-18,2011,123,"(Kapatılan) 13. Hukuk Dairesi 2011/2036 E. , 2011/2346 K.

""İçtihat Metni""MAHKEMESİ : ilgiliCezaMahAdi
DAVA TÜRÜ : davaTuru"
yargitay:763322400,763322400,13. Hukuk Dairesi,2011/1636,2011/2032,2011-02-14,2011,123,"(Kapatılan) 13. Hukuk Dairesi 2011/1636 E. , 2011/2032 K.

""İçtihat Metni""MAHKEMESİ : ilgiliCezaMahAdi
DAVA TÜRÜ : davaTuru"
yargitay:763323900,763323900,13. Hukuk Dairesi,2011/1672,2011/2044,2011-02-14,2011,123,"(Kapatılan) 13. Hukuk Dairesi 2011/1672 E. , 2011/2044 K.

""İçtihat Metni""MAHKEMESİ : ilgiliCezaMahAdi
DAVA TÜRÜ : davaTuru"
yargitay:763324300,763324300,13. Hukuk Dairesi,2011/2448,2011/2412,2011-02-18,2011,123,"(Kapatılan) 13. Hukuk Dairesi 2011/2448 E. , 2011/2412 K.

""İçtihat Metni""MAHKEMESİ : ilgiliCezaMahAdi
DAVA TÜRÜ : davaTuru"
yargitay:763324700,763324700,13. Hukuk Dairesi,2011/1870,2011/2073,2011-02-14,2011,123,"(Kapatılan) 13. Hukuk Dairesi 2011/1870 E. , 2011/2073 K.

""İçtihat Metni""MAHKEMESİ : ilgiliCezaMahAdi
DAVA TÜRÜ : davaTuru"
yargitay:763325300,763325300,13. Hukuk Dairesi,2011/1756,2011/2057,2011-02-14,2011,123,"(Kapatılan) 13. Hukuk Dairesi 2011/1756 E. , 2011/2057 K.

""İçtihat Metni""MAHKEMESİ : ilgiliCezaMahAdi
DAVA TÜRÜ : davaTuru"
yargitay:763325800,763325800,13. Hukuk Dairesi,2011/2412,2011/2402,2011-02-18,2011,123,"(Kapatılan) 13. Hukuk Dairesi 2011/2412 E. , 2011/2402 K.

""İçtihat Metni""MAHKEMESİ : ilgiliCezaMahAdi
DAVA TÜRÜ : davaTuru"
yargitay:763331400,763331400,13. Hukuk Dairesi,2011/1434,2011/1999,2011-02-14,2011,123,"(Kapatılan) 13. Hukuk Dairesi 2011/1434 E. , 2011/1999 K.

""İçtihat Metni""MAHKEMESİ : ilgiliCezaMahAdi
DAVA TÜRÜ : davaTuru"
yargitay:763331800,763331800,13. Hukuk Dairesi,2011/1642,2011/2033,2011-02-14,2011,123,"(Kapatılan) 13. Hukuk Dairesi 2011/1642 E. , 2011/2033 K.

""İçtihat Metni""MAHKEMESİ : ilgiliCezaMahAdi
DAVA TÜRÜ : davaTuru"
yargitay:763332200,763332200,13. Hukuk Dairesi,2011/1952,2011/2332,2011-02-18,2011,123,"(Kapatılan) 13. Hukuk Dairesi 2011/1952 E. , 2011/2332 K.

""İçtihat Metni""MAHKEMESİ : ilgiliCezaMahAdi
DAVA TÜRÜ : davaTuru"
yargitay:770193400,770193400,13. Hukuk Dairesi,2009/16065,2010/282,2010-01-20,2010,123,"(Kapatılan) 13. Hukuk Dairesi 2009/16065 E. , 2010/282 K.

""İçtihat Metni""MAHKEMESİ : ilgiliCezaMahAdi
DAVA TÜRÜ : davaTuru"
yargitay:770193800,770193800,13. Hukuk Dairesi,2009/16090,2010/289,2010-01-20,2010,123,"(Kapatılan) 13. Hukuk Dairesi 2009/16090 E. , 2010/289 K.

""İçtihat Metni""MAHKEMESİ : ilgiliCezaMahAdi
DAVA TÜRÜ : davaTuru"
yargitay:770194400,770194400,13. Hukuk Dairesi,2009/16101,2010/295,2010-01-20,2010,123,"(Kapatılan) 13. Hukuk Dairesi 2009/16101 E. , 2010/295 K.

""İçtihat Metni""MAHKEMESİ : ilgiliCezaMahAdi
DAVA TÜRÜ : davaTuru"
yargitay:770194600,770194600,13. Hukuk Dairesi,2009/16226,2010/320,2010-01-20,2010,123,"(Kapatılan) 13. Hukuk Dairesi 2009/16226 E. , 2010/320 K.

""İçtihat Metni""MAHKEMESİ : ilgiliCezaMahAdi
DAVA TÜRÜ : davaTuru"
yargitay:770195200,770195200,13. Hukuk Dairesi,2009/16216,2010/318,2010-01-20,2010,123,"(Kapatılan) 13. Hukuk Dairesi 2009/16216 E. , 2010/318 K.

""İçtihat Metni""MAHKEMESİ : ilgiliCezaMahAdi
DAVA TÜRÜ : davaTuru"
yargitay:770195500,770195500,13. Hukuk Dairesi,2009/16160,2010/308,2010-01-20,2010,123,"(Kapatılan) 13. Hukuk Dairesi 2009/16160 E. , 2010/308 K.

""İçtihat Metni""MAHKEMESİ : ilgiliCezaMahAdi
DAVA TÜRÜ : davaTuru"
yargitay:770196000,770196000,13. Hukuk Dairesi,2009/16100,2010/294,2010-01-20,2010,123,"(Kapatılan) 13. Hukuk Dairesi 2009/16100 E. , 2010/294 K.

""İçtihat Metni""MAHKEMESİ : ilgiliCezaMahAdi
DAVA TÜRÜ : davaTuru"
yargitay:770196100,770196100,13. Hukuk Dairesi,2009/16217,2010/319,2010-01-20,2010,123,"(Kapatılan) 13. Hukuk Dairesi 2009/16217 E. , 2010/319 K.

""İçtihat Metni""MAHKEMESİ : ilgiliCezaMahAdi
DAVA TÜRÜ : davaTuru"
yargitay:770196400,770196400,13. Hukuk Dairesi,2009/16192,2010/313,2010-01-20,2010,123,"(Kapatılan) 13. Hukuk Dairesi 2009/16192 E. , 2010/313 K.

""İçtihat Metni""MAHKEMESİ : ilgiliCezaMahAdi
DAVA TÜRÜ : davaTuru"
yargitay:770196700,770196700,13. Hukuk Dairesi,2009/16228,2010/321,2010-01-20,2010,123,"(Kapatılan) 13. Hukuk Dairesi 2009/16228 E. , 2010/321 K.

""İçtihat Metni""MAHKEMESİ : ilgiliCezaMahAdi
DAVA TÜRÜ : davaTuru"
yargitay:770197300,770197300,13. Hukuk Dairesi,2009/16213,2010/317,2010-01-20,2010,123,"(Kapatılan) 13. Hukuk Dairesi 2009/16213 E. , 2010/317 K.

""İçtihat Metni""MAHKEMESİ : ilgiliCezaMahAdi
DAVA TÜRÜ : davaTuru"
yargitay:770197700,770197700,13. Hukuk Dairesi,2009/16364,2010/338,2010-01-20,2010,123,"(Kapatılan) 13. Hukuk Dairesi 2009/16364 E. , 2010/338 K.

""İçtihat Metni""MAHKEMESİ : ilgiliCezaMahAdi
DAVA TÜRÜ : davaTuru"
yargitay:770198100,770198100,13. Hukuk Dairesi,2009/16045,2010/278,2010-01-20,2010,123,"(Kapatılan) 13. Hukuk Dairesi 2009/16045 E. , 2010/278 K.

""İçtihat Metni""MAHKEMESİ : ilgiliCezaMahAdi
DAVA TÜRÜ : davaTuru"
yargitay:770198300,770198300,13. Hukuk Dairesi,2009/15996,2010/264,2010-01-20,2010,123,"(Kapatılan) 13. Hukuk Dairesi 2009/15996 E. , 2010/264 K.

""İçtihat Metni""MAHKEMESİ : ilgiliCezaMahAdi
DAVA TÜRÜ : davaTuru"
yargitay:770199800,770199800,13. Hukuk Dairesi,2009/16229,2010/322,2010-01-20,2010,123,"(Kapatılan) 13. Hukuk Dairesi 2009/16229 E. , 2010/322 K.

""İçtihat Metni""MAHKEMESİ : ilgiliCezaMahAdi
DAVA TÜRÜ : davaTuru"
yargitay:770200100,770200100,13. Hukuk Dairesi,2009/16233,2010/325,2010-01-20,2010,123,"(Kapatılan) 13. Hukuk Dairesi 2009/16233 E. , 2010/325 K.

""İçtihat Metni""MAHKEMESİ : ilgiliCezaMahAdi
DAVA TÜRÜ : davaTuru"
yargitay:770200800,770200800,13. Hukuk Dairesi,2009/15970,2010/259,2010-01-20,2010,123,"(Kapatılan) 13. Hukuk Dairesi 2009/15970 E. , 2010/259 K.

""İçtihat Metni""MAHKEMESİ : ilgiliCezaMahAdi
DAVA TÜRÜ : davaTuru"
yargitay:770201000,770201000,13. Hukuk Dairesi,2009/16326,2010/336,2010-01-20,2010,123,"(Kapatılan) 13. Hukuk Dairesi 2009/16326 E. , 2010/336 K.

""İçtihat Metni""MAHKEMESİ : ilgiliCezaMahAdi
DAVA TÜRÜ : davaTuru"
yargitay:770201600,770201600,13. Hukuk Dairesi,2009/16153,2010/305,2010-01-20,2010,123,"(Kapatılan) 13. Hukuk Dairesi 2009/16153 E. , 2010/305 K.

""İçtihat Metni""MAHKEMESİ : ilgiliCezaMahAdi
DAVA TÜRÜ : davaTuru"
yargitay:770201900,770201900,13. Hukuk Dairesi,2009/16254,2010/326,2010-01-20,2010,123,"(Kapatılan) 13. Hukuk Dairesi 2009/16254 E. , 2010/326 K.

""İçtihat Metni""MAHKEMESİ : ilgiliCezaMahAdi
DAVA TÜRÜ : davaTuru"
yargitay:770202100,770202100,13. Hukuk Dairesi,2009/16044,2010/277,2010-01-20,2010,123,"(Kapatılan) 13. Hukuk Dairesi 2009/16044 E. , 2010/277 K.

""İçtihat Metni""MAHKEMESİ : ilgiliCezaMahAdi
DAVA TÜRÜ : davaTuru"
yargitay:770435500,770435500,13. Hukuk Dairesi,2010/1520,2010/2773,2010-03-08,2010,123,"(Kapatılan) 13. Hukuk Dairesi 2010/1520 E. , 2010/2773 K.

""İçtihat Metni""MAHKEMESİ : ilgiliCezaMahAdi
DAVA TÜRÜ : davaTuru"
yargitay:771164900,771164900,13. Hukuk Dairesi,2010/5426,2010/6286,2010-05-05,2010,123,"(Kapatılan) 13. Hukuk Dairesi 2010/5426 E. , 2010/6286 K.

""İçtihat Metni""MAHKEMESİ : ilgiliCezaMahAdi
DAVA TÜRÜ : davaTuru"
yargitay:771165300,771165300,13. Hukuk Dairesi,2010/6085,2010/6415,2010-05-06,2010,123,"(Kapatılan) 13. Hukuk Dairesi 2010/6085 E. , 2010/6415 K.

""İçtihat Metni""MAHKEMESİ : ilgiliCezaMahAdi
DAVA TÜRÜ : davaTuru"
yargitay:771795900,771795900,13. Hukuk Dairesi,2010/8229,2010/9022,2010-06-22,2010,123,"(Kapatılan) 13. Hukuk Dairesi 2010/8229 E. , 2010/9022 K.

""İçtihat Metni""MAHKEMESİ : ilgiliCezaMahAdi
DAVA TÜRÜ : davaTuru"
yargitay:772944400,772944400,13. Hukuk Dairesi,2009/16019,2010/270,2010-01-20,2010,123,"(Kapatılan) 13. Hukuk Dairesi 2009/16019 E. , 2010/270 K.

""İçtihat Metni""MAHKEMESİ : ilgiliCezaMahAdi
DAVA TÜRÜ : davaTuru"
yargitay:772944700,772944700,13. Hukuk Dairesi,2009/16127,2010/301,2010-01-20,2010,123,"(Kapatılan) 13. Hukuk Dairesi 2009/16127 E. , 2010/301 K.

""İçtihat Metni""MAHKEMESİ : ilgiliCezaMahAdi
DAVA TÜRÜ : davaTuru"
yargitay:772945000,772945000,13. Hukuk Dairesi,2009/16074,2010/285,2010-01-20,2010,123,"(Kapatılan) 13. Hukuk Dairesi 2009/16074 E. , 2010/285 K.

""İçtihat Metni""MAHKEMESİ : ilgiliCezaMahAdi
DAVA TÜRÜ : davaTuru"
yargitay:772945100,772945100,13. Hukuk Dairesi,2009/16150,2010/304,2010-01-20,2010,123,"(Kapatılan) 13. Hukuk Dairesi 2009/16150 E. , 2010/304 K.

""İçtihat Metni""MAHKEMESİ : ilgiliCezaMahAdi
DAVA TÜRÜ : davaTuru"
yargitay:772945600,772945600,13. Hukuk Dairesi,2009/15966,2010/257,2010-01-20,2010,123,"(Kapatılan) 13. Hukuk Dairesi 2009/15966 E. , 2010/257 K.

""İçtihat Metni""MAHKEMESİ : ilgiliCezaMahAdi
DAVA TÜRÜ : davaTuru"
yargitay:772946400,772946400,13. Hukuk Dairesi,2009/16035,2010/273,2010-01-20,2010,123,"(Kapatılan) 13. Hukuk Dairesi 2009/16035 E. , 2010/273 K.

""İçtihat Metni""MAHKEMESİ : ilgiliCezaMahAdi
DAVA TÜRÜ : davaTuru"
yargitay:772946900,772946900,13. Hukuk Dairesi,2009/16118,2010/298,2010-01-20,2010,123,"(Kapatılan) 13. Hukuk Dairesi 2009/16118 E. , 2010/298 K.

""İçtihat Metni""MAHKEMESİ : ilgiliCezaMahAdi
DAVA TÜRÜ : davaTuru"
yargitay:772947400,772947400,13. Hukuk Dairesi,2009/16342,2010/337,2010-01-20,2010,123,"(Kapatılan) 13. Hukuk Dairesi 2009/16342 E. , 2010/337 K.

""İçtihat Metni""MAHKEMESİ : ilgiliCezaMahAdi
DAVA TÜRÜ : davaTuru"
yargitay:772948200,772948200,13. Hukuk Dairesi,2009/16320,2010/335,2010-01-20,2010,123,"(Kapatılan) 13. Hukuk Dairesi 2009/16320 E. , 2010/335 K.

""İçtihat Metni""MAHKEMESİ : ilgiliCezaMahAdi
DAVA TÜRÜ : davaTuru"
yargitay:772948400,772948400,13. Hukuk Dairesi,2009/16040,2010/274,2010-01-20,2010,123,"(Kapatılan) 13. Hukuk Dairesi 2009/16040 E. , 2010/274 K.

""İçtihat Metni""MAHKEMESİ : ilgiliCezaMahAdi
DAVA TÜRÜ : davaTuru"
yargitay:772948500,772948500,13. Hukuk Dairesi,2009/16061,2010/281,2010-01-20,2010,123,"(Kapatılan) 13. Hukuk Dairesi 2009/16061 E. , 2010/281 K.

""İçtihat Metni""MAHKEMESİ : ilgiliCezaMahAdi
DAVA TÜRÜ : davaTuru"
yargitay:772948800,772948800,13. Hukuk Dairesi,2009/16075,2010/286,2010-01-20,2010,123,"(Kapatılan) 13. Hukuk Dairesi 2009/16075 E. , 2010/286 K.

""İçtihat Metni""MAHKEMESİ : ilgiliCezaMahAdi
DAVA TÜRÜ : davaTuru"
yargitay:772949200,772949200,13. Hukuk Dairesi,2009/15986,2010/263,2010-01-20,2010,123,"(Kapatılan) 13. Hukuk Dairesi 2009/15986 E. , 2010/263 K.

""İçtihat Metni""MAHKEMESİ : ilgiliCezaMahAdi
DAVA TÜRÜ : davaTuru"
yargitay:772950800,772950800,13. Hukuk Dairesi,2009/16255,2010/327,2010-01-20,2010,123,"(Kapatılan) 13. Hukuk Dairesi 2009/16255 E. , 2010/327 K.

""İçtihat Metni""MAHKEMESİ : ilgiliCezaMahAdi
DAVA TÜRÜ : davaTuru"
yargitay:772951100,772951100,13. Hukuk Dairesi,2009/16066,2010/283,2010-01-20,2010,123,"(Kapatılan) 13. Hukuk Dairesi 2009/16066 E. , 2010/283 K.

""İçtihat Metni""MAHKEMESİ : ilgiliCezaMahAdi
DAVA TÜRÜ : davaTuru"
yargitay:772951300,772951300,13. Hukuk Dairesi,2009/16313,2010/333,2010-01-20,2010,123,"(Kapatılan) 13. Hukuk Dairesi 2009/16313 E. , 2010/333 K.

""İçtihat Metni""MAHKEMESİ : ilgiliCezaMahAdi
DAVA TÜRÜ : davaTuru"
yargitay:772951600,772951600,13. Hukuk Dairesi,2009/16084,2010/288,2010-01-20,2010,123,"(Kapatılan) 13. Hukuk Dairesi 2009/16084 E. , 2010/288 K.

""İçtihat Metni""MAHKEMESİ : ilgiliCezaMahAdi
DAVA TÜRÜ : davaTuru"
yargitay:772952100,772952100,13. Hukuk Dairesi,2009/16149,2010/303,2010-01-20,2010,123,"(Kapatılan) 13. Hukuk Dairesi 2009/16149 E. , 2010/303 K.

""İçtihat Metni""MAHKEMESİ : ilgiliCezaMahAdi
DAVA TÜRÜ : davaTuru"
yargitay:772952500,772952500,13. Hukuk Dairesi,2009/16273,2010/330,2010-01-20,2010,123,"(Kapatılan) 13. Hukuk Dairesi 2009/16273 E. , 2010/330 K.

""İçtihat Metni""MAHKEMESİ : ilgiliCezaMahAdi
DAVA TÜRÜ : davaTuru"
yargitay:772953000,772953000,13. Hukuk Dairesi,2009/16206,2010/315,2010-01-20,2010,123,"(Kapatılan) 13. Hukuk Dairesi 2009/16206 E. , 2010/315 K.

""İçtihat Metni""MAHKEMESİ : ilgiliCezaMahAdi
DAVA TÜRÜ : davaTuru"
yargitay:772953500,772953500,13. Hukuk Dairesi,2009/16043,2010/276,2010-01-20,2010,123,"(Kapatılan) 13. Hukuk Dairesi 2009/16043 E. , 2010/276 K.

""İçtihat Metni""MAHKEMESİ : ilgiliCezaMahAdi
DAVA TÜRÜ : davaTuru"
yargitay:772954000,772954000,13. Hukuk Dairesi,2009/16169,2010/310,2010-01-20,2010,123,"(Kapatılan) 13. Hukuk Dairesi 2009/16169 E. , 2010/310 K.

""İçtihat Metni""MAHKEMESİ : ilgiliCezaMahAdi
DAVA TÜRÜ : davaTuru"
yargitay:772956900,772956900,13. Hukuk Dairesi,2009/16002,2010/265,2010-01-20,2010,123,"(Kapatılan) 13. Hukuk Dairesi 2009/16002 E. , 2010/265 K.

""İçtihat Metni""MAHKEMESİ : ilgiliCezaMahAdi
DAVA TÜRÜ : davaTuru"
yargitay:772957200,772957200,13. Hukuk Dairesi,2009/16116,2010/297,2010-01-20,2010,123,"(Kapatılan) 13. Hukuk Dairesi 2009/16116 E. , 2010/297 K.

""İçtihat Metni""MAHKEMESİ : ilgiliCezaMahAdi
DAVA TÜRÜ : davaTuru"
yargitay:772957400,772957400,13. Hukuk Dairesi,2009/15975,2010/261,2010-01-20,2010,123,"(Kapatılan) 13. Hukuk Dairesi 2009/15975 E. , 2010/261 K.

""İçtihat Metni""MAHKEMESİ : ilgiliCezaMahAdi
DAVA TÜRÜ : davaTuru"
yargitay:772957600,772957600,13. Hukuk Dairesi,2009/16073,2010/284,2010-01-20,2010,123,"(Kapatılan) 13. Hukuk Dairesi 2009/16073 E. , 2010/284 K.

""İçtihat Metni""MAHKEMESİ : ilgiliCezaMahAdi
DAVA TÜRÜ : davaTuru"
yargitay:772958300,772958300,13. Hukuk Dairesi,2009/16212,2010/316,2010-01-20,2010,123,"(Kapatılan) 13. Hukuk Dairesi 2009/16212 E. , 2010/316 K.

""İçtihat Metni""MAHKEMESİ : ilgiliCezaMahAdi
DAVA TÜRÜ : davaTuru"
yargitay:772960600,772960600,13. Hukuk Dairesi,2009/16176,2010/311,2010-01-20,2010,123,"(Kapatılan) 13. Hukuk Dairesi 2009/16176 E. , 2010/311 K.

""İçtihat Metni""MAHKEMESİ : ilgiliCezaMahAdi
DAVA TÜRÜ : davaTuru"
yargitay:772961200,772961200,13. Hukuk Dairesi,2009/16161,2010/309,2010-01-20,2010,123,"(Kapatılan) 13. Hukuk Dairesi 2009/16161 E. , 2010/309 K.

""İçtihat Metni""MAHKEMESİ : ilgiliCezaMahAdi
DAVA TÜRÜ : davaTuru"
yargitay:772961600,772961600,13. Hukuk Dairesi,2009/16154,2010/306,2010-01-20,2010,123,"(Kapatılan) 13. Hukuk Dairesi 2009/16154 E. , 2010/306 K.

""İçtihat Metni""MAHKEMESİ : ilgiliCezaMahAdi
DAVA TÜRÜ : davaTuru"
yargitay:772961900,772961900,13. Hukuk Dairesi,2009/15974,2010/260,2010-01-20,2010,123,"(Kapatılan) 13. Hukuk Dairesi 2009/15974 E. , 2010/260 K.

""İçtihat Metni""MAHKEMESİ : ilgiliCezaMahAdi
DAVA TÜRÜ : davaTuru"
yargitay:772962700,772962700,13. Hukuk Dairesi,2009/16204,2010/314,2010-01-20,2010,123,"(Kapatılan) 13. Hukuk Dairesi 2009/16204 E. , 2010/314 K.

""İçtihat Metni""MAHKEMESİ : ilgiliCezaMahAdi
DAVA TÜRÜ : davaTuru"
yargitay:772963000,772963000,13. Hukuk Dairesi,2009/16157,2010/307,2010-01-20,2010,123,"(Kapatılan) 13. Hukuk Dairesi 2009/16157 E. , 2010/307 K.

""İçtihat Metni""MAHKEMESİ : ilgiliCezaMahAdi
DAVA TÜRÜ : davaTuru"
yargitay:772965500,772965500,13. Hukuk Dairesi,2009/16123,2010/299,2010-01-20,2010,123,"(Kapatılan) 13. Hukuk Dairesi 2009/16123 E. , 2010/299 K.

""İçtihat Metni""MAHKEMESİ : ilgiliCezaMahAdi
DAVA TÜRÜ : davaTuru"
yargitay:772966100,772966100,13. Hukuk Dairesi,2009/16099,2010/293,2010-01-20,2010,123,"(Kapatılan) 13. Hukuk Dairesi 2009/16099 E. , 2010/293 K.

""İçtihat Metni""MAHKEMESİ : ilgiliCezaMahAdi
DAVA TÜRÜ : davaTuru"
yargitay:772966800,772966800,13. Hukuk Dairesi,2009/16098,2010/292,2010-01-20,2010,123,"(Kapatılan) 13. Hukuk Dairesi 2009/16098 E. , 2010/292 K.

""İçtihat Metni""MAHKEMESİ : ilgiliCezaMahAdi
DAVA TÜRÜ : davaTuru"
yargitay:772967000,772967000,13. Hukuk Dairesi,2009/16080,2010/287,2010-01-20,2010,123,"(Kapatılan) 13. Hukuk Dairesi 2009/16080 E. , 2010/287 K.

""İçtihat Metni""MAHKEMESİ : ilgiliCezaMahAdi
DAVA TÜRÜ : davaTuru"
yargitay:772967300,772967300,13. Hukuk Dairesi,2009/16024,2010/272,2010-01-20,2010,123,"(Kapatılan) 13. Hukuk Dairesi 2009/16024 E. , 2010/272 K.

""İçtihat Metni""MAHKEMESİ : ilgiliCezaMahAdi
DAVA TÜRÜ : davaTuru"
yargitay:772967800,772967800,13. Hukuk Dairesi,2009/16232,2010/324,2010-01-20,2010,123,"(Kapatılan) 13. Hukuk Dairesi 2009/16232 E. , 2010/324 K.

""İçtihat Metni""MAHKEMESİ : ilgiliCezaMahAdi
DAVA TÜRÜ : davaTuru"
yargitay:772968000,772968000,13. Hukuk Dairesi,2009/16050,2010/279,2010-01-20,2010,123,"(Kapatılan) 13. Hukuk Dairesi 2009/16050 E. , 2010/279 K.

""İçtihat Metni""MAHKEMESİ : ilgiliCezaMahAdi
DAVA TÜRÜ : davaTuru"
yargitay:772970400,772970400,13. Hukuk Dairesi,2009/16092,2010/291,2010-01-20,2010,123,"(Kapatılan) 13. Hukuk Dairesi 2009/16092 E. , 2010/291 K.

""İçtihat Metni""MAHKEMESİ : ilgiliCezaMahAdi
DAVA TÜRÜ : davaTuru"
yargitay:772970600,772970600,13. Hukuk Dairesi,2009/16102,2010/296,2010-01-20,2010,123,"(Kapatılan) 13. Hukuk Dairesi 2009/16102 E. , 2010/296 K.

""İçtihat Metni""MAHKEMESİ : ilgiliCezaMahAdi
DAVA TÜRÜ : davaTuru"
yargitay:772970800,772970800,13. Hukuk Dairesi,2009/16285,2010/332,2010-01-20,2010,123,"(Kapatılan) 13. Hukuk Dairesi 2009/16285 E. , 2010/332 K.

""İçtihat Metni""MAHKEMESİ : ilgiliCezaMahAdi
DAVA TÜRÜ : davaTuru"
yargitay:772972200,772972200,13. Hukuk Dairesi,2009/16263,2010/328,2010-01-20,2010,123,"(Kapatılan) 13. Hukuk Dairesi 2009/16263 E. , 2010/328 K.

""İçtihat Metni""MAHKEMESİ : ilgiliCezaMahAdi
DAVA TÜRÜ : davaTuru"
yargitay:772972400,772972400,13. Hukuk Dairesi,2009/15976,2010/262,2010-01-20,2010,123,"(Kapatılan) 13. Hukuk Dairesi 2009/15976 E. , 2010/262 K.

""İçtihat Metni""MAHKEMESİ : ilgiliCezaMahAdi
DAVA TÜRÜ : davaTuru"
yargitay:772973500,772973500,13. Hukuk Dairesi,2009/15965,2010/256,2010-01-20,2010,123,"(Kapatılan) 13. Hukuk Dairesi 2009/15965 E. , 2010/256 K.

""İçtihat Metni""MAHKEMESİ : ilgiliCezaMahAdi
DAVA TÜRÜ : davaTuru"
yargitay:772974700,772974700,13. Hukuk Dairesi,2009/16016,2010/269,2010-01-20,2010,123,"(Kapatılan) 13. Hukuk Dairesi 2009/16016 E. , 2010/269 K.

""İçtihat Metni""MAHKEMESİ : ilgiliCezaMahAdi
DAVA TÜRÜ : davaTuru"
yargitay:772974900,772974900,13. Hukuk Dairesi,2009/16042,2010/275,2010-01-20,2010,123,"(Kapatılan) 13. Hukuk Dairesi 2009/16042 E. , 2010/275 K.

""İçtihat Metni""MAHKEMESİ : ilgiliCezaMahAdi
DAVA TÜRÜ : davaTuru"
yargitay:772975600,772975600,13. Hukuk Dairesi,2009/16125,2010/300,2010-01-20,2010,123,"(Kapatılan) 13. Hukuk Dairesi 2009/16125 E. , 2010/300 K.

""İçtihat Metni""MAHKEMESİ : ilgiliCezaMahAdi
DAVA TÜRÜ : davaTuru"
yargitay:772976000,772976000,13. Hukuk Dairesi,2009/16022,2010/271,2010-01-20,2010,123,"(Kapatılan) 13. Hukuk Dairesi 2009/16022 E. , 2010/271 K.

""İçtihat Metni""MAHKEMESİ : ilgiliCezaMahAdi
DAVA TÜRÜ : davaTuru"
yargitay:772976400,772976400,13. Hukuk Dairesi,2009/16009,2010/267,2010-01-20,2010,123,"(Kapatılan) 13. Hukuk Dairesi 2009/16009 E. , 2010/267 K.

""İçtihat Metni""MAHKEMESİ : ilgiliCezaMahAdi
DAVA TÜRÜ : davaTuru"
yargitay:772976500,772976500,13. Hukuk Dairesi,2009/16275,2010/331,2010-01-20,2010,123,"(Kapatılan) 13. Hukuk Dairesi 2009/16275 E. , 2010/331 K.

""İçtihat Metni""MAHKEMESİ : ilgiliCezaMahAdi
DAVA TÜRÜ : davaTuru"
yargitay:772976700,772976700,13. Hukuk Dairesi,2009/16318,2010/334,2010-01-20,2010,123,"(Kapatılan) 13. Hukuk Dairesi 2009/16318 E. , 2010/334 K.

""İçtihat Metni""MAHKEMESİ : ilgiliCezaMahAdi
DAVA TÜRÜ : davaTuru"
yargitay:772977000,772977000,13. Hukuk Dairesi,2009/16188,2010/312,2010-01-20,2010,123,"(Kapatılan) 13. Hukuk Dairesi 2009/16188 E. , 2010/312 K.

""İçtihat Metni""MAHKEMESİ : ilgiliCezaMahAdi
DAVA TÜRÜ : davaTuru"
yargitay:772977300,772977300,13. Hukuk Dairesi,2009/16136,2010/302,2010-01-20,2010,123,"(Kapatılan) 13. Hukuk Dairesi 2009/16136 E. , 2010/302 K.

""İçtihat Metni""MAHKEMESİ : ilgiliCezaMahAdi
DAVA TÜRÜ : davaTuru"
yargitay:772977600,772977600,13. Hukuk Dairesi,2009/16006,2010/266,2010-01-20,2010,123,"(Kapatılan) 13. Hukuk Dairesi 2009/16006 E. , 2010/266 K.

""İçtihat Metni""MAHKEMESİ : ilgiliCezaMahAdi
DAVA TÜRÜ : davaTuru"
yargitay:772977900,772977900,13. Hukuk Dairesi,2009/16091,2010/290,2010-01-20,2010,123,"(Kapatılan) 13. Hukuk Dairesi 2009/16091 E. , 2010/290 K.

""İçtihat Metni""MAHKEMESİ : ilgiliCezaMahAdi
DAVA TÜRÜ : davaTuru"
yargitay:772978200,772978200,13. Hukuk Dairesi,2009/16272,2010/329,2010-01-20,2010,123,"(Kapatılan) 13. Hukuk Dairesi 2009/16272 E. , 2010/329 K.

""İçtihat Metni""MAHKEMESİ : ilgiliCezaMahAdi
DAVA TÜRÜ : davaTuru"
yargitay:772978900,772978900,13. Hukuk Dairesi,2009/15968,2010/258,2010-01-20,2010,123,"(Kapatılan) 13. Hukuk Dairesi 2009/15968 E. , 2010/258 K.

""İçtihat Metni""MAHKEMESİ : ilgiliCezaMahAdi
DAVA TÜRÜ : davaTuru"
yargitay:772982500,772982500,13. Hukuk Dairesi,2009/16055,2010/280,2010-01-20,2010,123,"(Kapatılan) 13. Hukuk Dairesi 2009/16055 E. , 2010/280 K.

""İçtihat Metni""MAHKEMESİ : ilgiliCezaMahAdi
DAVA TÜRÜ : davaTuru"
yargitay:772982600,772982600,13. Hukuk Dairesi,2009/16230,2010/323,2010-01-20,2010,123,"(Kapatılan) 13. Hukuk Dairesi 2009/16230 E. , 2010/323 K.

""İçtihat Metni""MAHKEMESİ : ilgiliCezaMahAdi
DAVA TÜRÜ : davaTuru"
yargitay:774048300,774048300,13. Hukuk Dairesi,2010/1646,2010/1883,2010-02-16,2010,123,"(Kapatılan) 13. Hukuk Dairesi 2010/1646 E. , 2010/1883 K.

""İçtihat Metni""MAHKEMESİ : ilgiliCezaMahAdi
DAVA TÜRÜ : davaTuru"
yargitay:774048800,774048800,13. Hukuk Dairesi,2010/1684,2010/1890,2010-02-16,2010,123,"(Kapatılan) 13. Hukuk Dairesi 2010/1684 E. , 2010/1890 K.

""İçtihat Metni""MAHKEMESİ : ilgiliCezaMahAdi
DAVA TÜRÜ : davaTuru"
yargitay:774082800,774082800,13. Hukuk Dairesi,2010/1041,2010/1094,2010-02-02,2010,123,"(Kapatılan) 13. Hukuk Dairesi 2010/1041 E. , 2010/1094 K.

""İçtihat Metni""MAHKEMESİ : ilgiliCezaMahAdi
DAVA TÜRÜ : davaTuru"
yargitay:792624100,792624100,17. Hukuk Dairesi,2009/10500,2010/4473,2010-05-11,2010,123,"(Kapatılan)17. Hukuk Dairesi 2009/10500 E. , 2010/4473 K.

""İçtihat Metni""MAHKEMESİ : ilgiliCezaMahAdi
DAVA TÜRÜ : davaTuru"
yargitay:825892600,825892600,21. Hukuk Dairesi,2009/11665,2010/9199,2010-09-30,2010,123,"(Kapatılan)21. Hukuk Dairesi 2009/11665 E. , 2010/9199 K.

""İçtihat Metni""MAHKEMESİ : ilgiliCezaMahAdi
DAVA TÜRÜ : davaTuru"
yargitay:832506800,832506800,13. Hukuk Dairesi,2009/3549,2009/4273,2009-03-31,2009,123,"(Kapatılan) 13. Hukuk Dairesi 2009/3549 E. , 2009/4273 K.

""İçtihat Metni""MAHKEMESİ : ilgiliCezaMahAdi
DAVA TÜRÜ : davaTuru"
yargitay:833313300,833313300,13. Hukuk Dairesi,2009/8601,2009/9496,2009-07-06,2009,123,"(Kapatılan) 13. Hukuk Dairesi 2009/8601 E. , 2009/9496 K.

""İçtihat Metni""MAHKEMESİ : ilgiliCezaMahAdi
DAVA TÜRÜ : davaTuru"
yargitay:833427100,833427100,13. Hukuk Dairesi,2009/6049,2009/9649,2009-07-09,2009,123,"(Kapatılan) 13. Hukuk Dairesi 2009/6049 E. , 2009/9649 K.

""İçtihat Metni""MAHKEMESİ : ilgiliCezaMahAdi
DAVA TÜRÜ : davaTuru"
yargitay:833595800,833595800,13. Hukuk Dairesi,2009/8834,2009/9884,2009-07-14,2009,123,"(Kapatılan) 13. Hukuk Dairesi 2009/8834 E. , 2009/9884 K.

""İçtihat Metni""MAHKEMESİ : ilgiliCezaMahAdi
DAVA TÜRÜ : davaTuru"
yargitay:836986300,836986300,13. Hukuk Dairesi,2008/6614,2008/7234,2008-05-26,2008,123,"(Kapatılan) 13. Hukuk Dairesi 2008/6614 E. , 2008/7234 K.

""İçtihat Metni""MAHKEMESİ : ilgiliCezaMahAdi
DAVA TÜRÜ : davaTuru"
yargitay:873455300,873455300,17. Hukuk Dairesi,2005/13392,2006/4913,2006-06-01,2006,123,"(Kapatılan)17. Hukuk Dairesi 2005/13392 E. , 2006/4913 K.

""İçtihat Metni""MAHKEMESİ : ilgiliCezaMahAdi
DAVA TÜRÜ : davaTuru"
yargitay:873487900,873487900,17. Hukuk Dairesi,2005/12777,2006/4889,2006-06-01,2006,123,"(Kapatılan)17. Hukuk Dairesi 2005/12777 E. , 2006/4889 K.

""İçtihat Metni""MAHKEMESİ : ilgiliCezaMahAdi
DAVA TÜRÜ : davaTuru"
yargitay:892016900,892016900,19. Hukuk Dairesi,2006/4795,2006/10942,2006-11-21,2006,123,"(Kapatılan)19. Hukuk Dairesi 2006/4795 E. , 2006/10942 K.

""İçtihat Metni""MAHKEMESİ : ilgiliCezaMahAdi
DAVA TÜRÜ : davaTuru"
yargitay:773158600,773158600,13. Hukuk Dairesi,2010/5894,2010/14887,2010-11-10,2010,124,"(Kapatılan) 13. Hukuk Dairesi 2010/5894 E. , 2010/14887 K.

""İçtihat Metni""MAHKEMESİ : ilgiliCezaMahAdi
DAVA TÜRÜ : davaTuru"
yargitay:774256500,774256500,13. Hukuk Dairesi,2009/11135,2010/1582,2010-02-11,2010,124,"(Kapatılan) 13. Hukuk Dairesi 2009/11135 E. , 2010/1582 K.

""İçtihat Metni""MAHKEMESİ : ilgiliCezaMahAdi
DAVA TÜRÜ : davaTuru"
yargitay:774964000,774964000,13. Hukuk Dairesi,2009/16349,2010/1160,2010-02-03,2010,124,"(Kapatılan) 13. Hukuk Dairesi 2009/16349 E. , 2010/1160 K.

""İçtihat Metni""MAHKEMESİ : ilgiliCezaMahAdi
DAVA TÜRÜ : davaTuru"
yargitay:775911900,775911900,13. Hukuk Dairesi,2010/6140,2010/14107,2010-10-28,2010,124,"(Kapatılan) 13. Hukuk Dairesi 2010/6140 E. , 2010/14107 K.

""İçtihat Metni""MAHKEMESİ : ilgiliCezaMahAdi
DAVA TÜRÜ : davaTuru"
yargitay:825925100,825925100,21. Hukuk Dairesi,2010/11180,2010/11506,2010-11-23,2010,124,"(Kapatılan)21. Hukuk Dairesi 2010/11180 E. , 2010/11506 K.

""İçtihat Metni""MAHKEMESİ : ilgiliCezaMahAdi
DAVA TÜRÜ : davaTuru"
yargitay:833596800,833596800,13. Hukuk Dairesi,2009/9355,2009/10004,2009-07-20,2009,124,"(Kapatılan) 13. Hukuk Dairesi 2009/9355 E. , 2009/10004 K.

""İçtihat Metni""MAHKEMESİ : ilgiliCezaMahAdi
DAVA TÜRÜ : davaTuru"
yargitay:849015600,849015600,13. Hukuk Dairesi,2008/9386,2008/12442,2008-10-27,2008,124,"(Kapatılan) 13. Hukuk Dairesi 2008/9386 E. , 2008/12442 K.

""İçtihat Metni""MAHKEMESİ : ilgiliCezaMahAdi
DAVA TÜRÜ : davaTuru"
yargitay:850559300,850559300,13. Hukuk Dairesi,2008/7347,2008/15443,2008-12-23,2008,124,"(Kapatılan) 13. Hukuk Dairesi 2008/7347 E. , 2008/15443 K.

""İçtihat Metni""MAHKEMESİ : ilgiliCezaMahAdi
DAVA TÜRÜ : davaTuru"
yargitay:889865100,889865100,19. Hukuk Dairesi,2008/11228,2008/11622,2008-11-27,2008,124,"(Kapatılan)19. Hukuk Dairesi 2008/11228 E. , 2008/11622 K.

""İçtihat Metni""MAHKEMESİ : ilgiliCezaMahAdi
DAVA TÜRÜ : davaTuru"
yargitay:891597300,891597300,19. Hukuk Dairesi,2006/10579,2006/11095,2006-11-24,2006,124,"(Kapatılan)19. Hukuk Dairesi 2006/10579 E. , 2006/11095 K.

""İçtihat Metni""MAHKEMESİ : ilgiliCezaMahAdi
DAVA TÜRÜ : davaTuru"
yargitay:771779600,771779600,13. Hukuk Dairesi,2010/11337,2010/11337,2010-09-14,2010,125,"(Kapatılan) 13. Hukuk Dairesi 2010/11337 E. , 2010/11337 K.

""İçtihat Metni""MAHKEMESİ : ilgiliCezaMahAdi
DAVA TÜRÜ : davaTuru"
yargitay:771780400,771780400,13. Hukuk Dairesi,2010/11277,2010/11327,2010-09-14,2010,125,"(Kapatılan) 13. Hukuk Dairesi 2010/11277 E. , 2010/11327 K.

""İçtihat Metni""MAHKEMESİ : ilgiliCezaMahAdi
DAVA TÜRÜ : davaTuru"
yargitay:771783600,771783600,13. Hukuk Dairesi,2010/11208,2010/11316,2010-09-14,2010,125,"(Kapatılan) 13. Hukuk Dairesi 2010/11208 E. , 2010/11316 K.

""İçtihat Metni""MAHKEMESİ : ilgiliCezaMahAdi
DAVA TÜRÜ : davaTuru"
yargitay:771785800,771785800,13. Hukuk Dairesi,2010/11809,2010/11431,2010-09-14,2010,125,"(Kapatılan) 13. Hukuk Dairesi 2010/11809 E. , 2010/11431 K.

""İçtihat Metni""MAHKEMESİ : ilgiliCezaMahAdi
DAVA TÜRÜ : davaTuru"
yargitay:771786200,771786200,13. Hukuk Dairesi,2010/11265,2010/11325,2010-09-14,2010,125,"(Kapatılan) 13. Hukuk Dairesi 2010/11265 E. , 2010/11325 K.

""İçtihat Metni""MAHKEMESİ : ilgiliCezaMahAdi
DAVA TÜRÜ : davaTuru"
yargitay:771787300,771787300,13. Hukuk Dairesi,2010/13252,2010/12320,2010-09-28,2010,125,"(Kapatılan) 13. Hukuk Dairesi 2010/13252 E. , 2010/12320 K.

""İçtihat Metni""MAHKEMESİ : ilgiliCezaMahAdi
DAVA TÜRÜ : davaTuru"
yargitay:771789100,771789100,13. Hukuk Dairesi,2010/11264,2010/11324,2010-09-14,2010,125,"(Kapatılan) 13. Hukuk Dairesi 2010/11264 E. , 2010/11324 K.

""İçtihat Metni""MAHKEMESİ : ilgiliCezaMahAdi
DAVA TÜRÜ : davaTuru"
yargitay:771789700,771789700,13. Hukuk Dairesi,2010/11298,2010/11329,2010-09-14,2010,125,"(Kapatılan) 13. Hukuk Dairesi 2010/11298 E. , 2010/11329 K.

""İçtihat Metni""MAHKEMESİ : ilgiliCezaMahAdi
DAVA TÜRÜ : davaTuru"
yargitay:771790900,771790900,13. Hukuk Dairesi,2010/11446,2010/11355,2010-09-14,2010,125,"(Kapatılan) 13. Hukuk Dairesi 2010/11446 E. , 2010/11355 K.

""İçtihat Metni""MAHKEMESİ : ilgiliCezaMahAdi
DAVA TÜRÜ : davaTuru"
yargitay:771793200,771793200,13. Hukuk Dairesi,2010/12074,2010/11486,2010-09-14,2010,125,"(Kapatılan) 13. Hukuk Dairesi 2010/12074 E. , 2010/11486 K.

""İçtihat Metni""MAHKEMESİ : ilgiliCezaMahAdi
DAVA TÜRÜ : davaTuru"
yargitay:771795600,771795600,13. Hukuk Dairesi,2010/11864,2010/11432,2010-09-14,2010,125,"(Kapatılan) 13. Hukuk Dairesi 2010/11864 E. , 2010/11432 K.

""İçtihat Metni""MAHKEMESİ : ilgiliCezaMahAdi
DAVA TÜRÜ : davaTuru"
yargitay:771798600,771798600,13. Hukuk Dairesi,2010/12388,2010/11262,2010-09-14,2010,125,"(Kapatılan) 13. Hukuk Dairesi 2010/12388 E. , 2010/11262 K.

""İçtihat Metni""MAHKEMESİ : ilgiliCezaMahAdi
DAVA TÜRÜ : davaTuru"
yargitay:772475300,772475300,13. Hukuk Dairesi,2010/15975,2010/15116,2010-11-11,2010,125,"(Kapatılan) 13. Hukuk Dairesi 2010/15975 E. , 2010/15116 K.

""İçtihat Metni""MAHKEMESİ : ilgiliCezaMahAdi
DAVA TÜRÜ : davaTuru"
yargitay:772486000,772486000,13. Hukuk Dairesi,2010/15320,2010/15030,2010-11-11,2010,125,"(Kapatılan) 13. Hukuk Dairesi 2010/15320 E. , 2010/15030 K.

""İçtihat Metni""MAHKEMESİ : ilgiliCezaMahAdi
DAVA TÜRÜ : davaTuru"
yargitay:772503600,772503600,13. Hukuk Dairesi,2010/15311,2010/15031,2010-11-11,2010,125,"(Kapatılan) 13. Hukuk Dairesi 2010/15311 E. , 2010/15031 K.

""İçtihat Metni""MAHKEMESİ : ilgiliCezaMahAdi
DAVA TÜRÜ : davaTuru"
yargitay:772507500,772507500,13. Hukuk Dairesi,2010/15793,2010/15033,2010-11-11,2010,125,"(Kapatılan) 13. Hukuk Dairesi 2010/15793 E. , 2010/15033 K.

""İçtihat Metni""MAHKEMESİ : ilgiliCezaMahAdi
DAVA TÜRÜ : davaTuru"
yargitay:773028800,773028800,13. Hukuk Dairesi,2010/4443,2010/4867,2010-04-09,2010,125,"(Kapatılan) 13. Hukuk Dairesi 2010/4443 E. , 2010/4867 K.

""İçtihat Metni""MAHKEMESİ : ilgiliCezaMahAdi
DAVA TÜRÜ : davaTuru
."
yargitay:773030700,773030700,13. Hukuk Dairesi,2010/4283,2010/4837,2010-04-09,2010,125,"(Kapatılan) 13. Hukuk Dairesi 2010/4283 E. , 2010/4837 K.

""İçtihat Metni""MAHKEMESİ : ilgiliCezaMahAdi
DAVA TÜRÜ : davaTuru
."
yargitay:773032000,773032000,13. Hukuk Dairesi,2010/4427,2010/4863,2010-04-09,2010,125,"(Kapatılan) 13. Hukuk Dairesi 2010/4427 E. , 2010/4863 K.

""İçtihat Metni""MAHKEMESİ : ilgiliCezaMahAdi
DAVA TÜRÜ : davaTuru
."
yargitay:773032400,773032400,13. Hukuk Dairesi,2010/4422,2010/4860,2010-04-09,2010,125,"(Kapatılan) 13. Hukuk Dairesi 2010/4422 E. , 2010/4860 K.

""İçtihat Metni""MAHKEMESİ : ilgiliCezaMahAdi
DAVA TÜRÜ : davaTuru
."
yargitay:773032900,773032900,13. Hukuk Dairesi,2010/4424,2010/4861,2010-04-09,2010,125,"(Kapatılan) 13. Hukuk Dairesi 2010/4424 E. , 2010/4861 K.

""İçtihat Metni""MAHKEMESİ : ilgiliCezaMahAdi
DAVA TÜRÜ : davaTuru
."
yargitay:773033600,773033600,13. Hukuk Dairesi,2010/4416,2010/4859,2010-04-09,2010,125,"(Kapatılan) 13. Hukuk Dairesi 2010/4416 E. , 2010/4859 K.

""İçtihat Metni""MAHKEMESİ : ilgiliCezaMahAdi
DAVA TÜRÜ : davaTuru
."
yargitay:773802600,773802600,13. Hukuk Dairesi,2010/14348,2010/14255,2010-10-28,2010,125,"(Kapatılan) 13. Hukuk Dairesi 2010/14348 E. , 2010/14255 K.

""İçtihat Metni""MAHKEMESİ : ilgiliCezaMahAdi
DAVA TÜRÜ : davaTuru"
yargitay:773803900,773803900,13. Hukuk Dairesi,2010/14774,2010/14335,2010-10-28,2010,125,"(Kapatılan) 13. Hukuk Dairesi 2010/14774 E. , 2010/14335 K.

""İçtihat Metni""MAHKEMESİ : ilgiliCezaMahAdi
DAVA TÜRÜ : davaTuru"
yargitay:773819400,773819400,13. Hukuk Dairesi,2010/14437,2010/13603,2010-10-21,2010,125,"(Kapatılan) 13. Hukuk Dairesi 2010/14437 E. , 2010/13603 K.

""İçtihat Metni""MAHKEMESİ : ilgiliCezaMahAdi
DAVA TÜRÜ : davaTuru"
yargitay:780005800,780005800,13. Hukuk Dairesi,2010/10327,2010/10940,2010-07-20,2010,125,"(Kapatılan) 13. Hukuk Dairesi 2010/10327 E. , 2010/10940 K.

""İçtihat Metni""MAHKEMESİ : ilgiliCezaMahAdi
DAVA TÜRÜ : davaTuru"
yargitay:780006300,780006300,13. Hukuk Dairesi,2010/10623,2010/11039,2010-07-30,2010,125,"(Kapatılan) 13. Hukuk Dairesi 2010/10623 E. , 2010/11039 K.

""İçtihat Metni""MAHKEMESİ : ilgiliCezaMahAdi
DAVA TÜRÜ : davaTuru"
yargitay:780006800,780006800,13. Hukuk Dairesi,2010/10312,2010/10934,2010-07-20,2010,125,"(Kapatılan) 13. Hukuk Dairesi 2010/10312 E. , 2010/10934 K.

""İçtihat Metni""MAHKEMESİ : ilgiliCezaMahAdi
DAVA TÜRÜ : davaTuru"
yargitay:780007300,780007300,13. Hukuk Dairesi,2010/10344,2010/10944,2010-07-20,2010,125,"(Kapatılan) 13. Hukuk Dairesi 2010/10344 E. , 2010/10944 K.

""İçtihat Metni""MAHKEMESİ : ilgiliCezaMahAdi
DAVA TÜRÜ : davaTuru"
yargitay:780007800,780007800,13. Hukuk Dairesi,2010/10168,2010/10901,2010-07-20,2010,125,"(Kapatılan) 13. Hukuk Dairesi 2010/10168 E. , 2010/10901 K.

""İçtihat Metni""MAHKEMESİ : ilgiliCezaMahAdi
DAVA TÜRÜ : davaTuru"
yargitay:834949500,834949500,13. Hukuk Dairesi,2009/14465,2009/14004,2009-12-01,2009,125,"(Kapatılan) 13. Hukuk Dairesi 2009/14465 E. , 2009/14004 K.

""İçtihat Metni""MAHKEMESİ : ilgiliCezaMahAdi
DAVA TÜRÜ : davaTuru"
yargitay:835053300,835053300,13. Hukuk Dairesi,2009/14918,2009/14732,2009-12-14,2009,125,"(Kapatılan) 13. Hukuk Dairesi 2009/14918 E. , 2009/14732 K.

""İçtihat Metni""MAHKEMESİ : ilgiliCezaMahAdi
DAVA TÜRÜ : davaTuru"
yargitay:843874300,843874300,13. Hukuk Dairesi,2008/10067,2008/13273,2008-11-10,2008,125,"(Kapatılan) 13. Hukuk Dairesi 2008/10067 E. , 2008/13273 K.

""İçtihat Metni""MAHKEMESİ : ilgiliCezaMahAdi
DAVA TÜRÜ : davaTuru"
yargitay:849004100,849004100,13. Hukuk Dairesi,2008/11618,2008/11683,2008-10-13,2008,125,"(Kapatılan) 13. Hukuk Dairesi 2008/11618 E. , 2008/11683 K.

""İçtihat Metni""MAHKEMESİ : ilgiliCezaMahAdi
DAVA TÜRÜ : davaTuru"
yargitay:849006200,849006200,13. Hukuk Dairesi,2008/11629,2008/11686,2008-10-13,2008,125,"(Kapatılan) 13. Hukuk Dairesi 2008/11629 E. , 2008/11686 K.

""İçtihat Metni""MAHKEMESİ : ilgiliCezaMahAdi
DAVA TÜRÜ : davaTuru"
yargitay:849018400,849018400,13. Hukuk Dairesi,2008/12857,2008/12461,2008-10-27,2008,125,"(Kapatılan) 13. Hukuk Dairesi 2008/12857 E. , 2008/12461 K.

""İçtihat Metni""MAHKEMESİ : ilgiliCezaMahAdi
DAVA TÜRÜ : davaTuru"
yargitay:850512100,850512100,13. Hukuk Dairesi,2008/11242,2008/10476,2008-09-12,2008,125,"(Kapatılan) 13. Hukuk Dairesi 2008/11242 E. , 2008/10476 K.

""İçtihat Metni""MAHKEMESİ : ilgiliCezaMahAdi
DAVA TÜRÜ : davaTuru"
yargitay:850512500,850512500,13. Hukuk Dairesi,2008/11621,2008/10997,2008-09-24,2008,125,"(Kapatılan) 13. Hukuk Dairesi 2008/11621 E. , 2008/10997 K.

""İçtihat Metni""MAHKEMESİ : ilgiliCezaMahAdi
DAVA TÜRÜ : davaTuru"
yargitay:850512900,850512900,13. Hukuk Dairesi,2008/12071,2008/10998,2008-09-24,2008,125,"(Kapatılan) 13. Hukuk Dairesi 2008/12071 E. , 2008/10998 K.

""İçtihat Metni""MAHKEMESİ : ilgiliCezaMahAdi
DAVA TÜRÜ : davaTuru"
yargitay:850513500,850513500,13. Hukuk Dairesi,2008/11608,2008/10810,2008-09-19,2008,125,"(Kapatılan) 13. Hukuk Dairesi 2008/11608 E. , 2008/10810 K.

""İçtihat Metni""MAHKEMESİ : ilgiliCezaMahAdi
DAVA TÜRÜ : davaTuru"
yargitay:850513700,850513700,13. Hukuk Dairesi,2008/12403,2008/10999,2008-09-24,2008,125,"(Kapatılan) 13. Hukuk Dairesi 2008/12403 E. , 2008/10999 K.

""İçtihat Metni""MAHKEMESİ : ilgiliCezaMahAdi
DAVA TÜRÜ : davaTuru"
yargitay:850513800,850513800,13. Hukuk Dairesi,2008/11716,2008/10811,2008-09-19,2008,125,"(Kapatılan) 13. Hukuk Dairesi 2008/11716 E. , 2008/10811 K.

""İçtihat Metni""MAHKEMESİ : ilgiliCezaMahAdi
DAVA TÜRÜ : davaTuru"
yargitay:850535100,850535100,13. Hukuk Dairesi,2008/15082,2008/14552,2008-12-03,2008,125,"(Kapatılan) 13. Hukuk Dairesi 2008/15082 E. , 2008/14552 K.

""İçtihat Metni""MAHKEMESİ : ilgiliCezaMahAdi
DAVA TÜRÜ : davaTuru"
yargitay:850535900,850535900,13. Hukuk Dairesi,2008/15007,2008/14535,2008-12-03,2008,125,"(Kapatılan) 13. Hukuk Dairesi 2008/15007 E. , 2008/14535 K.

""İçtihat Metni""MAHKEMESİ : ilgiliCezaMahAdi
DAVA TÜRÜ : davaTuru"
yargitay:850536300,850536300,13. Hukuk Dairesi,2008/15638,2008/14891,2008-12-17,2008,125,"(Kapatılan) 13. Hukuk Dairesi 2008/15638 E. , 2008/14891 K.

""İçtihat Metni""MAHKEMESİ : ilgiliCezaMahAdi
DAVA TÜRÜ : davaTuru"
yargitay:850537400,850537400,13. Hukuk Dairesi,2008/15297,2008/14588,2008-12-03,2008,125,"(Kapatılan) 13. Hukuk Dairesi 2008/15297 E. , 2008/14588 K.

""İçtihat Metni""MAHKEMESİ : ilgiliCezaMahAdi
DAVA TÜRÜ : davaTuru"
yargitay:850538200,850538200,13. Hukuk Dairesi,2008/15078,2008/14549,2008-12-03,2008,125,"(Kapatılan) 13. Hukuk Dairesi 2008/15078 E. , 2008/14549 K.

""İçtihat Metni""MAHKEMESİ : ilgiliCezaMahAdi
DAVA TÜRÜ : davaTuru"
yargitay:850539200,850539200,13. Hukuk Dairesi,2008/15112,2008/14558,2008-12-03,2008,125,"(Kapatılan) 13. Hukuk Dairesi 2008/15112 E. , 2008/14558 K.

""İçtihat Metni""MAHKEMESİ : ilgiliCezaMahAdi
DAVA TÜRÜ : davaTuru"
yargitay:850539900,850539900,13. Hukuk Dairesi,2008/15703,2008/15362,2008-12-23,2008,125,"(Kapatılan) 13. Hukuk Dairesi 2008/15703 E. , 2008/15362 K.

""İçtihat Metni""MAHKEMESİ : ilgiliCezaMahAdi
DAVA TÜRÜ : davaTuru"
yargitay:850541200,850541200,13. Hukuk Dairesi,2008/15111,2008/14557,2008-12-03,2008,125,"(Kapatılan) 13. Hukuk Dairesi 2008/15111 E. , 2008/14557 K.

""İçtihat Metni""MAHKEMESİ : ilgiliCezaMahAdi
DAVA TÜRÜ : davaTuru"
yargitay:850543000,850543000,13. Hukuk Dairesi,2008/15077,2008/14548,2008-12-03,2008,125,"(Kapatılan) 13. Hukuk Dairesi 2008/15077 E. , 2008/14548 K.

""İçtihat Metni""MAHKEMESİ : ilgiliCezaMahAdi
DAVA TÜRÜ : davaTuru"
yargitay:850543800,850543800,13. Hukuk Dairesi,2008/14969,2008/14525,2008-12-03,2008,125,"(Kapatılan) 13. Hukuk Dairesi 2008/14969 E. , 2008/14525 K.

""İçtihat Metni""MAHKEMESİ : ilgiliCezaMahAdi
DAVA TÜRÜ : davaTuru"
yargitay:850544900,850544900,13. Hukuk Dairesi,2008/15616,2008/15338,2008-12-23,2008,125,"(Kapatılan) 13. Hukuk Dairesi 2008/15616 E. , 2008/15338 K.

""İçtihat Metni""MAHKEMESİ : ilgiliCezaMahAdi
DAVA TÜRÜ : davaTuru"
yargitay:850545600,850545600,13. Hukuk Dairesi,2008/15016,2008/14538,2008-12-03,2008,125,"(Kapatılan) 13. Hukuk Dairesi 2008/15016 E. , 2008/14538 K.

""İçtihat Metni""MAHKEMESİ : ilgiliCezaMahAdi
DAVA TÜRÜ : davaTuru"
yargitay:850547100,850547100,13. Hukuk Dairesi,2008/14988,2008/14529,2008-12-03,2008,125,"(Kapatılan) 13. Hukuk Dairesi 2008/14988 E. , 2008/14529 K.

""İçtihat Metni""MAHKEMESİ : ilgiliCezaMahAdi
DAVA TÜRÜ : davaTuru"
yargitay:850548500,850548500,13. Hukuk Dairesi,2008/15108,2008/14555,2008-12-03,2008,125,"(Kapatılan) 13. Hukuk Dairesi 2008/15108 E. , 2008/14555 K.

""İçtihat Metni""MAHKEMESİ : ilgiliCezaMahAdi
DAVA TÜRÜ : davaTuru"
yargitay:850549400,850549400,13. Hukuk Dairesi,2008/15047,2008/14543,2008-12-03,2008,125,"(Kapatılan) 13. Hukuk Dairesi 2008/15047 E. , 2008/14543 K.

""İçtihat Metni""MAHKEMESİ : ilgiliCezaMahAdi
DAVA TÜRÜ : davaTuru"
yargitay:850550500,850550500,13. Hukuk Dairesi,2008/15094,2008/14554,2008-12-03,2008,125,"(Kapatılan) 13. Hukuk Dairesi 2008/15094 E. , 2008/14554 K.

""İçtihat Metni""MAHKEMESİ : ilgiliCezaMahAdi
DAVA TÜRÜ : davaTuru"
yargitay:850551400,850551400,13. Hukuk Dairesi,2008/15092,2008/14553,2008-12-03,2008,125,"(Kapatılan) 13. Hukuk Dairesi 2008/15092 E. , 2008/14553 K.

""İçtihat Metni""MAHKEMESİ : ilgiliCezaMahAdi
DAVA TÜRÜ : davaTuru"
yargitay:850551900,850551900,13. Hukuk Dairesi,2008/15080,2008/14550,2008-12-03,2008,125,"(Kapatılan) 13. Hukuk Dairesi 2008/15080 E. , 2008/14550 K.

""İçtihat Metni""MAHKEMESİ : ilgiliCezaMahAdi
DAVA TÜRÜ : davaTuru"
yargitay:850552500,850552500,13. Hukuk Dairesi,2008/15070,2008/14546,2008-12-03,2008,125,"(Kapatılan) 13. Hukuk Dairesi 2008/15070 E. , 2008/14546 K.

""İçtihat Metni""MAHKEMESİ : ilgiliCezaMahAdi
DAVA TÜRÜ : davaTuru"
yargitay:850553200,850553200,13. Hukuk Dairesi,2008/15109,2008/14556,2008-12-03,2008,125,"(Kapatılan) 13. Hukuk Dairesi 2008/15109 E. , 2008/14556 K.

""İçtihat Metni""MAHKEMESİ : ilgiliCezaMahAdi
DAVA TÜRÜ : davaTuru"
yargitay:850555600,850555600,13. Hukuk Dairesi,2008/15012,2008/14537,2008-12-03,2008,125,"(Kapatılan) 13. Hukuk Dairesi 2008/15012 E. , 2008/14537 K.

""İçtihat Metni""MAHKEMESİ : ilgiliCezaMahAdi
DAVA TÜRÜ : davaTuru"
yargitay:850556600,850556600,13. Hukuk Dairesi,2008/14985,2008/14528,2008-12-03,2008,125,"(Kapatılan) 13. Hukuk Dairesi 2008/14985 E. , 2008/14528 K.

""İçtihat Metni""MAHKEMESİ : ilgiliCezaMahAdi
DAVA TÜRÜ : davaTuru"
yargitay:850558500,850558500,13. Hukuk Dairesi,2008/13960,2008/15156,2008-12-18,2008,125,"(Kapatılan) 13. Hukuk Dairesi 2008/13960 E. , 2008/15156 K.

""İçtihat Metni""MAHKEMESİ : ilgiliCezaMahAdi
DAVA TÜRÜ : davaTuru"
yargitay:852078100,852078100,13. Hukuk Dairesi,2009/11258,2009/10610,2009-09-29,2009,125,"(Kapatılan) 13. Hukuk Dairesi 2009/11258 E. , 2009/10610 K.

""İçtihat Metni""MAHKEMESİ : ilgiliCezaMahAdi
DAVA TÜRÜ : davaTuru"
yargitay:852078500,852078500,13. Hukuk Dairesi,2009/11267,2009/10611,2009-09-29,2009,125,"(Kapatılan) 13. Hukuk Dairesi 2009/11267 E. , 2009/10611 K.

""İçtihat Metni""MAHKEMESİ : ilgiliCezaMahAdi
DAVA TÜRÜ : davaTuru"
yargitay:852078600,852078600,13. Hukuk Dairesi,2009/11345,2009/10634,2009-09-29,2009,125,"(Kapatılan) 13. Hukuk Dairesi 2009/11345 E. , 2009/10634 K.

""İçtihat Metni""MAHKEMESİ : ilgiliCezaMahAdi
DAVA TÜRÜ : davaTuru"
yargitay:852079100,852079100,13. Hukuk Dairesi,2009/11354,2009/10637,2009-09-29,2009,125,"(Kapatılan) 13. Hukuk Dairesi 2009/11354 E. , 2009/10637 K.

""İçtihat Metni""MAHKEMESİ : ilgiliCezaMahAdi
DAVA TÜRÜ : davaTuru"
yargitay:852079500,852079500,13. Hukuk Dairesi,2009/11359,2009/10638,2009-09-29,2009,125,"(Kapatılan) 13. Hukuk Dairesi 2009/11359 E. , 2009/10638 K.

""İçtihat Metni""MAHKEMESİ : ilgiliCezaMahAdi
DAVA TÜRÜ : davaTuru"
yargitay:852079900,852079900,13. Hukuk Dairesi,2009/11387,2009/10642,2009-09-29,2009,125,"(Kapatılan) 13. Hukuk Dairesi 2009/11387 E. , 2009/10642 K.

""İçtihat Metni""MAHKEMESİ : ilgiliCezaMahAdi
DAVA TÜRÜ : davaTuru"
yargitay:852081800,852081800,13. Hukuk Dairesi,2009/11426,2009/10648,2009-09-29,2009,125,"(Kapatılan) 13. Hukuk Dairesi 2009/11426 E. , 2009/10648 K.

""İçtihat Metni""MAHKEMESİ : ilgiliCezaMahAdi
DAVA TÜRÜ : davaTuru"
yargitay:852082000,852082000,13. Hukuk Dairesi,2009/11398,2009/10643,2009-09-29,2009,125,"(Kapatılan) 13. Hukuk Dairesi 2009/11398 E. , 2009/10643 K.

""İçtihat Metni""MAHKEMESİ : ilgiliCezaMahAdi
DAVA TÜRÜ : davaTuru"
yargitay:852082400,852082400,13. Hukuk Dairesi,2009/11478,2009/10652,2009-09-29,2009,125,"(Kapatılan) 13. Hukuk Dairesi 2009/11478 E. , 2009/10652 K.

""İçtihat Metni""MAHKEMESİ : ilgiliCezaMahAdi
DAVA TÜRÜ : davaTuru"
yargitay:852083500,852083500,13. Hukuk Dairesi,2009/11514,2009/10658,2009-09-29,2009,125,"(Kapatılan) 13. Hukuk Dairesi 2009/11514 E. , 2009/10658 K.

""İçtihat Metni""MAHKEMESİ : ilgiliCezaMahAdi
DAVA TÜRÜ : davaTuru"
yargitay:852083900,852083900,13. Hukuk Dairesi,2009/11516,2009/10659,2009-09-29,2009,125,"(Kapatılan) 13. Hukuk Dairesi 2009/11516 E. , 2009/10659 K.

""İçtihat Metni""MAHKEMESİ : ilgiliCezaMahAdi
DAVA TÜRÜ : davaTuru"
yargitay:852084100,852084100,13. Hukuk Dairesi,2009/11519,2009/10660,2009-09-29,2009,125,"(Kapatılan) 13. Hukuk Dairesi 2009/11519 E. , 2009/10660 K.

""İçtihat Metni""MAHKEMESİ : ilgiliCezaMahAdi
DAVA TÜRÜ : davaTuru"
yargitay:852084700,852084700,13. Hukuk Dairesi,2009/11524,2009/10661,2009-09-29,2009,125,"(Kapatılan) 13. Hukuk Dairesi 2009/11524 E. , 2009/10661 K.

""İçtihat Metni""MAHKEMESİ : ilgiliCezaMahAdi
DAVA TÜRÜ : davaTuru"
yargitay:852085000,852085000,13. Hukuk Dairesi,2009/11511,2009/10657,2009-09-29,2009,125,"(Kapatılan) 13. Hukuk Dairesi 2009/11511 E. , 2009/10657 K.

""İçtihat Metni""MAHKEMESİ : ilgiliCezaMahAdi
DAVA TÜRÜ : davaTuru"
yargitay:852085500,852085500,13. Hukuk Dairesi,2009/11527,2009/10662,2009-09-29,2009,125,"(Kapatılan) 13. Hukuk Dairesi 2009/11527 E. , 2009/10662 K.

""İçtihat Metni""MAHKEMESİ : ilgiliCezaMahAdi
DAVA TÜRÜ : davaTuru"
yargitay:852086200,852086200,13. Hukuk Dairesi,2009/11528,2009/10663,2009-09-29,2009,125,"(Kapatılan) 13. Hukuk Dairesi 2009/11528 E. , 2009/10663 K.

""İçtihat Metni""MAHKEMESİ : ilgiliCezaMahAdi
DAVA TÜRÜ : davaTuru"
yargitay:852086500,852086500,13. Hukuk Dairesi,2009/11529,2009/10664,2009-09-29,2009,125,"(Kapatılan) 13. Hukuk Dairesi 2009/11529 E. , 2009/10664 K.

""İçtihat Metni""MAHKEMESİ : ilgiliCezaMahAdi
DAVA TÜRÜ : davaTuru"
yargitay:852086900,852086900,13. Hukuk Dairesi,2009/11532,2009/10665,2009-09-29,2009,125,"(Kapatılan) 13. Hukuk Dairesi 2009/11532 E. , 2009/10665 K.

""İçtihat Metni""MAHKEMESİ : ilgiliCezaMahAdi
DAVA TÜRÜ : davaTuru"
yargitay:773025500,773025500,13. Hukuk Dairesi,2010/4441,2010/4866,2010-04-09,2010,126,"(Kapatılan) 13. Hukuk Dairesi 2010/4441 E. , 2010/4866 K.

""İçtihat Metni""MAHKEMESİ : ilgiliCezaMahAdi
DAVA TÜRÜ : davaTuru

."
yargitay:773025900,773025900,13. Hukuk Dairesi,2010/4434,2010/4864,2010-04-09,2010,126,"(Kapatılan) 13. Hukuk Dairesi 2010/4434 E. , 2010/4864 K.

""İçtihat Metni""MAHKEMESİ : ilgiliCezaMahAdi
DAVA TÜRÜ : davaTuru

."
yargitay:773028400,773028400,13. Hukuk Dairesi,2010/4440,2010/4865,2010-04-09,2010,126,"(Kapatılan) 13. Hukuk Dairesi 2010/4440 E. , 2010/4865 K.

""İçtihat Metni""MAHKEMESİ : ilgiliCezaMahAdi
DAVA TÜRÜ : davaTuru

."
yargitay:773029500,773029500,13. Hukuk Dairesi,2010/4464,2010/4869,2010-04-09,2010,126,"(Kapatılan) 13. Hukuk Dairesi 2010/4464 E. , 2010/4869 K.

""İçtihat Metni""MAHKEMESİ : ilgiliCezaMahAdi
DAVA TÜRÜ : davaTuru

."
yargitay:773029900,773029900,13. Hukuk Dairesi,2010/4425,2010/4862,2010-04-09,2010,126,"(Kapatılan) 13. Hukuk Dairesi 2010/4425 E. , 2010/4862 K.

""İçtihat Metni""MAHKEMESİ : ilgiliCezaMahAdi
DAVA TÜRÜ : davaTuru

."
yargitay:801388100,801388100,18. Hukuk Dairesi,2009/10947,2010/1125,2010-02-01,2010,126,"(Kapatılan) 18. Hukuk Dairesi 2009/10947 E. , 2010/1125 K.

""İçtihat Metni""

MAHKEMESİ : ilgiliCezaMahAdi
DAVA TÜRÜ : davaTuru"
yargitay:882933300,882933300,18. Hukuk Dairesi,2008/9534,2008/12551,2008-11-25,2008,126,"(Kapatılan) 18. Hukuk Dairesi 2008/9534 E. , 2008/12551 K.

""İçtihat Metni""

MAHKEMESİ : ilgiliCezaMahAdi
DAVA TÜRÜ : davaTuru"
yargitay:758845700,758845700,13. Hukuk Dairesi,2011/265,2011/217,2011-01-13,2011,127,"(Kapatılan) 13. Hukuk Dairesi 2011/265 E. , 2011/217 K.

""İçtihat Metni""MAHKEMESİ : ilgiliCezaMahAdi
DAVA TÜRÜ : davaTuru

...."
yargitay:770958800,770958800,13. Hukuk Dairesi,2010/4442,2010/4529,2010-04-06,2010,127,"(Kapatılan) 13. Hukuk Dairesi 2010/4442 E. , 2010/4529 K.

""İçtihat Metni""MAHKEMESİ : ilgiliCezaMahAdi
DAVA TÜRÜ : davaTuru
..."
yargitay:834521400,834521400,13. Hukuk Dairesi,2008/770,2008/1007,2008-01-29,2008,127,"(Kapatılan) 13. Hukuk Dairesi 2008/770 E. , 2008/1007 K.

""İçtihat Metni""MAHKEMESİ : ilgiliCezaMahAdi
DAVA TÜRÜ : davaTuru

..."
yargitay:832436100,832436100,13. Hukuk Dairesi,2007/16092,2008/132,2008-01-09,2008,128,"(Kapatılan) 13. Hukuk Dairesi 2007/16092 E. , 2008/132 K.

""İçtihat Metni""MAHKEMESİ : ilgiliCezaMahAdi
DAVA TÜRÜ : davaTuru

..."
yargitay:832436700,832436700,13. Hukuk Dairesi,2007/16075,2008/127,2008-01-09,2008,128,"(Kapatılan) 13. Hukuk Dairesi 2007/16075 E. , 2008/127 K.

""İçtihat Metni""MAHKEMESİ : ilgiliCezaMahAdi
DAVA TÜRÜ : davaTuru

..."
yargitay:758846800,758846800,13. Hukuk Dairesi,2011/1927,2011/2094,2011-02-14,2011,130,"(Kapatılan) 13. Hukuk Dairesi 2011/1927 E. , 2011/2094 K.

""İçtihat Metni""MAHKEMESİ : ilgiliCezaMahAdi
DAVA TÜRÜ : davaTuru

....."
yargitay:833610100,833610100,13. Hukuk Dairesi,2009/10746,2009/10247,2009-09-11,2009,130,"(Kapatılan) 13. Hukuk Dairesi 2009/10746 E. , 2009/10247 K.

""İçtihat Metni""MAHKEMESİ : ilgiliCezaMahAdi
DAVA TÜRÜ : davaTuru

..."
yargitay:833779100,833779100,13. Hukuk Dairesi,2009/11419,2009/10647,2009-09-29,2009,130,"(Kapatılan) 13. Hukuk Dairesi 2009/11419 E. , 2009/10647 K.

""İçtihat Metni""MAHKEMESİ : ilgiliCezaMahAdi
DAVA TÜRÜ : davaTuru

..."
yargitay:833835600,833835600,13. Hukuk Dairesi,2009/10401,2009/10561,2009-09-29,2009,130,"(Kapatılan) 13. Hukuk Dairesi 2009/10401 E. , 2009/10561 K.

""İçtihat Metni""MAHKEMESİ : ilgiliCezaMahAdi
DAVA TÜRÜ : davaTuru

..."
yargitay:833835800,833835800,13. Hukuk Dairesi,2009/11218,2009/10601,2009-09-29,2009,130,"(Kapatılan) 13. Hukuk Dairesi 2009/11218 E. , 2009/10601 K.

""İçtihat Metni""MAHKEMESİ : ilgiliCezaMahAdi
DAVA TÜRÜ : davaTuru

..."
yargitay:833836200,833836200,13. Hukuk Dairesi,2009/11257,2009/10609,2009-09-29,2009,130,"(Kapatılan) 13. Hukuk Dairesi 2009/11257 E. , 2009/10609 K.

""İçtihat Metni""MAHKEMESİ : ilgiliCezaMahAdi
DAVA TÜRÜ : davaTuru

..."
yargitay:758847700,758847700,13. Hukuk Dairesi,2011/1969,2011/2334,2011-02-18,2011,131,"(Kapatılan) 13. Hukuk Dairesi 2011/1969 E. , 2011/2334 K.

""İçtihat Metni""MAHKEMESİ : ilgiliCezaMahAdi
DAVA TÜRÜ : davaTuru

......"
yargitay:758849100,758849100,13. Hukuk Dairesi,2011/1479,2011/2003,2011-02-14,2011,136,"(Kapatılan) 13. Hukuk Dairesi 2011/1479 E. , 2011/2003 K.

""İçtihat Metni""MAHKEMESİ : ilgiliCezaMahAdi
DAVA TÜRÜ : davaTuru

..........."
yargitay:892583900,892583900,20. Hukuk Dairesi,2008/14292,2009/397,2009-01-19,2009,137,"(Kapatılan)20. Hukuk Dairesi 2008/14292 E. , 2009/397 K.

""İçtihat Metni""MAHKEMESİ : ilgiliCezaMahAdi
DAVA TÜRÜ : davaTuru

- K A R A R -"
yargitay:758834700,758834700,13. Hukuk Dairesi,2011/419,2011/666,2011-01-24,2011,138,"(Kapatılan) 13. Hukuk Dairesi 2011/419 E. , 2011/666 K.

""İçtihat Metni""MAHKEMESİ : ilgiliCezaMahAdi
DAVA TÜRÜ : davaTuru

kararın içi boş"
yargitay:758835000,758835000,13. Hukuk Dairesi,2011/248,2011/214,2011-01-13,2011,138,"(Kapatılan) 13. Hukuk Dairesi 2011/248 E. , 2011/214 K.

""İçtihat Metni""MAHKEMESİ : ilgiliCezaMahAdi
DAVA TÜRÜ : davaTuru

Kararın içi boş"
yargitay:758837900,758837900,13. Hukuk Dairesi,2011/556,2011/682,2011-01-24,2011,138,"(Kapatılan) 13. Hukuk Dairesi 2011/556 E. , 2011/682 K.

""İçtihat Metni""MAHKEMESİ : ilgiliCezaMahAdi
DAVA TÜRÜ : davaTuru

Kararın içi boş"
yargitay:895027900,895027900,20. Hukuk Dairesi,2009/13473,2009/16600,2009-11-12,2009,139,"(Kapatılan)20. Hukuk Dairesi 2009/13473 E. , 2009/16600 K.

""İçtihat Metni""MAHKEMESİ : ilgiliCezaMahAdi
DAVA TÜRÜ : davaTuru

- K A R A R -"
yargitay:758849900,758849900,13. Hukuk Dairesi,2011/858,2011/730,2011-01-24,2011,150,"(Kapatılan) 13. Hukuk Dairesi 2011/858 E. , 2011/730 K.

""İçtihat Metni""MAHKEMESİ : ilgiliCezaMahAdi
DAVA TÜRÜ : davaTuru

..........................."
yargitay:793946700,793946700,17. Hukuk Dairesi,2011/3824,2011/11166,2011-11-24,2011,152,"(Kapatılan)17. Hukuk Dairesi 2011/3824 E. , 2011/11166 K.

""İçtihat Metni""MAHKEMESİ : ilgiliCezaMahAdi
DAVA TÜRÜ : davaTuru

..........................."
yargitay:834017700,834017700,13. Hukuk Dairesi,2009/2024,2009/11223,2009-10-12,2009,152,"(Kapatılan) 13. Hukuk Dairesi 2009/2024 E. , 2009/11223 K.

""İçtihat Metni""MAHKEMESİ : ilgiliCezaMahAdi
DAVA TÜRÜ : davaTuru

.........................."
yargitay:758856100,758856100,13. Hukuk Dairesi,2011/45,2011/191,2011-01-13,2011,153,"(Kapatılan) 13. Hukuk Dairesi 2011/45 E. , 2011/191 K.

""İçtihat Metni""MAHKEMESİ : ilgiliCezaMahAdi
DAVA TÜRÜ : davaTuru

..............................."
yargitay:758844300,758844300,13. Hukuk Dairesi,2011/2145,2011/2363,2011-02-18,2011,158,"(Kapatılan) 13. Hukuk Dairesi 2011/2145 E. , 2011/2363 K.

""İçtihat Metni""MAHKEMESİ : ilgiliCezaMahAdi
DAVA TÜRÜ : davaTuru

................................."
yargitay:758865700,758865700,13. Hukuk Dairesi,2011/1318,2011/1983,2011-02-14,2011,158,"(Kapatılan) 13. Hukuk Dairesi 2011/1318 E. , 2011/1983 K.

""İçtihat Metni""MAHKEMESİ : ilgiliCezaMahAdi
DAVA TÜRÜ : davaTuru

................................."
yargitay:834330700,834330700,13. Hukuk Dairesi,2009/12666,2009/11425,2009-10-12,2009,158,"(Kapatılan) 13. Hukuk Dairesi 2009/12666 E. , 2009/11425 K.

""İçtihat Metni""MAHKEMESİ : ilgiliCezaMahAdi
DAVA TÜRÜ : davaTuru

..............................."
yargitay:758857100,758857100,13. Hukuk Dairesi,2011/2272,2011/2379,2011-02-18,2011,159,"(Kapatılan) 13. Hukuk Dairesi 2011/2272 E. , 2011/2379 K.

""İçtihat Metni""MAHKEMESİ : ilgiliCezaMahAdi
DAVA TÜRÜ : davaTuru

.................................."
yargitay:758864800,758864800,13. Hukuk Dairesi,2011/1337,2011/1986,2011-02-14,2011,160,"(Kapatılan) 13. Hukuk Dairesi 2011/1337 E. , 2011/1986 K.

""İçtihat Metni""MAHKEMESİ : ilgiliCezaMahAdi
DAVA TÜRÜ : davaTuru

..................................."
yargitay:758858400,758858400,13. Hukuk Dairesi,2011/3073,2011/2927,2011-02-28,2011,167,"(Kapatılan) 13. Hukuk Dairesi 2011/3073 E. , 2011/2927 K.

""İçtihat Metni""MAHKEMESİ : ilgiliCezaMahAdi
DAVA TÜRÜ : davaTuru

.........................................."
yargitay:758860400,758860400,13. Hukuk Dairesi,2011/67,2011/194,2011-01-13,2011,167,"(Kapatılan) 13. Hukuk Dairesi 2011/67 E. , 2011/194 K.

""İçtihat Metni""MAHKEMESİ : ilgiliCezaMahAdi
DAVA TÜRÜ : davaTuru

............................................."
yargitay:758844600,758844600,13. Hukuk Dairesi,2011/44,2011/190,2011-01-13,2011,170,"(Kapatılan) 13. Hukuk Dairesi 2011/44 E. , 2011/190 K.

""İçtihat Metni""MAHKEMESİ : ilgiliCezaMahAdi
DAVA TÜRÜ : davaTuru

................................................"
yargitay:899988700,899988700,20. Hukuk Dairesi,2006/529,2006/5909,2006-04-28,2006,198,"(Kapatılan)20. Hukuk Dairesi 2006/529 E. , 2006/5909 K.

""İçtihat Metni""MAHKEMESİ : ilgiliCezaMahAdi
DAVA TÜRÜ : davaTuru
temyiz : temyizEden

... tarih gunceol
harclar
metinA

imza

kontrolEden
..."
yargitay:899986200,899986200,20. Hukuk Dairesi,2006/4137,2006/5626,2006-04-24,2006,199,"(Kapatılan)20. Hukuk Dairesi 2006/4137 E. , 2006/5626 K.

""İçtihat Metni""MAHKEMESİ : ilgiliCezaMahAdi
DAVA TÜRÜ : davaTuru
temyiz : temyizEden

... tarih gunceol
harclar
metinA

imza

kontrolEden
..."
yargitay:856614100,856614100,14. Hukuk Dairesi,2006/3425,2006/4096,2006-04-07,2006,200,"(Kapatılan)14. Hukuk Dairesi 2006/3425 E. , 2006/4096 K.

""İçtihat Metni""MAHKEMESİ : ilgiliCezaMahAdi
DAVA TÜRÜ : davaTuru
temyiz : temyizEden

metin tarih gunceol
harclar
metinA
imza
kontrolEden
onay"
yargitay:763551600,763551600,13. Hukuk Dairesi,2011/779,2011/714,2011-01-24,2011,330,"(Kapatılan) 13. Hukuk Dairesi 2011/779 E. , 2011/714 K.

""İçtihat Metni"" T.C.
YARGITAY
yBirimAdi

ESAS NO : yEsasNo
KARAR NO : yKararNo Y A R G I T A Y İ L A M I

İNCELENEN KARARIN
MAHKEMESİ : ilgiliCezaMahAdi
TARİHİ : mahKararTarihi
NUMARASI : mahKararEsasNo
DAVACI : davaciAdiSoyadi
DAVALI : davaliAdiSoyadi
DAVA TÜRÜ : davaTuru"
yargitay:778007100,778007100,13. Hukuk Dairesi,2010/5065,2010/7496,2010-06-01,2010,331,"(Kapatılan) 13. Hukuk Dairesi 2010/5065 E. , 2010/7496 K.

""İçtihat Metni""T.C.
YARGITAY
yBirimAdi

ESAS NO : yEsasNo
KARAR NO : yKararNo Y A R G I T A Y İ L A M I

İNCELENEN KARARIN
MAHKEMESİ : ilgiliCezaMahAdi
TARİHİ : mahKararTarihi
NUMARASI : mahKararEsasNo
DAVACI : davaciAdiSoyadi
DAVALI : davaliAdiSoyadi
DAVA TÜRÜ : davaTuru"
yargitay:850085400,850085400,14. Hukuk Dairesi,2009/2147,2009/2972,2009-03-11,2009,331,"(Kapatılan)14. Hukuk Dairesi 2009/2147 E. , 2009/2972 K.

""İçtihat Metni"" T.C.
YARGITAY
yBirimAdi

ESAS NO : yEsasNo
KARAR NO : yKararNo Y A R G I T A Y İ L A M I

İNCELENEN KARARIN
MAHKEMESİ : ilgiliCezaMahAdi
TARİHİ : mahKararTarihi
NUMARASI : mahKararEsasNo
DAVACI : davaciAdiSoyadi
DAVALI : davaliAdiSoyadi
DAVA TÜRÜ : davaTuru"
yargitay:922860500,922860500,1. Hukuk Dairesi,2011/8025,2011/9954,2011-10-06,2011,340,"1. Hukuk Dairesi 2011/8025 E. , 2011/9954 K.

""İçtihat Metni""MAHKEMESİ : ilgiliCezaMahAdi
DAVA TÜRÜ : davaTuru

....................................................................................................................KARARIN İÇİ BOŞŞŞ..............................................................................................."
yargitay:894565900,894565900,21. Hukuk Dairesi,2009/8550,2009/10108,2009-06-30,2009,370,"(Kapatılan)21. Hukuk Dairesi 2009/8550 E. , 2009/10108 K.

""İçtihat Metni""MAHKEMESİ : ilgiliCezaMahAdi
DAVA TÜRÜ : davaTuru

dosyanın içi boşşşşş................................................................................................................................................................................................................................."
yargitay:842425800,842425800,12. Hukuk Dairesi,2006/13387,2006/13796,2006-06-23,2006,376,"12. Hukuk Dairesi 2006/13387 E. , 2006/13796 K.

""İçtihat Metni""
Dava davaTuru isteğine ilişkindir. Davanın açıklanan bu nitelendirmesine göre, 2797 sayılı Yargıtay Yasasının 14. maddesi uyarınca temyiz incelemesi Yüksek yargitayDairesiAdine ait bulunduğundan dosyanın ilgisi yönünden anılan Daire Başkanlığına gönderilmesine tarih tarihinde oybirliği ile karar verildi.
metin"
yargitay:872482500,872482500,17. Hukuk Dairesi,2006/5181,2006/8178,2006-11-07,2006,378,"(Kapatılan)17. Hukuk Dairesi 2006/5181 E. , 2006/8178 K.

""İçtihat Metni""Dava davaTuru isteğine ilişkindir. Davanın açıklanan bu nitelendirmesine göre, 2797 sayılı Yargıtay Yasasının 14. maddesi uyarınca temyiz incelemesi Yüksek yargitayDairesiAdine ait bulunduğundan dosyanın ilgisi yönünden anılan Daire Başkanlığına gönderilmesine tarih tarihinde oybirliği ile karar verildi."
yargitay:871659600,871659600,17. Hukuk Dairesi,2006/2060,2006/3609,2006-04-24,2006,386,"(Kapatılan)17. Hukuk Dairesi 2006/2060 E. , 2006/3609 K.

""İçtihat Metni""

Dava davaTuru isteğine ilişkindir. Davanın açıklanan bu nitelendirmesine göre, 2797 sayılı Yargıtay Yasasının 14. maddesi uyarınca temyiz incelemesi Yüksek yargitayDairesiAdine ait bulunduğundan dosyanın ilgisi yönünden anılan Daire Başkanlığına gönderilmesine tarih tarihinde oybirliği ile karar verildi.
metin"
yargitay:889618000,889618000,19. Hukuk Dairesi,2006/6413,2006/7777,2006-07-19,2006,386,"(Kapatılan)19. Hukuk Dairesi 2006/6413 E. , 2006/7777 K.

""İçtihat Metni""

Dava davaTuru isteğine ilişkindir. Davanın açıklanan bu nitelendirmesine göre, 2797 sayılı Yargıtay Yasasının 14. maddesi uyarınca temyiz incelemesi Yüksek yargitayDairesiAdine ait bulunduğundan dosyanın ilgisi yönünden anılan Daire Başkanlığına gönderilmesine tarih tarihinde oybirliği ile karar verildi.
metin"
yargitay:853412700,853412700,14. Hukuk Dairesi,2006/9016,2006/9092,2006-07-27,2006,388,"(Kapatılan)14. Hukuk Dairesi 2006/9016 E. , 2006/9092 K.

""İçtihat Metni""MAHKEMESİ : ilgiliCezaMahAdi
DAVA TÜRÜ : davaTuru

.....................................dosyanın içi boşş.................................................................................................................................................................................................................."
yargitay:871658800,871658800,17. Hukuk Dairesi,2006/2281,2006/3688,2006-04-24,2006,389,"(Kapatılan)17. Hukuk Dairesi 2006/2281 E. , 2006/3688 K.

""İçtihat Metni""

Dava davaTuru isteğine ilişkindir. Davanın açıklanan bu nitelendirmesine göre, 2797 sayılı Yargıtay Yasasının 14. maddesi uyarınca temyiz incelemesi Yüksek yargitayDairesiAdine ait bulunduğundan dosyanın ilgisi yönünden anılan Daire Başkanlığına gönderilmesine tarih tarihinde oybirliği ile karar verildi.
metin

i"
yargitay:889024900,889024900,19. Hukuk Dairesi,2006/118,2006/49,2006-01-16,2006,391,"(Kapatılan)19. Hukuk Dairesi 2006/118 E. , 2006/49 K.

""İçtihat Metni"" T.C.
YARGITAY

Dava davaTuru isteğine ilişkindir. Davanın açıklanan bu nitelendirmesine göre, 2797 sayılı Yargıtay Yasasının 14. maddesi uyarınca temyiz incelemesi Yüksek yargitayDairesiAdine ait bulunduğundan dosyanın ilgisi yönünden anılan Daire Başkanlığına gönderilmesine tarih tarihinde oybirliği ile karar verildi."
yargitay:889023200,889023200,19. Hukuk Dairesi,2006/448,2006/521,2006-01-27,2006,392,"(Kapatılan)19. Hukuk Dairesi 2006/448 E. , 2006/521 K.

""İçtihat Metni"" T.C.
YARGITAY

Dava davaTuru isteğine ilişkindir. Davanın açıklanan bu nitelendirmesine göre, 2797 sayılı Yargıtay Yasasının 14. maddesi uyarınca temyiz incelemesi Yüksek yargitayDairesiAdine ait bulunduğundan dosyanın ilgisi yönünden anılan Daire Başkanlığına gönderilmesine tarih tarihinde oybirliği ile karar verildi."
yargitay:889024700,889024700,19. Hukuk Dairesi,2005/11994,2006/2,2006-01-03,2006,392,"(Kapatılan)19. Hukuk Dairesi 2005/11994 E. , 2006/2 K.

""İçtihat Metni"" T.C.
YARGITAY

Dava davaTuru isteğine ilişkindir. Davanın açıklanan bu nitelendirmesine göre, 2797 sayılı Yargıtay Yasasının 14. maddesi uyarınca temyiz incelemesi Yüksek yargitayDairesiAdine ait bulunduğundan dosyanın ilgisi yönünden anılan Daire Başkanlığına gönderilmesine tarih tarihinde oybirliği ile karar verildi."
yargitay:894564500,894564500,21. Hukuk Dairesi,2008/10057,2009/7487,2009-06-01,2009,411,"(Kapatılan)21. Hukuk Dairesi 2008/10057 E. , 2009/7487 K.

""İçtihat Metni""MAHKEMESİ : ilgiliCezaMahAdi
DAVA TÜRÜ : davaTuru

dosyanın içi boşş............................................................................................................................................................................................................................................................................."
yargitay:1007155900,1007155900,4. Hukuk Dairesi,2010/10136,2010/9292,2010-09-21,2010,484,"4. Hukuk Dairesi 2010/10136 E. , 2010/9292 K.

""İçtihat Metni""

MAHKEMESİ : ilgiliCezaMahAdi
DAVA TÜRÜ : davaTuru

Dosya içeriğine, temyizin kapsamına, uyuşmazlığın …ilişkin bulunmasına göre, temyiz inceleme görevi Yargıtay Yasası’nın 14. maddesi ve Başkanlar Kurulu kararı uyarınca Yargıtay Hukuk Dairesine aittir.
SONUÇ: Açıklanan nedenlerle, temyiz itirazlarının incelenmesi için dosyanın Yargıtay .. Hukuk Dairesi Başkanlığına gönderilmesine …. gününde oybirliğiyle karar verildi."
yargitay:901948400,901948400,20. Hukuk Dairesi,2008/16598,2008/17940,2008-12-18,2008,558,"(Kapatılan)20. Hukuk Dairesi 2008/16598 E. , 2008/17940 K.

""İçtihat Metni""MAHKEMESİ : ilgiliCezaMahAdi
DAVA TÜRÜ : davaTuru

Taraflar arasındaki .. hukukuna ilişkin davada .. Mahkemelerince ayrı ayrı görevsizlik/yetkisizlik kararı verilmesi nedeni ile yargı yerinin belli edilmesi için gönderilen dosya içindeki tüm belgeler incelendi gereği düşünüldü:

K A R A R

SONUÇ: Yukarıda belirtilen nedenlerle; H.Y.U.Y.’nın 25. ve 26. maddeleri gereğince ... Sulh Hukuk Mahkemesinin YARGI YERİ OLARAK BELİRLENMESİNE .../.../2006 gününde oybirliğiyle karar verildi."
yargitay:891125400,891125400,20. Hukuk Dairesi,2009/4,2009/3642,2009-03-05,2009,566,"(Kapatılan)20. Hukuk Dairesi 2009/4 E. , 2009/3642 K.

""İçtihat Metni""MAHKEMESİ : ilgiliCezaMahAdi
DAVA TÜRÜ : davaTuru

Taraflar arasındaki .. davasının yapılan duruşması sonunda kurulan hükmün Yargıtayca incelenmesi .. tarafından istenilmekle, süresinde olduğu anlaşılan temyiz dilekçesinin kabulüne karar verildikten sonra dosya incelendi, gereği düşünüldü:

K A R A R
SONUÇ: Yukarıda açıklanan nedenlerle; .. temyiz itirazlarının kabulü ile hükmün BOZULMASINA, peşin alınan temyiz harcının istek halinde .. iadesine .../.../2006 günü oybirliği ile karar verildi."
yargitay:890159900,890159900,20. Hukuk Dairesi,2009/612,2009/84,2009-01-16,2009,567,"(Kapatılan)20. Hukuk Dairesi 2009/612 E. , 2009/84 K.

""İçtihat Metni""MAHKEMESİ : ilgiliCezaMahAdi
DAVA TÜRÜ : davaTuru

Taraflar arasındaki .. davasının yapılan duruşması sonunda kurulan hükmün Yargıtayca incelenmesi .. tarafından istenilmekle, süresinde olduğu anlaşılan temyiz dilekçesinin kabulüne karar verildikten sonra dosya incelendi, gereği düşünüldü:

K A R A R

SONUÇ: Yukarıda açıklanan nedenlerle; .. temyiz itirazlarının kabulü ile hükmün BOZULMASINA, peşin alınan temyiz harcının istek halinde .. iadesine .../.../2006 günü oybirliği ile karar verildi."
yargitay:891094400,891094400,20. Hukuk Dairesi,2009/849,2009/3656,2009-03-05,2009,567,"(Kapatılan)20. Hukuk Dairesi 2009/849 E. , 2009/3656 K.

""İçtihat Metni""MAHKEMESİ : ilgiliCezaMahAdi
DAVA TÜRÜ : davaTuru
Taraflar arasındaki .. davasının yapılan duruşması sonunda kurulan hükmün Yargıtayca incelenmesi .. tarafından istenilmekle, süresinde olduğu anlaşılan temyiz dilekçesinin kabulüne karar verildikten sonra dosya incelendi, gereği düşünüldü:

K A R A R
SONUÇ: Yukarıda açıklanan nedenlerle; .. temyiz itirazlarının kabulü ile hükmün BOZULMASINA, peşin alınan temyiz harcının istek halinde .. iadesine .../.../2006 günü oybirliği ile karar verildi."
yargitay:891095200,891095200,20. Hukuk Dairesi,2009/853,2009/3671,2009-03-05,2009,567,"(Kapatılan)20. Hukuk Dairesi 2009/853 E. , 2009/3671 K.

""İçtihat Metni""MAHKEMESİ : ilgiliCezaMahAdi
DAVA TÜRÜ : davaTuru
Taraflar arasındaki .. davasının yapılan duruşması sonunda kurulan hükmün Yargıtayca incelenmesi .. tarafından istenilmekle, süresinde olduğu anlaşılan temyiz dilekçesinin kabulüne karar verildikten sonra dosya incelendi, gereği düşünüldü:

K A R A R
SONUÇ: Yukarıda açıklanan nedenlerle; .. temyiz itirazlarının kabulü ile hükmün BOZULMASINA, peşin alınan temyiz harcının istek halinde .. iadesine .../.../2006 günü oybirliği ile karar verildi."
yargitay:896255000,896255000,20. Hukuk Dairesi,2009/888,2009/4039,2009-03-11,2009,567,"(Kapatılan)20. Hukuk Dairesi 2009/888 E. , 2009/4039 K.

""İçtihat Metni""MAHKEMESİ : ilgiliCezaMahAdi
DAVA TÜRÜ : davaTuru
Taraflar arasındaki .. davasının yapılan duruşması sonunda kurulan hükmün Yargıtayca incelenmesi .. tarafından istenilmekle, süresinde olduğu anlaşılan temyiz dilekçesinin kabulüne karar verildikten sonra dosya incelendi, gereği düşünüldü:

K A R A R
SONUÇ: Yukarıda açıklanan nedenlerle; .. temyiz itirazlarının kabulü ile hükmün BOZULMASINA, peşin alınan temyiz harcının istek halinde .. iadesine .../.../2006 günü oybirliği ile karar verildi."
yargitay:896337100,896337100,20. Hukuk Dairesi,2009/2185,2009/4584,2009-03-19,2009,567,"(Kapatılan)20. Hukuk Dairesi 2009/2185 E. , 2009/4584 K.

""İçtihat Metni""MAHKEMESİ : ilgiliCezaMahAdi
DAVA TÜRÜ : davaTuru
Taraflar arasındaki .. davasının yapılan duruşması sonunda kurulan hükmün Yargıtayca incelenmesi .. tarafından istenilmekle, süresinde olduğu anlaşılan temyiz dilekçesinin kabulüne karar verildikten sonra dosya incelendi, gereği düşünüldü:
K A R A R
SONUÇ: Yukarıda açıklanan nedenlerle; .. temyiz itirazlarının kabulü ile hükmün BOZULMASINA, peşin alınan temyiz harcının istek halinde .. iadesine .../.../2006 günü oybirliği ile karar verildi."
yargitay:890234900,890234900,20. Hukuk Dairesi,2009/316,2009/139,2009-01-16,2009,568,"(Kapatılan)20. Hukuk Dairesi 2009/316 E. , 2009/139 K.

""İçtihat Metni""MAHKEMESİ : ilgiliCezaMahAdi
DAVA TÜRÜ : davaTuru

Taraflar arasındaki .. davasının yapılan duruşması sonunda kurulan hükmün Yargıtayca incelenmesi .. tarafından istenilmekle, süresinde olduğu anlaşılan temyiz dilekçesinin kabulüne karar verildikten sonra dosya incelendi, gereği düşünüldü:

K A R A R

SONUÇ: Yukarıda açıklanan nedenlerle; .. temyiz itirazlarının kabulü ile hükmün BOZULMASINA, peşin alınan temyiz harcının istek halinde .. iadesine .../.../2006 günü oybirliği ile karar verildi."
yargitay:891101600,891101600,20. Hukuk Dairesi,2009/903,2009/3661,2009-03-05,2009,568,"(Kapatılan)20. Hukuk Dairesi 2009/903 E. , 2009/3661 K.

""İçtihat Metni""MAHKEMESİ : ilgiliCezaMahAdi
DAVA TÜRÜ : davaTuru

Taraflar arasındaki .. davasının yapılan duruşması sonunda kurulan hükmün Yargıtayca incelenmesi .. tarafından istenilmekle, süresinde olduğu anlaşılan temyiz dilekçesinin kabulüne karar verildikten sonra dosya incelendi, gereği düşünüldü:

K A R A R
SONUÇ: Yukarıda açıklanan nedenlerle; .. temyiz itirazlarının kabulü ile hükmün BOZULMASINA, peşin alınan temyiz harcının istek halinde .. iadesine .../.../2006 günü oybirliği ile karar verildi."
yargitay:893858000,893858000,20. Hukuk Dairesi,2009/482,2009/3568,2009-03-04,2009,568,"(Kapatılan)20. Hukuk Dairesi 2009/482 E. , 2009/3568 K.

""İçtihat Metni""MAHKEMESİ : ilgiliCezaMahAdi
DAVA TÜRÜ : davaTuru

Taraflar arasındaki .. davasının yapılan duruşması sonunda kurulan hükmün Yargıtayca incelenmesi .. tarafından istenilmekle, süresinde olduğu anlaşılan temyiz dilekçesinin kabulüne karar verildikten sonra dosya incelendi, gereği düşünüldü:

K A R A R
SONUÇ: Yukarıda açıklanan nedenlerle; .. temyiz itirazlarının kabulü ile hükmün BOZULMASINA, peşin alınan temyiz harcının istek halinde .. iadesine .../.../2006 günü oybirliği ile karar verildi."
yargitay:894256700,894256700,20. Hukuk Dairesi,2009/581,2009/782,2009-01-26,2009,568,"(Kapatılan)20. Hukuk Dairesi 2009/581 E. , 2009/782 K.

""İçtihat Metni""MAHKEMESİ : ilgiliCezaMahAdi
DAVA TÜRÜ : davaTuru

Taraflar arasındaki .. davasının yapılan duruşması sonunda kurulan hükmün Yargıtayca incelenmesi .. tarafından istenilmekle, süresinde olduğu anlaşılan temyiz dilekçesinin kabulüne karar verildikten sonra dosya incelendi, gereği düşünüldü:

K A R A R

SONUÇ: Yukarıda açıklanan nedenlerle; .. temyiz itirazlarının kabulü ile hükmün BOZULMASINA, peşin alınan temyiz harcının istek halinde .. iadesine .../.../2006 günü oybirliği ile karar verildi."
yargitay:896340900,896340900,20. Hukuk Dairesi,2009/2165,2009/4588,2009-03-19,2009,568,"(Kapatılan)20. Hukuk Dairesi 2009/2165 E. , 2009/4588 K.

""İçtihat Metni""MAHKEMESİ : ilgiliCezaMahAdi
DAVA TÜRÜ : davaTuru

Taraflar arasındaki .. davasının yapılan duruşması sonunda kurulan hükmün Yargıtayca incelenmesi .. tarafından istenilmekle, süresinde olduğu anlaşılan temyiz dilekçesinin kabulüne karar verildikten sonra dosya incelendi, gereği düşünüldü:
K A R A R
SONUÇ: Yukarıda açıklanan nedenlerle; .. temyiz itirazlarının kabulü ile hükmün BOZULMASINA, peşin alınan temyiz harcının istek halinde .. iadesine .../.../2006 günü oybirliği ile karar verildi."
yargitay:897807400,897807400,20. Hukuk Dairesi,2009/3017,2009/5157,2009-03-26,2009,568,"(Kapatılan)20. Hukuk Dairesi 2009/3017 E. , 2009/5157 K.

""İçtihat Metni""MAHKEMESİ : ilgiliCezaMahAdi
DAVA TÜRÜ : davaTuru
Taraflar arasındaki .. davasının yapılan duruşması sonunda kurulan hükmün Yargıtayca incelenmesi .. tarafından istenilmekle, süresinde olduğu anlaşılan temyiz dilekçesinin kabulüne karar verildikten sonra dosya incelendi, gereği düşünüldü:

K A R A R
SONUÇ: Yukarıda açıklanan nedenlerle; .. temyiz itirazlarının kabulü ile hükmün BOZULMASINA, peşin alınan temyiz harcının istek halinde .. iadesine .../.../2006 günü oybirliği ile karar verildi."
yargitay:890750600,890750600,20. Hukuk Dairesi,2009/1497,2009/3341,2009-03-02,2009,569,"(Kapatılan)20. Hukuk Dairesi 2009/1497 E. , 2009/3341 K.

""İçtihat Metni""MAHKEMESİ : ilgiliCezaMahAdi
DAVA TÜRÜ : davaTuru

Taraflar arasındaki .. davasının yapılan duruşması sonunda kurulan hükmün Yargıtayca incelenmesi .. tarafından istenilmekle, süresinde olduğu anlaşılan temyiz dilekçesinin kabulüne karar verildikten sonra dosya incelendi, gereği düşünüldü:

K A R A R
SONUÇ: Yukarıda açıklanan nedenlerle; .. temyiz itirazlarının kabulü ile hükmün BOZULMASINA, peşin alınan temyiz harcının istek halinde .. iadesine .../.../2006 günü oybirliği ile karar verildi."
yargitay:890751500,890751500,20. Hukuk Dairesi,2009/1491,2009/3348,2009-03-02,2009,569,"(Kapatılan)20. Hukuk Dairesi 2009/1491 E. , 2009/3348 K.

""İçtihat Metni""MAHKEMESİ : ilgiliCezaMahAdi
DAVA TÜRÜ : davaTuru

Taraflar arasındaki .. davasının yapılan duruşması sonunda kurulan hükmün Yargıtayca incelenmesi .. tarafından istenilmekle, süresinde olduğu anlaşılan temyiz dilekçesinin kabulüne karar verildikten sonra dosya incelendi, gereği düşünüldü:

K A R A R
SONUÇ: Yukarıda açıklanan nedenlerle; .. temyiz itirazlarının kabulü ile hükmün BOZULMASINA, peşin alınan temyiz harcının istek halinde .. iadesine .../.../2006 günü oybirliği ile karar verildi."
yargitay:890878500,890878500,20. Hukuk Dairesi,2009/1934,2009/3729,2009-03-05,2009,569,"(Kapatılan)20. Hukuk Dairesi 2009/1934 E. , 2009/3729 K.

""İçtihat Metni""MAHKEMESİ : ilgiliCezaMahAdi
DAVA TÜRÜ : davaTuru

Taraflar arasındaki .. davasının yapılan duruşması sonunda kurulan hükmün Yargıtayca incelenmesi .. tarafından istenilmekle, süresinde olduğu anlaşılan temyiz dilekçesinin kabulüne karar verildikten sonra dosya incelendi, gereği düşünüldü:

K A R A R
SONUÇ: Yukarıda açıklanan nedenlerle; .. temyiz itirazlarının kabulü ile hükmün BOZULMASINA, peşin alınan temyiz harcının istek halinde .. iadesine .../.../2006 günü oybirliği ile karar verildi."
yargitay:890999800,890999800,20. Hukuk Dairesi,2009/1625,2009/3805,2009-03-09,2009,569,"(Kapatılan)20. Hukuk Dairesi 2009/1625 E. , 2009/3805 K.

""İçtihat Metni""MAHKEMESİ : ilgiliCezaMahAdi
DAVA TÜRÜ : davaTuru

Taraflar arasındaki .. davasının yapılan duruşması sonunda kurulan hükmün Yargıtayca incelenmesi .. tarafından istenilmekle, süresinde olduğu anlaşılan temyiz dilekçesinin kabulüne karar verildikten sonra dosya incelendi, gereği düşünüldü:

K A R A R
SONUÇ: Yukarıda açıklanan nedenlerle; .. temyiz itirazlarının kabulü ile hükmün BOZULMASINA, peşin alınan temyiz harcının istek halinde .. iadesine .../.../2006 günü oybirliği ile karar verildi."
yargitay:891097200,891097200,20. Hukuk Dairesi,2009/2019,2009/3437,2009-03-02,2009,569,"(Kapatılan)20. Hukuk Dairesi 2009/2019 E. , 2009/3437 K.

""İçtihat Metni""MAHKEMESİ : ilgiliCezaMahAdi
DAVA TÜRÜ : davaTuru

Taraflar arasındaki .. davasının yapılan duruşması sonunda kurulan hükmün Yargıtayca incelenmesi .. tarafından istenilmekle, süresinde olduğu anlaşılan temyiz dilekçesinin kabulüne karar verildikten sonra dosya incelendi, gereği düşünüldü:

K A R A R
SONUÇ: Yukarıda açıklanan nedenlerle; .. temyiz itirazlarının kabulü ile hükmün BOZULMASINA, peşin alınan temyiz harcının istek halinde .. iadesine .../.../2006 günü oybirliği ile karar verildi."
yargitay:891139900,891139900,20. Hukuk Dairesi,2009/2107,2009/3622,2009-03-04,2009,569,"(Kapatılan)20. Hukuk Dairesi 2009/2107 E. , 2009/3622 K.

""İçtihat Metni""MAHKEMESİ : ilgiliCezaMahAdi
DAVA TÜRÜ : davaTuru

Taraflar arasındaki .. davasının yapılan duruşması sonunda kurulan hükmün Yargıtayca incelenmesi .. tarafından istenilmekle, süresinde olduğu anlaşılan temyiz dilekçesinin kabulüne karar verildikten sonra dosya incelendi, gereği düşünüldü:

K A R A R
SONUÇ: Yukarıda açıklanan nedenlerle; .. temyiz itirazlarının kabulü ile hükmün BOZULMASINA, peşin alınan temyiz harcının istek halinde .. iadesine .../.../2006 günü oybirliği ile karar verildi."
yargitay:891400200,891400200,20. Hukuk Dairesi,2009/6536,2009/8025,2009-05-12,2009,569,"(Kapatılan)20. Hukuk Dairesi 2009/6536 E. , 2009/8025 K.

""İçtihat Metni""MAHKEMESİ : ilgiliCezaMahAdi
DAVA TÜRÜ : davaTuru

Taraflar arasındaki .. davasının yapılan duruşması sonunda kurulan hükmün Yargıtayca incelenmesi .. tarafından istenilmekle, süresinde olduğu anlaşılan temyiz dilekçesinin kabulüne karar verildikten sonra dosya incelendi, gereği düşünüldü:

K A R A R
SONUÇ: Yukarıda açıklanan nedenlerle; .. temyiz itirazlarının kabulü ile hükmün BOZULMASINA, peşin alınan temyiz harcının istek halinde .. iadesine .../.../2006 günü oybirliği ile karar verildi."
yargitay:891574900,891574900,20. Hukuk Dairesi,2009/6876,2009/8512,2009-05-25,2009,569,"(Kapatılan)20. Hukuk Dairesi 2009/6876 E. , 2009/8512 K.

""İçtihat Metni""MAHKEMESİ : ilgiliCezaMahAdi
DAVA TÜRÜ : davaTuru

Taraflar arasındaki .. davasının yapılan duruşması sonunda kurulan hükmün Yargıtayca incelenmesi .. tarafından istenilmekle, süresinde olduğu anlaşılan temyiz dilekçesinin kabulüne karar verildikten sonra dosya incelendi, gereği düşünüldü:

K A R A R
SONUÇ: Yukarıda açıklanan nedenlerle; .. temyiz itirazlarının kabulü ile hükmün BOZULMASINA, peşin alınan temyiz harcının istek halinde .. iadesine .../.../2006 günü oybirliği ile karar verildi."
yargitay:891833500,891833500,20. Hukuk Dairesi,2009/5223,2009/7055,2009-04-28,2009,569,"(Kapatılan)20. Hukuk Dairesi 2009/5223 E. , 2009/7055 K.

""İçtihat Metni""MAHKEMESİ : ilgiliCezaMahAdi
DAVA TÜRÜ : davaTuru

Taraflar arasındaki .. davasının yapılan duruşması sonunda kurulan hükmün Yargıtayca incelenmesi .. tarafından istenilmekle, süresinde olduğu anlaşılan temyiz dilekçesinin kabulüne karar verildikten sonra dosya incelendi, gereği düşünüldü:

K A R A R
SONUÇ: Yukarıda açıklanan nedenlerle; .. temyiz itirazlarının kabulü ile hükmün BOZULMASINA, peşin alınan temyiz harcının istek halinde .. iadesine .../.../2006 günü oybirliği ile karar verildi."
yargitay:891841900,891841900,20. Hukuk Dairesi,2009/1808,2009/3773,2009-03-09,2009,569,"(Kapatılan)20. Hukuk Dairesi 2009/1808 E. , 2009/3773 K.

""İçtihat Metni""MAHKEMESİ : ilgiliCezaMahAdi
DAVA TÜRÜ : davaTuru

Taraflar arasındaki .. davasının yapılan duruşması sonunda kurulan hükmün Yargıtayca incelenmesi .. tarafından istenilmekle, süresinde olduğu anlaşılan temyiz dilekçesinin kabulüne karar verildikten sonra dosya incelendi, gereği düşünüldü:

K A R A R
SONUÇ: Yukarıda açıklanan nedenlerle; .. temyiz itirazlarının kabulü ile hükmün BOZULMASINA, peşin alınan temyiz harcının istek halinde .. iadesine .../.../2006 günü oybirliği ile karar verildi."
yargitay:891864300,891864300,20. Hukuk Dairesi,2009/1235,2009/3835,2009-03-09,2009,569,"(Kapatılan)20. Hukuk Dairesi 2009/1235 E. , 2009/3835 K.

""İçtihat Metni""MAHKEMESİ : ilgiliCezaMahAdi
DAVA TÜRÜ : davaTuru

Taraflar arasındaki .. davasının yapılan duruşması sonunda kurulan hükmün Yargıtayca incelenmesi .. tarafından istenilmekle, süresinde olduğu anlaşılan temyiz dilekçesinin kabulüne karar verildikten sonra dosya incelendi, gereği düşünüldü:

K A R A R
SONUÇ: Yukarıda açıklanan nedenlerle; .. temyiz itirazlarının kabulü ile hükmün BOZULMASINA, peşin alınan temyiz harcının istek halinde .. iadesine .../.../2006 günü oybirliği ile karar verildi."
yargitay:893562100,893562100,20. Hukuk Dairesi,2009/1454,2009/4011,2009-03-11,2009,569,"(Kapatılan)20. Hukuk Dairesi 2009/1454 E. , 2009/4011 K.

""İçtihat Metni""MAHKEMESİ : ilgiliCezaMahAdi
DAVA TÜRÜ : davaTuru

Taraflar arasındaki .. davasının yapılan duruşması sonunda kurulan hükmün Yargıtayca incelenmesi .. tarafından istenilmekle, süresinde olduğu anlaşılan temyiz dilekçesinin kabulüne karar verildikten sonra dosya incelendi, gereği düşünüldü:

K A R A R
SONUÇ: Yukarıda açıklanan nedenlerle; .. temyiz itirazlarının kabulü ile hükmün BOZULMASINA, peşin alınan temyiz harcının istek halinde .. iadesine .../.../2006 günü oybirliği ile karar verildi."
yargitay:893742800,893742800,20. Hukuk Dairesi,2009/2246,2009/3388,2009-03-02,2009,569,"(Kapatılan)20. Hukuk Dairesi 2009/2246 E. , 2009/3388 K.

""İçtihat Metni""MAHKEMESİ : ilgiliCezaMahAdi
DAVA TÜRÜ : davaTuru

Taraflar arasındaki .. davasının yapılan duruşması sonunda kurulan hükmün Yargıtayca incelenmesi .. tarafından istenilmekle, süresinde olduğu anlaşılan temyiz dilekçesinin kabulüne karar verildikten sonra dosya incelendi, gereği düşünüldü:

K A R A R
SONUÇ: Yukarıda açıklanan nedenlerle; .. temyiz itirazlarının kabulü ile hükmün BOZULMASINA, peşin alınan temyiz harcının istek halinde .. iadesine .../.../2006 günü oybirliği ile karar verildi."
yargitay:894089200,894089200,20. Hukuk Dairesi,2009/3715,2009/5301,2009-03-30,2009,569,"(Kapatılan)20. Hukuk Dairesi 2009/3715 E. , 2009/5301 K.

""İçtihat Metni""MAHKEMESİ : ilgiliCezaMahAdi
DAVA TÜRÜ : davaTuru

Taraflar arasındaki .. davasının yapılan duruşması sonunda kurulan hükmün Yargıtayca incelenmesi .. tarafından istenilmekle, süresinde olduğu anlaşılan temyiz dilekçesinin kabulüne karar verildikten sonra dosya incelendi, gereği düşünüldü:

K A R A R
SONUÇ: Yukarıda açıklanan nedenlerle; .. temyiz itirazlarının kabulü ile hükmün BOZULMASINA, peşin alınan temyiz harcının istek halinde .. iadesine .../.../2006 günü oybirliği ile karar verildi."
yargitay:894368200,894368200,20. Hukuk Dairesi,2009/1242,2009/3839,2009-03-09,2009,569,"(Kapatılan)20. Hukuk Dairesi 2009/1242 E. , 2009/3839 K.

""İçtihat Metni""MAHKEMESİ : ilgiliCezaMahAdi
DAVA TÜRÜ : davaTuru

Taraflar arasındaki .. davasının yapılan duruşması sonunda kurulan hükmün Yargıtayca incelenmesi .. tarafından istenilmekle, süresinde olduğu anlaşılan temyiz dilekçesinin kabulüne karar verildikten sonra dosya incelendi, gereği düşünüldü:

K A R A R
SONUÇ: Yukarıda açıklanan nedenlerle; .. temyiz itirazlarının kabulü ile hükmün BOZULMASINA, peşin alınan temyiz harcının istek halinde .. iadesine .../.../2006 günü oybirliği ile karar verildi."
yargitay:895066600,895066600,20. Hukuk Dairesi,2009/4600,2009/6602,2009-04-15,2009,569,"(Kapatılan)20. Hukuk Dairesi 2009/4600 E. , 2009/6602 K.

""İçtihat Metni""MAHKEMESİ : ilgiliCezaMahAdi
DAVA TÜRÜ : davaTuru

Taraflar arasındaki .. davasının yapılan duruşması sonunda kurulan hükmün Yargıtayca incelenmesi .. tarafından istenilmekle, süresinde olduğu anlaşılan temyiz dilekçesinin kabulüne karar verildikten sonra dosya incelendi, gereği düşünüldü:

K A R A R
SONUÇ: Yukarıda açıklanan nedenlerle; .. temyiz itirazlarının kabulü ile hükmün BOZULMASINA, peşin alınan temyiz harcının istek halinde .. iadesine .../.../2006 günü oybirliği ile karar verildi."
yargitay:895376500,895376500,20. Hukuk Dairesi,2009/2195,2009/4587,2009-03-19,2009,569,"(Kapatılan)20. Hukuk Dairesi 2009/2195 E. , 2009/4587 K.

""İçtihat Metni""MAHKEMESİ : ilgiliCezaMahAdi
DAVA TÜRÜ : davaTuru

Taraflar arasındaki .. davasının yapılan duruşması sonunda kurulan hükmün Yargıtayca incelenmesi .. tarafından istenilmekle, süresinde olduğu anlaşılan temyiz dilekçesinin kabulüne karar verildikten sonra dosya incelendi, gereği düşünüldü:

K A R A R
SONUÇ: Yukarıda açıklanan nedenlerle; .. temyiz itirazlarının kabulü ile hükmün BOZULMASINA, peşin alınan temyiz harcının istek halinde .. iadesine .../.../2006 günü oybirliği ile karar verildi."
yargitay:895782200,895782200,20. Hukuk Dairesi,2009/1425,2009/3778,2009-03-09,2009,569,"(Kapatılan)20. Hukuk Dairesi 2009/1425 E. , 2009/3778 K.

""İçtihat Metni""MAHKEMESİ : ilgiliCezaMahAdi
DAVA TÜRÜ : davaTuru

Taraflar arasındaki .. davasının yapılan duruşması sonunda kurulan hükmün Yargıtayca incelenmesi .. tarafından istenilmekle, süresinde olduğu anlaşılan temyiz dilekçesinin kabulüne karar verildikten sonra dosya incelendi, gereği düşünüldü:

K A R A R
SONUÇ: Yukarıda açıklanan nedenlerle; .. temyiz itirazlarının kabulü ile hükmün BOZULMASINA, peşin alınan temyiz harcının istek halinde .. iadesine .../.../2006 günü oybirliği ile karar verildi."
yargitay:895816900,895816900,20. Hukuk Dairesi,2009/3084,2009/5178,2009-03-26,2009,569,"(Kapatılan)20. Hukuk Dairesi 2009/3084 E. , 2009/5178 K.

""İçtihat Metni""MAHKEMESİ : ilgiliCezaMahAdi
DAVA TÜRÜ : davaTuru

Taraflar arasındaki .. davasının yapılan duruşması sonunda kurulan hükmün Yargıtayca incelenmesi .. tarafından istenilmekle, süresinde olduğu anlaşılan temyiz dilekçesinin kabulüne karar verildikten sonra dosya incelendi, gereği düşünüldü:

K A R A R
SONUÇ: Yukarıda açıklanan nedenlerle; .. temyiz itirazlarının kabulü ile hükmün BOZULMASINA, peşin alınan temyiz harcının istek halinde .. iadesine .../.../2006 günü oybirliği ile karar verildi."
yargitay:895817700,895817700,20. Hukuk Dairesi,2009/2864,2009/4690,2009-03-19,2009,569,"(Kapatılan)20. Hukuk Dairesi 2009/2864 E. , 2009/4690 K.

""İçtihat Metni""MAHKEMESİ : ilgiliCezaMahAdi
DAVA TÜRÜ : davaTuru

Taraflar arasındaki .. davasının yapılan duruşması sonunda kurulan hükmün Yargıtayca incelenmesi .. tarafından istenilmekle, süresinde olduğu anlaşılan temyiz dilekçesinin kabulüne karar verildikten sonra dosya incelendi, gereği düşünüldü:

K A R A R
SONUÇ: Yukarıda açıklanan nedenlerle; .. temyiz itirazlarının kabulü ile hükmün BOZULMASINA, peşin alınan temyiz harcının istek halinde .. iadesine .../.../2006 günü oybirliği ile karar verildi."
yargitay:895832400,895832400,20. Hukuk Dairesi,2009/3136,2009/4886,2009-03-23,2009,569,"(Kapatılan)20. Hukuk Dairesi 2009/3136 E. , 2009/4886 K.

""İçtihat Metni""MAHKEMESİ : ilgiliCezaMahAdi
DAVA TÜRÜ : davaTuru

Taraflar arasındaki .. davasının yapılan duruşması sonunda kurulan hükmün Yargıtayca incelenmesi .. tarafından istenilmekle, süresinde olduğu anlaşılan temyiz dilekçesinin kabulüne karar verildikten sonra dosya incelendi, gereği düşünüldü:

K A R A R
SONUÇ: Yukarıda açıklanan nedenlerle; .. temyiz itirazlarının kabulü ile hükmün BOZULMASINA, peşin alınan temyiz harcının istek halinde .. iadesine .../.../2006 günü oybirliği ile karar verildi."
yargitay:895886200,895886200,20. Hukuk Dairesi,2009/2354,2009/4281,2009-03-16,2009,569,"(Kapatılan)20. Hukuk Dairesi 2009/2354 E. , 2009/4281 K.

""İçtihat Metni""MAHKEMESİ : ilgiliCezaMahAdi
DAVA TÜRÜ : davaTuru

Taraflar arasındaki .. davasının yapılan duruşması sonunda kurulan hükmün Yargıtayca incelenmesi .. tarafından istenilmekle, süresinde olduğu anlaşılan temyiz dilekçesinin kabulüne karar verildikten sonra dosya incelendi, gereği düşünüldü:

K A R A R
SONUÇ: Yukarıda açıklanan nedenlerle; .. temyiz itirazlarının kabulü ile hükmün BOZULMASINA, peşin alınan temyiz harcının istek halinde .. iadesine .../.../2006 günü oybirliği ile karar verildi."
yargitay:896141100,896141100,20. Hukuk Dairesi,2009/1571,2009/4646,2009-03-19,2009,569,"(Kapatılan)20. Hukuk Dairesi 2009/1571 E. , 2009/4646 K.

""İçtihat Metni""MAHKEMESİ : ilgiliCezaMahAdi
DAVA TÜRÜ : davaTuru

Taraflar arasındaki .. davasının yapılan duruşması sonunda kurulan hükmün Yargıtayca incelenmesi .. tarafından istenilmekle, süresinde olduğu anlaşılan temyiz dilekçesinin kabulüne karar verildikten sonra dosya incelendi, gereği düşünüldü:

K A R A R
SONUÇ: Yukarıda açıklanan nedenlerle; .. temyiz itirazlarının kabulü ile hükmün BOZULMASINA, peşin alınan temyiz harcının istek halinde .. iadesine .../.../2006 günü oybirliği ile karar verildi."
yargitay:896195200,896195200,20. Hukuk Dairesi,2009/1089,2009/4445,2009-03-17,2009,569,"(Kapatılan)20. Hukuk Dairesi 2009/1089 E. , 2009/4445 K.

""İçtihat Metni""MAHKEMESİ : ilgiliCezaMahAdi
DAVA TÜRÜ : davaTuru

Taraflar arasındaki .. davasının yapılan duruşması sonunda kurulan hükmün Yargıtayca incelenmesi .. tarafından istenilmekle, süresinde olduğu anlaşılan temyiz dilekçesinin kabulüne karar verildikten sonra dosya incelendi, gereği düşünüldü:

K A R A R
SONUÇ: Yukarıda açıklanan nedenlerle; .. temyiz itirazlarının kabulü ile hükmün BOZULMASINA, peşin alınan temyiz harcının istek halinde .. iadesine .../.../2006 günü oybirliği ile karar verildi."
yargitay:896243400,896243400,20. Hukuk Dairesi,2009/1002,2009/4435,2009-03-17,2009,569,"(Kapatılan)20. Hukuk Dairesi 2009/1002 E. , 2009/4435 K.

""İçtihat Metni""MAHKEMESİ : ilgiliCezaMahAdi
DAVA TÜRÜ : davaTuru

Taraflar arasındaki .. davasının yapılan duruşması sonunda kurulan hükmün Yargıtayca incelenmesi .. tarafından istenilmekle, süresinde olduğu anlaşılan temyiz dilekçesinin kabulüne karar verildikten sonra dosya incelendi, gereği düşünüldü:

K A R A R
SONUÇ: Yukarıda açıklanan nedenlerle; .. temyiz itirazlarının kabulü ile hükmün BOZULMASINA, peşin alınan temyiz harcının istek halinde .. iadesine .../.../2006 günü oybirliği ile karar verildi."
yargitay:896364800,896364800,20. Hukuk Dairesi,2009/3034,2009/4182,2009-03-12,2009,569,"(Kapatılan)20. Hukuk Dairesi 2009/3034 E. , 2009/4182 K.

""İçtihat Metni""MAHKEMESİ : ilgiliCezaMahAdi
DAVA TÜRÜ : davaTuru

Taraflar arasındaki .. davasının yapılan duruşması sonunda kurulan hükmün Yargıtayca incelenmesi .. tarafından istenilmekle, süresinde olduğu anlaşılan temyiz dilekçesinin kabulüne karar verildikten sonra dosya incelendi, gereği düşünüldü:

K A R A R
SONUÇ: Yukarıda açıklanan nedenlerle; .. temyiz itirazlarının kabulü ile hükmün BOZULMASINA, peşin alınan temyiz harcının istek halinde .. iadesine .../.../2006 günü oybirliği ile karar verildi."
yargitay:896365000,896365000,20. Hukuk Dairesi,2009/2659,2009/4739,2009-03-23,2009,569,"(Kapatılan)20. Hukuk Dairesi 2009/2659 E. , 2009/4739 K.

""İçtihat Metni""MAHKEMESİ : ilgiliCezaMahAdi
DAVA TÜRÜ : davaTuru

Taraflar arasındaki .. davasının yapılan duruşması sonunda kurulan hükmün Yargıtayca incelenmesi .. tarafından istenilmekle, süresinde olduğu anlaşılan temyiz dilekçesinin kabulüne karar verildikten sonra dosya incelendi, gereği düşünüldü:

K A R A R
SONUÇ: Yukarıda açıklanan nedenlerle; .. temyiz itirazlarının kabulü ile hükmün BOZULMASINA, peşin alınan temyiz harcının istek halinde .. iadesine .../.../2006 günü oybirliği ile karar verildi."
yargitay:897345200,897345200,20. Hukuk Dairesi,2008/2644,2009/5219,2009-03-27,2009,569,"(Kapatılan)20. Hukuk Dairesi 2008/2644 E. , 2009/5219 K.

""İçtihat Metni""MAHKEMESİ : ilgiliCezaMahAdi
DAVA TÜRÜ : davaTuru

Taraflar arasındaki .. davasının yapılan duruşması sonunda kurulan hükmün Yargıtayca incelenmesi .. tarafından istenilmekle, süresinde olduğu anlaşılan temyiz dilekçesinin kabulüne karar verildikten sonra dosya incelendi, gereği düşünüldü:

K A R A R
SONUÇ: Yukarıda açıklanan nedenlerle; .. temyiz itirazlarının kabulü ile hükmün BOZULMASINA, peşin alınan temyiz harcının istek halinde .. iadesine .../.../2006 günü oybirliği ile karar verildi."
yargitay:897684600,897684600,20. Hukuk Dairesi,2007/986,2007/2869,2007-03-08,2007,569,"(Kapatılan)20. Hukuk Dairesi 2007/986 E. , 2007/2869 K.

""İçtihat Metni""MAHKEMESİ : ilgiliCezaMahAdi
DAVA TÜRÜ : davaTuru

Taraflar arasındaki .. davasının yapılan duruşması sonunda kurulan hükmün Yargıtayca incelenmesi .. tarafından istenilmekle, süresinde olduğu anlaşılan temyiz dilekçesinin kabulüne karar verildikten sonra dosya incelendi, gereği düşünüldü:

K A R A R

SONUÇ: Yukarıda açıklanan nedenlerle; .. temyiz itirazlarının kabulü ile hükmün BOZULMASINA, peşin alınan temyiz harcının istek halinde .. iadesine .../.../2006 günü oybirliği ile karar verildi."
yargitay:897798100,897798100,20. Hukuk Dairesi,2009/3014,2009/5155,2009-03-26,2009,569,"(Kapatılan)20. Hukuk Dairesi 2009/3014 E. , 2009/5155 K.

""İçtihat Metni""MAHKEMESİ : ilgiliCezaMahAdi
DAVA TÜRÜ : davaTuru

Taraflar arasındaki .. davasının yapılan duruşması sonunda kurulan hükmün Yargıtayca incelenmesi .. tarafından istenilmekle, süresinde olduğu anlaşılan temyiz dilekçesinin kabulüne karar verildikten sonra dosya incelendi, gereği düşünüldü:

K A R A R
SONUÇ: Yukarıda açıklanan nedenlerle; .. temyiz itirazlarının kabulü ile hükmün BOZULMASINA, peşin alınan temyiz harcının istek halinde .. iadesine .../.../2006 günü oybirliği ile karar verildi."
yargitay:898307400,898307400,20. Hukuk Dairesi,2007/695,2007/3704,2007-03-23,2007,569,"(Kapatılan)20. Hukuk Dairesi 2007/695 E. , 2007/3704 K.

""İçtihat Metni""MAHKEMESİ : ilgiliCezaMahAdi
DAVA TÜRÜ : davaTuru

Taraflar arasındaki .. davasının yapılan duruşması sonunda kurulan hükmün Yargıtayca incelenmesi .. tarafından istenilmekle, süresinde olduğu anlaşılan temyiz dilekçesinin kabulüne karar verildikten sonra dosya incelendi, gereği düşünüldü:

K A R A R

SONUÇ: Yukarıda açıklanan nedenlerle; .. temyiz itirazlarının kabulü ile hükmün BOZULMASINA, peşin alınan temyiz harcının istek halinde .. iadesine .../.../2006 günü oybirliği ile karar verildi."
yargitay:898320100,898320100,20. Hukuk Dairesi,2007/9790,2007/14124,2007-11-08,2007,569,"(Kapatılan)20. Hukuk Dairesi 2007/9790 E. , 2007/14124 K.

""İçtihat Metni""MAHKEMESİ : ilgiliCezaMahAdi
DAVA TÜRÜ : davaTuru

Taraflar arasındaki .. davasının yapılan duruşması sonunda kurulan hükmün Yargıtayca incelenmesi .. tarafından istenilmekle, süresinde olduğu anlaşılan temyiz dilekçesinin kabulüne karar verildikten sonra dosya incelendi, gereği düşünüldü:
K A R A R
SONUÇ: Yukarıda açıklanan nedenlerle; .. temyiz itirazlarının kabulü ile hükmün BOZULMASINA, peşin alınan temyiz harcının istek halinde .. iadesine .../.../2006 günü oybirliği ile karar verildi."
yargitay:898468300,898468300,20. Hukuk Dairesi,2007/4417,2007/6999,2007-05-28,2007,569,"(Kapatılan)20. Hukuk Dairesi 2007/4417 E. , 2007/6999 K.

""İçtihat Metni""MAHKEMESİ : ilgiliCezaMahAdi
DAVA TÜRÜ : davaTuru

Taraflar arasındaki .. davasının yapılan duruşması sonunda kurulan hükmün Yargıtayca incelenmesi .. tarafından istenilmekle, süresinde olduğu anlaşılan temyiz dilekçesinin kabulüne karar verildikten sonra dosya incelendi, gereği düşünüldü:

K A R A R
SONUÇ: Yukarıda açıklanan nedenlerle; .. temyiz itirazlarının kabulü ile hükmün BOZULMASINA, peşin alınan temyiz harcının istek halinde .. iadesine .../.../2006 günü oybirliği ile karar verildi."
yargitay:898741300,898741300,20. Hukuk Dairesi,2007/5259,2007/6708,2007-05-22,2007,569,"(Kapatılan)20. Hukuk Dairesi 2007/5259 E. , 2007/6708 K.

""İçtihat Metni""MAHKEMESİ : ilgiliCezaMahAdi
DAVA TÜRÜ : davaTuru

Taraflar arasındaki .. davasının yapılan duruşması sonunda kurulan hükmün Yargıtayca incelenmesi .. tarafından istenilmekle, süresinde olduğu anlaşılan temyiz dilekçesinin kabulüne karar verildikten sonra dosya incelendi, gereği düşünüldü:

K A R A R
SONUÇ: Yukarıda açıklanan nedenlerle; .. temyiz itirazlarının kabulü ile hükmün BOZULMASINA, peşin alınan temyiz harcının istek halinde .. iadesine .../.../2006 günü oybirliği ile karar verildi."
yargitay:904665800,904665800,20. Hukuk Dairesi,2007/855,2007/1567,2007-02-13,2007,569,"(Kapatılan)20. Hukuk Dairesi 2007/855 E. , 2007/1567 K.

""İçtihat Metni""MAHKEMESİ : ilgiliCezaMahAdi
DAVA TÜRÜ : davaTuru

Taraflar arasındaki .. davasının yapılan duruşması sonunda kurulan hükmün Yargıtayca incelenmesi .. tarafından istenilmekle, süresinde olduğu anlaşılan temyiz dilekçesinin kabulüne karar verildikten sonra dosya incelendi, gereği düşünüldü:

K A R A R

SONUÇ: Yukarıda açıklanan nedenlerle; .. temyiz itirazlarının kabulü ile hükmün BOZULMASINA, peşin alınan temyiz harcının istek halinde .. iadesine .../.../2006 günü oybirliği ile karar verildi."
yargitay:890888400,890888400,20. Hukuk Dairesi,2008/17540,2009/3449,2009-03-02,2009,570,"(Kapatılan)20. Hukuk Dairesi 2008/17540 E. , 2009/3449 K.

""İçtihat Metni""MAHKEMESİ : ilgiliCezaMahAdi
DAVA TÜRÜ : davaTuru

Taraflar arasındaki .. davasının yapılan duruşması sonunda kurulan hükmün Yargıtayca incelenmesi .. tarafından istenilmekle, süresinde olduğu anlaşılan temyiz dilekçesinin kabulüne karar verildikten sonra dosya incelendi, gereği düşünüldü:

K A R A R
SONUÇ: Yukarıda açıklanan nedenlerle; .. temyiz itirazlarının kabulü ile hükmün BOZULMASINA, peşin alınan temyiz harcının istek halinde .. iadesine .../.../2006 günü oybirliği ile karar verildi."
yargitay:891120200,891120200,20. Hukuk Dairesi,2009/1074,2009/3354,2009-03-02,2009,570,"(Kapatılan)20. Hukuk Dairesi 2009/1074 E. , 2009/3354 K.

""İçtihat Metni""MAHKEMESİ : ilgiliCezaMahAdi
DAVA TÜRÜ : davaTuru

Taraflar arasındaki .. davasının yapılan duruşması sonunda kurulan hükmün Yargıtayca incelenmesi .. tarafından istenilmekle, süresinde olduğu anlaşılan temyiz dilekçesinin kabulüne karar verildikten sonra dosya incelendi, gereği düşünüldü:

K A R A R

SONUÇ: Yukarıda açıklanan nedenlerle; .. temyiz itirazlarının kabulü ile hükmün BOZULMASINA, peşin alınan temyiz harcının istek halinde .. iadesine .../.../2006 günü oybirliği ile karar verildi."
yargitay:891827500,891827500,20. Hukuk Dairesi,2009/9718,2009/11768,2009-07-13,2009,570,"(Kapatılan)20. Hukuk Dairesi 2009/9718 E. , 2009/11768 K.

""İçtihat Metni""MAHKEMESİ : ilgiliCezaMahAdi
DAVA TÜRÜ : davaTuru

Taraflar arasındaki .. davasının yapılan duruşması sonunda kurulan hükmün Yargıtayca incelenmesi .. tarafından istenilmekle, süresinde olduğu anlaşılan temyiz dilekçesinin kabulüne karar verildikten sonra dosya incelendi, gereği düşünüldü:

K A R A R
SONUÇ: Yukarıda açıklanan nedenlerle; .. temyiz itirazlarının kabulü ile hükmün BOZULMASINA, peşin alınan temyiz harcının istek halinde .. iadesine .../.../2006 günü oybirliği ile karar verildi."
yargitay:891842900,891842900,20. Hukuk Dairesi,2009/1396,2009/3780,2009-03-09,2009,570,"(Kapatılan)20. Hukuk Dairesi 2009/1396 E. , 2009/3780 K.

""İçtihat Metni""MAHKEMESİ : ilgiliCezaMahAdi
DAVA TÜRÜ : davaTuru

Taraflar arasındaki .. davasının yapılan duruşması sonunda kurulan hükmün Yargıtayca incelenmesi .. tarafından istenilmekle, süresinde olduğu anlaşılan temyiz dilekçesinin kabulüne karar verildikten sonra dosya incelendi, gereği düşünüldü:

K A R A R

SONUÇ: Yukarıda açıklanan nedenlerle; .. temyiz itirazlarının kabulü ile hükmün BOZULMASINA, peşin alınan temyiz harcının istek halinde .. iadesine .../.../2006 günü oybirliği ile karar verildi."
yargitay:892140400,892140400,20. Hukuk Dairesi,2009/4751,2009/7974,2009-05-12,2009,570,"(Kapatılan)20. Hukuk Dairesi 2009/4751 E. , 2009/7974 K.

""İçtihat Metni""MAHKEMESİ : ilgiliCezaMahAdi
DAVA TÜRÜ : davaTuru

Taraflar arasındaki .. davasının yapılan duruşması sonunda kurulan hükmün Yargıtayca incelenmesi .. tarafından istenilmekle, süresinde olduğu anlaşılan temyiz dilekçesinin kabulüne karar verildikten sonra dosya incelendi, gereği düşünüldü:

K A R A R

SONUÇ: Yukarıda açıklanan nedenlerle; .. temyiz itirazlarının kabulü ile hükmün BOZULMASINA, peşin alınan temyiz harcının istek halinde .. iadesine .../.../2006 günü oybirliği ile karar verildi."
yargitay:892162900,892162900,20. Hukuk Dairesi,2009/6463,2009/8014,2009-05-12,2009,570,"(Kapatılan)20. Hukuk Dairesi 2009/6463 E. , 2009/8014 K.

""İçtihat Metni""MAHKEMESİ : ilgiliCezaMahAdi
DAVA TÜRÜ : davaTuru

Taraflar arasındaki .. davasının yapılan duruşması sonunda kurulan hükmün Yargıtayca incelenmesi .. tarafından istenilmekle, süresinde olduğu anlaşılan temyiz dilekçesinin kabulüne karar verildikten sonra dosya incelendi, gereği düşünüldü:

K A R A R

SONUÇ: Yukarıda açıklanan nedenlerle; .. temyiz itirazlarının kabulü ile hükmün BOZULMASINA, peşin alınan temyiz harcının istek halinde .. iadesine .../.../2006 günü oybirliği ile karar verildi."
yargitay:892167500,892167500,20. Hukuk Dairesi,2009/5015,2009/7815,2009-05-11,2009,570,"(Kapatılan)20. Hukuk Dairesi 2009/5015 E. , 2009/7815 K.

""İçtihat Metni""MAHKEMESİ : ilgiliCezaMahAdi
DAVA TÜRÜ : davaTuru

Taraflar arasındaki .. davasının yapılan duruşması sonunda kurulan hükmün Yargıtayca incelenmesi .. tarafından istenilmekle, süresinde olduğu anlaşılan temyiz dilekçesinin kabulüne karar verildikten sonra dosya incelendi, gereği düşünüldü:

K A R A R

SONUÇ: Yukarıda açıklanan nedenlerle; .. temyiz itirazlarının kabulü ile hükmün BOZULMASINA, peşin alınan temyiz harcının istek halinde .. iadesine .../.../2006 günü oybirliği ile karar verildi."
yargitay:892181400,892181400,20. Hukuk Dairesi,2009/6339,2009/8030,2009-05-12,2009,570,"(Kapatılan)20. Hukuk Dairesi 2009/6339 E. , 2009/8030 K.

""İçtihat Metni""MAHKEMESİ : ilgiliCezaMahAdi
DAVA TÜRÜ : davaTuru

Taraflar arasındaki .. davasının yapılan duruşması sonunda kurulan hükmün Yargıtayca incelenmesi .. tarafından istenilmekle, süresinde olduğu anlaşılan temyiz dilekçesinin kabulüne karar verildikten sonra dosya incelendi, gereği düşünüldü:

K A R A R

SONUÇ: Yukarıda açıklanan nedenlerle; .. temyiz itirazlarının kabulü ile hükmün BOZULMASINA, peşin alınan temyiz harcının istek halinde .. iadesine .../.../2006 günü oybirliği ile karar verildi."
yargitay:892213300,892213300,20. Hukuk Dairesi,2009/5913,2009/7857,2009-05-11,2009,570,"(Kapatılan)20. Hukuk Dairesi 2009/5913 E. , 2009/7857 K.

""İçtihat Metni""MAHKEMESİ : ilgiliCezaMahAdi
DAVA TÜRÜ : davaTuru

Taraflar arasındaki .. davasının yapılan duruşması sonunda kurulan hükmün Yargıtayca incelenmesi .. tarafından istenilmekle, süresinde olduğu anlaşılan temyiz dilekçesinin kabulüne karar verildikten sonra dosya incelendi, gereği düşünüldü:

K A R A R

SONUÇ: Yukarıda açıklanan nedenlerle; .. temyiz itirazlarının kabulü ile hükmün BOZULMASINA, peşin alınan temyiz harcının istek halinde .. iadesine .../.../2006 günü oybirliği ile karar verildi."
yargitay:892218600,892218600,20. Hukuk Dairesi,2009/5886,2009/7865,2009-05-11,2009,570,"(Kapatılan)20. Hukuk Dairesi 2009/5886 E. , 2009/7865 K.

""İçtihat Metni""MAHKEMESİ : ilgiliCezaMahAdi
DAVA TÜRÜ : davaTuru

Taraflar arasındaki .. davasının yapılan duruşması sonunda kurulan hükmün Yargıtayca incelenmesi .. tarafından istenilmekle, süresinde olduğu anlaşılan temyiz dilekçesinin kabulüne karar verildikten sonra dosya incelendi, gereği düşünüldü:

K A R A R

SONUÇ: Yukarıda açıklanan nedenlerle; .. temyiz itirazlarının kabulü ile hükmün BOZULMASINA, peşin alınan temyiz harcının istek halinde .. iadesine .../.../2006 günü oybirliği ile karar verildi."
yargitay:892272800,892272800,20. Hukuk Dairesi,2009/7018,2009/8182,2009-05-14,2009,570,"(Kapatılan)20. Hukuk Dairesi 2009/7018 E. , 2009/8182 K.

""İçtihat Metni""MAHKEMESİ : ilgiliCezaMahAdi
DAVA TÜRÜ : davaTuru

Taraflar arasındaki .. davasının yapılan duruşması sonunda kurulan hükmün Yargıtayca incelenmesi .. tarafından istenilmekle, süresinde olduğu anlaşılan temyiz dilekçesinin kabulüne karar verildikten sonra dosya incelendi, gereği düşünüldü:

K A R A R

SONUÇ: Yukarıda açıklanan nedenlerle; .. temyiz itirazlarının kabulü ile hükmün BOZULMASINA, peşin alınan temyiz harcının istek halinde .. iadesine .../.../2006 günü oybirliği ile karar verildi."
yargitay:892308300,892308300,20. Hukuk Dairesi,2009/4390,2009/8196,2009-05-14,2009,570,"(Kapatılan)20. Hukuk Dairesi 2009/4390 E. , 2009/8196 K.

""İçtihat Metni""MAHKEMESİ : ilgiliCezaMahAdi
DAVA TÜRÜ : davaTuru

Taraflar arasındaki .. davasının yapılan duruşması sonunda kurulan hükmün Yargıtayca incelenmesi .. tarafından istenilmekle, süresinde olduğu anlaşılan temyiz dilekçesinin kabulüne karar verildikten sonra dosya incelendi, gereği düşünüldü:

K A R A R

SONUÇ: Yukarıda açıklanan nedenlerle; .. temyiz itirazlarının kabulü ile hükmün BOZULMASINA, peşin alınan temyiz harcının istek halinde .. iadesine .../.../2006 günü oybirliği ile karar verildi."
yargitay:892343400,892343400,20. Hukuk Dairesi,2009/4107,2009/8208,2009-05-14,2009,570,"(Kapatılan)20. Hukuk Dairesi 2009/4107 E. , 2009/8208 K.

""İçtihat Metni""MAHKEMESİ : ilgiliCezaMahAdi
DAVA TÜRÜ : davaTuru

Taraflar arasındaki .. davasının yapılan duruşması sonunda kurulan hükmün Yargıtayca incelenmesi .. tarafından istenilmekle, süresinde olduğu anlaşılan temyiz dilekçesinin kabulüne karar verildikten sonra dosya incelendi, gereği düşünüldü:

K A R A R

SONUÇ: Yukarıda açıklanan nedenlerle; .. temyiz itirazlarının kabulü ile hükmün BOZULMASINA, peşin alınan temyiz harcının istek halinde .. iadesine .../.../2006 günü oybirliği ile karar verildi."
yargitay:892491300,892491300,20. Hukuk Dairesi,2007/17438,2008/283,2008-01-17,2008,570,"(Kapatılan)20. Hukuk Dairesi 2007/17438 E. , 2008/283 K.

""İçtihat Metni""MAHKEMESİ : ilgiliCezaMahAdi
DAVA TÜRÜ : davaTuru

Taraflar arasındaki .. davasının yapılan duruşması sonunda kurulan hükmün Yargıtayca incelenmesi .. tarafından istenilmekle, süresinde olduğu anlaşılan temyiz dilekçesinin kabulüne karar verildikten sonra dosya incelendi, gereği düşünüldü:

K A R A R

SONUÇ: Yukarıda açıklanan nedenlerle; .. temyiz itirazlarının kabulü ile hükmün BOZULMASINA, peşin alınan temyiz harcının istek halinde .. iadesine .../.../2006 günü oybirliği ile karar verildi."
yargitay:892611700,892611700,20. Hukuk Dairesi,2008/16938,2009/375,2009-01-19,2009,570,"(Kapatılan)20. Hukuk Dairesi 2008/16938 E. , 2009/375 K.

""İçtihat Metni""MAHKEMESİ : ilgiliCezaMahAdi
DAVA TÜRÜ : davaTuru

Taraflar arasındaki .. davasının yapılan duruşması sonunda kurulan hükmün Yargıtayca incelenmesi .. tarafından istenilmekle, süresinde olduğu anlaşılan temyiz dilekçesinin kabulüne karar verildikten sonra dosya incelendi, gereği düşünüldü:

K A R A R

SONUÇ: Yukarıda açıklanan nedenlerle; .. temyiz itirazlarının kabulü ile hükmün BOZULMASINA, peşin alınan temyiz harcının istek halinde .. iadesine .../.../2006 günü oybirliği ile karar verildi."
yargitay:893195700,893195700,20. Hukuk Dairesi,2008/15816,2009/336,2009-01-19,2009,570,"(Kapatılan)20. Hukuk Dairesi 2008/15816 E. , 2009/336 K.

""İçtihat Metni""MAHKEMESİ : ilgiliCezaMahAdi
DAVA TÜRÜ : davaTuru

Taraflar arasındaki .. davasının yapılan duruşması sonunda kurulan hükmün Yargıtayca incelenmesi .. tarafından istenilmekle, süresinde olduğu anlaşılan temyiz dilekçesinin kabulüne karar verildikten sonra dosya incelendi, gereği düşünüldü:

K A R A R

SONUÇ: Yukarıda açıklanan nedenlerle; .. temyiz itirazlarının kabulü ile hükmün BOZULMASINA, peşin alınan temyiz harcının istek halinde .. iadesine .../.../2006 günü oybirliği ile karar verildi."
yargitay:893392600,893392600,20. Hukuk Dairesi,2008/13807,2009/402,2009-01-19,2009,570,"(Kapatılan)20. Hukuk Dairesi 2008/13807 E. , 2009/402 K.

""İçtihat Metni""MAHKEMESİ : ilgiliCezaMahAdi
DAVA TÜRÜ : davaTuru

Taraflar arasındaki .. davasının yapılan duruşması sonunda kurulan hükmün Yargıtayca incelenmesi .. tarafından istenilmekle, süresinde olduğu anlaşılan temyiz dilekçesinin kabulüne karar verildikten sonra dosya incelendi, gereği düşünüldü:

K A R A R

SONUÇ: Yukarıda açıklanan nedenlerle; .. temyiz itirazlarının kabulü ile hükmün BOZULMASINA, peşin alınan temyiz harcının istek halinde .. iadesine .../.../2006 günü oybirliği ile karar verildi."
yargitay:893459000,893459000,20. Hukuk Dairesi,2008/14211,2009/425,2009-01-19,2009,570,"(Kapatılan)20. Hukuk Dairesi 2008/14211 E. , 2009/425 K.

""İçtihat Metni""MAHKEMESİ : ilgiliCezaMahAdi
DAVA TÜRÜ : davaTuru

Taraflar arasındaki .. davasının yapılan duruşması sonunda kurulan hükmün Yargıtayca incelenmesi .. tarafından istenilmekle, süresinde olduğu anlaşılan temyiz dilekçesinin kabulüne karar verildikten sonra dosya incelendi, gereği düşünüldü:

K A R A R

SONUÇ: Yukarıda açıklanan nedenlerle; .. temyiz itirazlarının kabulü ile hükmün BOZULMASINA, peşin alınan temyiz harcının istek halinde .. iadesine .../.../2006 günü oybirliği ile karar verildi."
yargitay:893518900,893518900,20. Hukuk Dairesi,2008/14658,2009/312,2009-01-19,2009,570,"(Kapatılan)20. Hukuk Dairesi 2008/14658 E. , 2009/312 K.

""İçtihat Metni""MAHKEMESİ : ilgiliCezaMahAdi
DAVA TÜRÜ : davaTuru

Taraflar arasındaki .. davasının yapılan duruşması sonunda kurulan hükmün Yargıtayca incelenmesi .. tarafından istenilmekle, süresinde olduğu anlaşılan temyiz dilekçesinin kabulüne karar verildikten sonra dosya incelendi, gereği düşünüldü:

K A R A R

SONUÇ: Yukarıda açıklanan nedenlerle; .. temyiz itirazlarının kabulü ile hükmün BOZULMASINA, peşin alınan temyiz harcının istek halinde .. iadesine .../.../2006 günü oybirliği ile karar verildi."
yargitay:893793500,893793500,20. Hukuk Dairesi,2008/16790,2009/668,2009-01-22,2009,570,"(Kapatılan)20. Hukuk Dairesi 2008/16790 E. , 2009/668 K.

""İçtihat Metni""MAHKEMESİ : ilgiliCezaMahAdi
DAVA TÜRÜ : davaTuru

Taraflar arasındaki .. davasının yapılan duruşması sonunda kurulan hükmün Yargıtayca incelenmesi .. tarafından istenilmekle, süresinde olduğu anlaşılan temyiz dilekçesinin kabulüne karar verildikten sonra dosya incelendi, gereği düşünüldü:

K A R A R

SONUÇ: Yukarıda açıklanan nedenlerle; .. temyiz itirazlarının kabulü ile hükmün BOZULMASINA, peşin alınan temyiz harcının istek halinde .. iadesine .../.../2006 günü oybirliği ile karar verildi."
yargitay:893802000,893802000,20. Hukuk Dairesi,2008/15048,2009/707,2009-01-22,2009,570,"(Kapatılan)20. Hukuk Dairesi 2008/15048 E. , 2009/707 K.

""İçtihat Metni""MAHKEMESİ : ilgiliCezaMahAdi
DAVA TÜRÜ : davaTuru

Taraflar arasındaki .. davasının yapılan duruşması sonunda kurulan hükmün Yargıtayca incelenmesi .. tarafından istenilmekle, süresinde olduğu anlaşılan temyiz dilekçesinin kabulüne karar verildikten sonra dosya incelendi, gereği düşünüldü:

K A R A R

SONUÇ: Yukarıda açıklanan nedenlerle; .. temyiz itirazlarının kabulü ile hükmün BOZULMASINA, peşin alınan temyiz harcının istek halinde .. iadesine .../.../2006 günü oybirliği ile karar verildi."
yargitay:893995500,893995500,20. Hukuk Dairesi,2009/7769,2009/9803,2009-06-11,2009,570,"(Kapatılan)20. Hukuk Dairesi 2009/7769 E. , 2009/9803 K.

""İçtihat Metni""MAHKEMESİ : ilgiliCezaMahAdi
DAVA TÜRÜ : davaTuru

Taraflar arasındaki .. davasının yapılan duruşması sonunda kurulan hükmün Yargıtayca incelenmesi .. tarafından istenilmekle, süresinde olduğu anlaşılan temyiz dilekçesinin kabulüne karar verildikten sonra dosya incelendi, gereği düşünüldü:

K A R A R

SONUÇ: Yukarıda açıklanan nedenlerle; .. temyiz itirazlarının kabulü ile hükmün BOZULMASINA, peşin alınan temyiz harcının istek halinde .. iadesine .../.../2006 günü oybirliği ile karar verildi."
yargitay:894014600,894014600,20. Hukuk Dairesi,2008/15354,2009/656,2009-01-22,2009,570,"(Kapatılan)20. Hukuk Dairesi 2008/15354 E. , 2009/656 K.

""İçtihat Metni""MAHKEMESİ : ilgiliCezaMahAdi
DAVA TÜRÜ : davaTuru

Taraflar arasındaki .. davasının yapılan duruşması sonunda kurulan hükmün Yargıtayca incelenmesi .. tarafından istenilmekle, süresinde olduğu anlaşılan temyiz dilekçesinin kabulüne karar verildikten sonra dosya incelendi, gereği düşünüldü:

K A R A R

SONUÇ: Yukarıda açıklanan nedenlerle; .. temyiz itirazlarının kabulü ile hükmün BOZULMASINA, peşin alınan temyiz harcının istek halinde .. iadesine .../.../2006 günü oybirliği ile karar verildi."
yargitay:894249500,894249500,20. Hukuk Dairesi,2008/15789,2009/767,2009-01-26,2009,570,"(Kapatılan)20. Hukuk Dairesi 2008/15789 E. , 2009/767 K.

""İçtihat Metni""MAHKEMESİ : ilgiliCezaMahAdi
DAVA TÜRÜ : davaTuru

Taraflar arasındaki .. davasının yapılan duruşması sonunda kurulan hükmün Yargıtayca incelenmesi .. tarafından istenilmekle, süresinde olduğu anlaşılan temyiz dilekçesinin kabulüne karar verildikten sonra dosya incelendi, gereği düşünüldü:

K A R A R

SONUÇ: Yukarıda açıklanan nedenlerle; .. temyiz itirazlarının kabulü ile hükmün BOZULMASINA, peşin alınan temyiz harcının istek halinde .. iadesine .../.../2006 günü oybirliği ile karar verildi."
yargitay:894254400,894254400,20. Hukuk Dairesi,2008/15938,2009/779,2009-01-26,2009,570,"(Kapatılan)20. Hukuk Dairesi 2008/15938 E. , 2009/779 K.

""İçtihat Metni""MAHKEMESİ : ilgiliCezaMahAdi
DAVA TÜRÜ : davaTuru

Taraflar arasındaki .. davasının yapılan duruşması sonunda kurulan hükmün Yargıtayca incelenmesi .. tarafından istenilmekle, süresinde olduğu anlaşılan temyiz dilekçesinin kabulüne karar verildikten sonra dosya incelendi, gereği düşünüldü:

K A R A R

SONUÇ: Yukarıda açıklanan nedenlerle; .. temyiz itirazlarının kabulü ile hükmün BOZULMASINA, peşin alınan temyiz harcının istek halinde .. iadesine .../.../2006 günü oybirliği ile karar verildi."
yargitay:894536700,894536700,20. Hukuk Dairesi,2008/15005,2009/950,2009-01-27,2009,570,"(Kapatılan)20. Hukuk Dairesi 2008/15005 E. , 2009/950 K.

""İçtihat Metni""MAHKEMESİ : ilgiliCezaMahAdi
DAVA TÜRÜ : davaTuru

Taraflar arasındaki .. davasının yapılan duruşması sonunda kurulan hükmün Yargıtayca incelenmesi .. tarafından istenilmekle, süresinde olduğu anlaşılan temyiz dilekçesinin kabulüne karar verildikten sonra dosya incelendi, gereği düşünüldü:

K A R A R

SONUÇ: Yukarıda açıklanan nedenlerle; .. temyiz itirazlarının kabulü ile hükmün BOZULMASINA, peşin alınan temyiz harcının istek halinde .. iadesine .../.../2006 günü oybirliği ile karar verildi."
yargitay:894848400,894848400,20. Hukuk Dairesi,2009/4749,2009/7972,2009-05-12,2009,570,"(Kapatılan)20. Hukuk Dairesi 2009/4749 E. , 2009/7972 K.

""İçtihat Metni""MAHKEMESİ : ilgiliCezaMahAdi
DAVA TÜRÜ : davaTuru

Taraflar arasındaki .. davasının yapılan duruşması sonunda kurulan hükmün Yargıtayca incelenmesi .. tarafından istenilmekle, süresinde olduğu anlaşılan temyiz dilekçesinin kabulüne karar verildikten sonra dosya incelendi, gereği düşünüldü:

K A R A R

SONUÇ: Yukarıda açıklanan nedenlerle; .. temyiz itirazlarının kabulü ile hükmün BOZULMASINA, peşin alınan temyiz harcının istek halinde .. iadesine .../.../2006 günü oybirliği ile karar verildi."
yargitay:895830100,895830100,20. Hukuk Dairesi,2008/16781,2009/4458,2009-03-17,2009,570,"(Kapatılan)20. Hukuk Dairesi 2008/16781 E. , 2009/4458 K.

""İçtihat Metni""MAHKEMESİ : ilgiliCezaMahAdi
DAVA TÜRÜ : davaTuru

Taraflar arasındaki .. davasının yapılan duruşması sonunda kurulan hükmün Yargıtayca incelenmesi .. tarafından istenilmekle, süresinde olduğu anlaşılan temyiz dilekçesinin kabulüne karar verildikten sonra dosya incelendi, gereği düşünüldü:

K A R A R
SONUÇ: Yukarıda açıklanan nedenlerle; .. temyiz itirazlarının kabulü ile hükmün BOZULMASINA, peşin alınan temyiz harcının istek halinde .. iadesine .../.../2006 günü oybirliği ile karar verildi."
yargitay:896567500,896567500,20. Hukuk Dairesi,2007/1213,2007/2587,2007-03-05,2007,570,"(Kapatılan)20. Hukuk Dairesi 2007/1213 E. , 2007/2587 K.

""İçtihat Metni""MAHKEMESİ : ilgiliCezaMahAdi
DAVA TÜRÜ : davaTuru

Taraflar arasındaki .. davasının yapılan duruşması sonunda kurulan hükmün Yargıtayca incelenmesi .. tarafından istenilmekle, süresinde olduğu anlaşılan temyiz dilekçesinin kabulüne karar verildikten sonra dosya incelendi, gereği düşünüldü:

K A R A R

SONUÇ: Yukarıda açıklanan nedenlerle; .. temyiz itirazlarının kabulü ile hükmün BOZULMASINA, peşin alınan temyiz harcının istek halinde .. iadesine .../.../2006 günü oybirliği ile karar verildi."
yargitay:897677400,897677400,20. Hukuk Dairesi,2007/3694,2007/5770,2007-05-03,2007,570,"(Kapatılan)20. Hukuk Dairesi 2007/3694 E. , 2007/5770 K.

""İçtihat Metni""MAHKEMESİ : ilgiliCezaMahAdi
DAVA TÜRÜ : davaTuru

Taraflar arasındaki .. davasının yapılan duruşması sonunda kurulan hükmün Yargıtayca incelenmesi .. tarafından istenilmekle, süresinde olduğu anlaşılan temyiz dilekçesinin kabulüne karar verildikten sonra dosya incelendi, gereği düşünüldü:

K A R A R

SONUÇ: Yukarıda açıklanan nedenlerle; .. temyiz itirazlarının kabulü ile hükmün BOZULMASINA, peşin alınan temyiz harcının istek halinde .. iadesine .../.../2006 günü oybirliği ile karar verildi."
yargitay:897744700,897744700,20. Hukuk Dairesi,2007/2798,2007/5954,2007-05-08,2007,570,"(Kapatılan)20. Hukuk Dairesi 2007/2798 E. , 2007/5954 K.

""İçtihat Metni""MAHKEMESİ : ilgiliCezaMahAdi
DAVA TÜRÜ : davaTuru

Taraflar arasındaki .. davasının yapılan duruşması sonunda kurulan hükmün Yargıtayca incelenmesi .. tarafından istenilmekle, süresinde olduğu anlaşılan temyiz dilekçesinin kabulüne karar verildikten sonra dosya incelendi, gereği düşünüldü:

K A R A R

SONUÇ: Yukarıda açıklanan nedenlerle; .. temyiz itirazlarının kabulü ile hükmün BOZULMASINA, peşin alınan temyiz harcının istek halinde .. iadesine .../.../2006 günü oybirliği ile karar verildi."
yargitay:897853500,897853500,20. Hukuk Dairesi,2007/4925,2007/5565,2007-05-01,2007,570,"(Kapatılan)20. Hukuk Dairesi 2007/4925 E. , 2007/5565 K.

""İçtihat Metni""MAHKEMESİ : ilgiliCezaMahAdi
DAVA TÜRÜ : davaTuru

Taraflar arasındaki .. davasının yapılan duruşması sonunda kurulan hükmün Yargıtayca incelenmesi .. tarafından istenilmekle, süresinde olduğu anlaşılan temyiz dilekçesinin kabulüne karar verildikten sonra dosya incelendi, gereği düşünüldü:

K A R A R

SONUÇ: Yukarıda açıklanan nedenlerle; .. temyiz itirazlarının kabulü ile hükmün BOZULMASINA, peşin alınan temyiz harcının istek halinde .. iadesine .../.../2006 günü oybirliği ile karar verildi."
yargitay:897886000,897886000,20. Hukuk Dairesi,2007/1438,2007/6108,2007-05-10,2007,570,"(Kapatılan)20. Hukuk Dairesi 2007/1438 E. , 2007/6108 K.

""İçtihat Metni""MAHKEMESİ : ilgiliCezaMahAdi
DAVA TÜRÜ : davaTuru

Taraflar arasındaki .. davasının yapılan duruşması sonunda kurulan hükmün Yargıtayca incelenmesi .. tarafından istenilmekle, süresinde olduğu anlaşılan temyiz dilekçesinin kabulüne karar verildikten sonra dosya incelendi, gereği düşünüldü:

K A R A R

SONUÇ: Yukarıda açıklanan nedenlerle; .. temyiz itirazlarının kabulü ile hükmün BOZULMASINA, peşin alınan temyiz harcının istek halinde .. iadesine .../.../2006 günü oybirliği ile karar verildi."
yargitay:898038100,898038100,20. Hukuk Dairesi,2007/2348,2007/6136,2007-05-10,2007,570,"(Kapatılan)20. Hukuk Dairesi 2007/2348 E. , 2007/6136 K.

""İçtihat Metni""MAHKEMESİ : ilgiliCezaMahAdi
DAVA TÜRÜ : davaTuru

Taraflar arasındaki .. davasının yapılan duruşması sonunda kurulan hükmün Yargıtayca incelenmesi .. tarafından istenilmekle, süresinde olduğu anlaşılan temyiz dilekçesinin kabulüne karar verildikten sonra dosya incelendi, gereği düşünüldü:

K A R A R

SONUÇ: Yukarıda açıklanan nedenlerle; .. temyiz itirazlarının kabulü ile hükmün BOZULMASINA, peşin alınan temyiz harcının istek halinde .. iadesine .../.../2006 günü oybirliği ile karar verildi."
yargitay:898040300,898040300,20. Hukuk Dairesi,2007/2336,2007/6144,2007-05-10,2007,570,"(Kapatılan)20. Hukuk Dairesi 2007/2336 E. , 2007/6144 K.

""İçtihat Metni""MAHKEMESİ : ilgiliCezaMahAdi
DAVA TÜRÜ : davaTuru

Taraflar arasındaki .. davasının yapılan duruşması sonunda kurulan hükmün Yargıtayca incelenmesi .. tarafından istenilmekle, süresinde olduğu anlaşılan temyiz dilekçesinin kabulüne karar verildikten sonra dosya incelendi, gereği düşünüldü:

K A R A R

SONUÇ: Yukarıda açıklanan nedenlerle; .. temyiz itirazlarının kabulü ile hükmün BOZULMASINA, peşin alınan temyiz harcının istek halinde .. iadesine .../.../2006 günü oybirliği ile karar verildi."
yargitay:898044400,898044400,20. Hukuk Dairesi,2007/2353,2007/6159,2007-05-10,2007,570,"(Kapatılan)20. Hukuk Dairesi 2007/2353 E. , 2007/6159 K.

""İçtihat Metni""MAHKEMESİ : ilgiliCezaMahAdi
DAVA TÜRÜ : davaTuru

Taraflar arasındaki .. davasının yapılan duruşması sonunda kurulan hükmün Yargıtayca incelenmesi .. tarafından istenilmekle, süresinde olduğu anlaşılan temyiz dilekçesinin kabulüne karar verildikten sonra dosya incelendi, gereği düşünüldü:

K A R A R

SONUÇ: Yukarıda açıklanan nedenlerle; .. temyiz itirazlarının kabulü ile hükmün BOZULMASINA, peşin alınan temyiz harcının istek halinde .. iadesine .../.../2006 günü oybirliği ile karar verildi."
yargitay:898051800,898051800,20. Hukuk Dairesi,2007/2482,2007/6133,2007-05-10,2007,570,"(Kapatılan)20. Hukuk Dairesi 2007/2482 E. , 2007/6133 K.

""İçtihat Metni""MAHKEMESİ : ilgiliCezaMahAdi
DAVA TÜRÜ : davaTuru

Taraflar arasındaki .. davasının yapılan duruşması sonunda kurulan hükmün Yargıtayca incelenmesi .. tarafından istenilmekle, süresinde olduğu anlaşılan temyiz dilekçesinin kabulüne karar verildikten sonra dosya incelendi, gereği düşünüldü:

K A R A R

SONUÇ: Yukarıda açıklanan nedenlerle; .. temyiz itirazlarının kabulü ile hükmün BOZULMASINA, peşin alınan temyiz harcının istek halinde .. iadesine .../.../2006 günü oybirliği ile karar verildi."
yargitay:898053800,898053800,20. Hukuk Dairesi,2007/2340,2007/6145,2007-05-10,2007,570,"(Kapatılan)20. Hukuk Dairesi 2007/2340 E. , 2007/6145 K.

""İçtihat Metni""MAHKEMESİ : ilgiliCezaMahAdi
DAVA TÜRÜ : davaTuru

Taraflar arasındaki .. davasının yapılan duruşması sonunda kurulan hükmün Yargıtayca incelenmesi .. tarafından istenilmekle, süresinde olduğu anlaşılan temyiz dilekçesinin kabulüne karar verildikten sonra dosya incelendi, gereği düşünüldü:

K A R A R

SONUÇ: Yukarıda açıklanan nedenlerle; .. temyiz itirazlarının kabulü ile hükmün BOZULMASINA, peşin alınan temyiz harcının istek halinde .. iadesine .../.../2006 günü oybirliği ile karar verildi."
yargitay:898107300,898107300,20. Hukuk Dairesi,2007/4742,2007/5992,2007-05-09,2007,570,"(Kapatılan)20. Hukuk Dairesi 2007/4742 E. , 2007/5992 K.

""İçtihat Metni""MAHKEMESİ : ilgiliCezaMahAdi
DAVA TÜRÜ : davaTuru

Taraflar arasındaki .. davasının yapılan duruşması sonunda kurulan hükmün Yargıtayca incelenmesi .. tarafından istenilmekle, süresinde olduğu anlaşılan temyiz dilekçesinin kabulüne karar verildikten sonra dosya incelendi, gereği düşünüldü:

K A R A R

SONUÇ: Yukarıda açıklanan nedenlerle; .. temyiz itirazlarının kabulü ile hükmün BOZULMASINA, peşin alınan temyiz harcının istek halinde .. iadesine .../.../2006 günü oybirliği ile karar verildi."
yargitay:898188900,898188900,20. Hukuk Dairesi,2007/4677,2007/6123,2007-05-10,2007,570,"(Kapatılan)20. Hukuk Dairesi 2007/4677 E. , 2007/6123 K.

""İçtihat Metni""MAHKEMESİ : ilgiliCezaMahAdi
DAVA TÜRÜ : davaTuru

Taraflar arasındaki .. davasının yapılan duruşması sonunda kurulan hükmün Yargıtayca incelenmesi .. tarafından istenilmekle, süresinde olduğu anlaşılan temyiz dilekçesinin kabulüne karar verildikten sonra dosya incelendi, gereği düşünüldü:

K A R A R

SONUÇ: Yukarıda açıklanan nedenlerle; .. temyiz itirazlarının kabulü ile hükmün BOZULMASINA, peşin alınan temyiz harcının istek halinde .. iadesine .../.../2006 günü oybirliği ile karar verildi."
yargitay:898206200,898206200,20. Hukuk Dairesi,2007/2846,2007/5687,2007-05-03,2007,570,"(Kapatılan)20. Hukuk Dairesi 2007/2846 E. , 2007/5687 K.

""İçtihat Metni""MAHKEMESİ : ilgiliCezaMahAdi
DAVA TÜRÜ : davaTuru

Taraflar arasındaki .. davasının yapılan duruşması sonunda kurulan hükmün Yargıtayca incelenmesi .. tarafından istenilmekle, süresinde olduğu anlaşılan temyiz dilekçesinin kabulüne karar verildikten sonra dosya incelendi, gereği düşünüldü:

K A R A R

SONUÇ: Yukarıda açıklanan nedenlerle; .. temyiz itirazlarının kabulü ile hükmün BOZULMASINA, peşin alınan temyiz harcının istek halinde .. iadesine .../.../2006 günü oybirliği ile karar verildi."
yargitay:898342600,898342600,20. Hukuk Dairesi,2007/5814,2007/6961,2007-05-28,2007,570,"(Kapatılan)20. Hukuk Dairesi 2007/5814 E. , 2007/6961 K.

""İçtihat Metni""MAHKEMESİ : ilgiliCezaMahAdi
DAVA TÜRÜ : davaTuru

Taraflar arasındaki .. davasının yapılan duruşması sonunda kurulan hükmün Yargıtayca incelenmesi .. tarafından istenilmekle, süresinde olduğu anlaşılan temyiz dilekçesinin kabulüne karar verildikten sonra dosya incelendi, gereği düşünüldü:

K A R A R

SONUÇ: Yukarıda açıklanan nedenlerle; .. temyiz itirazlarının kabulü ile hükmün BOZULMASINA, peşin alınan temyiz harcının istek halinde .. iadesine .../.../2006 günü oybirliği ile karar verildi."
yargitay:898370600,898370600,20. Hukuk Dairesi,2007/2158,2007/3348,2007-03-19,2007,570,"(Kapatılan)20. Hukuk Dairesi 2007/2158 E. , 2007/3348 K.

""İçtihat Metni""MAHKEMESİ : ilgiliCezaMahAdi
DAVA TÜRÜ : davaTuru

Taraflar arasındaki .. davasının yapılan duruşması sonunda kurulan hükmün Yargıtayca incelenmesi .. tarafından istenilmekle, süresinde olduğu anlaşılan temyiz dilekçesinin kabulüne karar verildikten sonra dosya incelendi, gereği düşünüldü:

K A R A R

SONUÇ: Yukarıda açıklanan nedenlerle; .. temyiz itirazlarının kabulü ile hükmün BOZULMASINA, peşin alınan temyiz harcının istek halinde .. iadesine .../.../2006 günü oybirliği ile karar verildi."
yargitay:898440400,898440400,20. Hukuk Dairesi,2007/10956,2007/13739,2007-11-05,2007,570,"(Kapatılan)20. Hukuk Dairesi 2007/10956 E. , 2007/13739 K.

""İçtihat Metni""MAHKEMESİ : ilgiliCezaMahAdi
DAVA TÜRÜ : davaTuru

Taraflar arasındaki .. davasının yapılan duruşması sonunda kurulan hükmün Yargıtayca incelenmesi .. tarafından istenilmekle, süresinde olduğu anlaşılan temyiz dilekçesinin kabulüne karar verildikten sonra dosya incelendi, gereği düşünüldü:
K A R A R
SONUÇ: Yukarıda açıklanan nedenlerle; .. temyiz itirazlarının kabulü ile hükmün BOZULMASINA, peşin alınan temyiz harcının istek halinde .. iadesine .../.../2006 günü oybirliği ile karar verildi."
yargitay:898504400,898504400,20. Hukuk Dairesi,2007/6897,2007/6957,2007-05-28,2007,570,"(Kapatılan)20. Hukuk Dairesi 2007/6897 E. , 2007/6957 K.

""İçtihat Metni""MAHKEMESİ : ilgiliCezaMahAdi
DAVA TÜRÜ : davaTuru

Taraflar arasındaki .. davasının yapılan duruşması sonunda kurulan hükmün Yargıtayca incelenmesi .. tarafından istenilmekle, süresinde olduğu anlaşılan temyiz dilekçesinin kabulüne karar verildikten sonra dosya incelendi, gereği düşünüldü:

K A R A R

SONUÇ: Yukarıda açıklanan nedenlerle; .. temyiz itirazlarının kabulü ile hükmün BOZULMASINA, peşin alınan temyiz harcının istek halinde .. iadesine .../.../2006 günü oybirliği ile karar verildi."
yargitay:898556000,898556000,20. Hukuk Dairesi,2007/6378,2007/6920,2007-05-25,2007,570,"(Kapatılan)20. Hukuk Dairesi 2007/6378 E. , 2007/6920 K.

""İçtihat Metni""MAHKEMESİ : ilgiliCezaMahAdi
DAVA TÜRÜ : davaTuru

Taraflar arasındaki .. davasının yapılan duruşması sonunda kurulan hükmün Yargıtayca incelenmesi .. tarafından istenilmekle, süresinde olduğu anlaşılan temyiz dilekçesinin kabulüne karar verildikten sonra dosya incelendi, gereği düşünüldü:

K A R A R

SONUÇ: Yukarıda açıklanan nedenlerle; .. temyiz itirazlarının kabulü ile hükmün BOZULMASINA, peşin alınan temyiz harcının istek halinde .. iadesine .../.../2006 günü oybirliği ile karar verildi."
yargitay:898571200,898571200,20. Hukuk Dairesi,2007/1293,2007/6912,2007-05-24,2007,570,"(Kapatılan)20. Hukuk Dairesi 2007/1293 E. , 2007/6912 K.

""İçtihat Metni""MAHKEMESİ : ilgiliCezaMahAdi
DAVA TÜRÜ : davaTuru

Taraflar arasındaki .. davasının yapılan duruşması sonunda kurulan hükmün Yargıtayca incelenmesi .. tarafından istenilmekle, süresinde olduğu anlaşılan temyiz dilekçesinin kabulüne karar verildikten sonra dosya incelendi, gereği düşünüldü:

K A R A R

SONUÇ: Yukarıda açıklanan nedenlerle; .. temyiz itirazlarının kabulü ile hükmün BOZULMASINA, peşin alınan temyiz harcının istek halinde .. iadesine .../.../2006 günü oybirliği ile karar verildi."
yargitay:898643100,898643100,20. Hukuk Dairesi,2007/5648,2007/6956,2007-05-28,2007,570,"(Kapatılan)20. Hukuk Dairesi 2007/5648 E. , 2007/6956 K.

""İçtihat Metni""MAHKEMESİ : ilgiliCezaMahAdi
DAVA TÜRÜ : davaTuru

Taraflar arasındaki .. davasının yapılan duruşması sonunda kurulan hükmün Yargıtayca incelenmesi .. tarafından istenilmekle, süresinde olduğu anlaşılan temyiz dilekçesinin kabulüne karar verildikten sonra dosya incelendi, gereği düşünüldü:

K A R A R

SONUÇ: Yukarıda açıklanan nedenlerle; .. temyiz itirazlarının kabulü ile hükmün BOZULMASINA, peşin alınan temyiz harcının istek halinde .. iadesine .../.../2006 günü oybirliği ile karar verildi."
yargitay:898646100,898646100,20. Hukuk Dairesi,2007/4114,2007/6463,2007-05-17,2007,570,"(Kapatılan)20. Hukuk Dairesi 2007/4114 E. , 2007/6463 K.

""İçtihat Metni""MAHKEMESİ : ilgiliCezaMahAdi
DAVA TÜRÜ : davaTuru

Taraflar arasındaki .. davasının yapılan duruşması sonunda kurulan hükmün Yargıtayca incelenmesi .. tarafından istenilmekle, süresinde olduğu anlaşılan temyiz dilekçesinin kabulüne karar verildikten sonra dosya incelendi, gereği düşünüldü:

K A R A R

SONUÇ: Yukarıda açıklanan nedenlerle; .. temyiz itirazlarının kabulü ile hükmün BOZULMASINA, peşin alınan temyiz harcının istek halinde .. iadesine .../.../2006 günü oybirliği ile karar verildi."
yargitay:898737900,898737900,20. Hukuk Dairesi,2007/5373,2007/7194,2007-05-31,2007,570,"(Kapatılan)20. Hukuk Dairesi 2007/5373 E. , 2007/7194 K.

""İçtihat Metni""MAHKEMESİ : ilgiliCezaMahAdi
DAVA TÜRÜ : davaTuru

Taraflar arasındaki .. davasının yapılan duruşması sonunda kurulan hükmün Yargıtayca incelenmesi .. tarafından istenilmekle, süresinde olduğu anlaşılan temyiz dilekçesinin kabulüne karar verildikten sonra dosya incelendi, gereği düşünüldü:

K A R A R

SONUÇ: Yukarıda açıklanan nedenlerle; .. temyiz itirazlarının kabulü ile hükmün BOZULMASINA, peşin alınan temyiz harcının istek halinde .. iadesine .../.../2006 günü oybirliği ile karar verildi."
yargitay:898744500,898744500,20. Hukuk Dairesi,2007/3533,2007/5702,2007-05-03,2007,570,"(Kapatılan)20. Hukuk Dairesi 2007/3533 E. , 2007/5702 K.

""İçtihat Metni""MAHKEMESİ : ilgiliCezaMahAdi
DAVA TÜRÜ : davaTuru

Taraflar arasındaki .. davasının yapılan duruşması sonunda kurulan hükmün Yargıtayca incelenmesi .. tarafından istenilmekle, süresinde olduğu anlaşılan temyiz dilekçesinin kabulüne karar verildikten sonra dosya incelendi, gereği düşünüldü:

K A R A R

SONUÇ: Yukarıda açıklanan nedenlerle; .. temyiz itirazlarının kabulü ile hükmün BOZULMASINA, peşin alınan temyiz harcının istek halinde .. iadesine .../.../2006 günü oybirliği ile karar verildi."
yargitay:898831900,898831900,20. Hukuk Dairesi,2007/4965,2007/6555,2007-05-21,2007,570,"(Kapatılan)20. Hukuk Dairesi 2007/4965 E. , 2007/6555 K.

""İçtihat Metni""MAHKEMESİ : ilgiliCezaMahAdi
DAVA TÜRÜ : davaTuru

Taraflar arasındaki .. davasının yapılan duruşması sonunda kurulan hükmün Yargıtayca incelenmesi .. tarafından istenilmekle, süresinde olduğu anlaşılan temyiz dilekçesinin kabulüne karar verildikten sonra dosya incelendi, gereği düşünüldü:

K A R A R

SONUÇ: Yukarıda açıklanan nedenlerle; .. temyiz itirazlarının kabulü ile hükmün BOZULMASINA, peşin alınan temyiz harcının istek halinde .. iadesine .../.../2006 günü oybirliği ile karar verildi."
yargitay:898833000,898833000,20. Hukuk Dairesi,2007/3768,2007/6215,2007-05-10,2007,570,"(Kapatılan)20. Hukuk Dairesi 2007/3768 E. , 2007/6215 K.

""İçtihat Metni""MAHKEMESİ : ilgiliCezaMahAdi
DAVA TÜRÜ : davaTuru

Taraflar arasındaki .. davasının yapılan duruşması sonunda kurulan hükmün Yargıtayca incelenmesi .. tarafından istenilmekle, süresinde olduğu anlaşılan temyiz dilekçesinin kabulüne karar verildikten sonra dosya incelendi, gereği düşünüldü:

K A R A R

SONUÇ: Yukarıda açıklanan nedenlerle; .. temyiz itirazlarının kabulü ile hükmün BOZULMASINA, peşin alınan temyiz harcının istek halinde .. iadesine .../.../2006 günü oybirliği ile karar verildi."
yargitay:898850700,898850700,20. Hukuk Dairesi,2007/5945,2007/6772,2007-05-24,2007,570,"(Kapatılan)20. Hukuk Dairesi 2007/5945 E. , 2007/6772 K.

""İçtihat Metni""MAHKEMESİ : ilgiliCezaMahAdi
DAVA TÜRÜ : davaTuru

Taraflar arasındaki .. davasının yapılan duruşması sonunda kurulan hükmün Yargıtayca incelenmesi .. tarafından istenilmekle, süresinde olduğu anlaşılan temyiz dilekçesinin kabulüne karar verildikten sonra dosya incelendi, gereği düşünüldü:

K A R A R

SONUÇ: Yukarıda açıklanan nedenlerle; .. temyiz itirazlarının kabulü ile hükmün BOZULMASINA, peşin alınan temyiz harcının istek halinde .. iadesine .../.../2006 günü oybirliği ile karar verildi."
yargitay:899671700,899671700,20. Hukuk Dairesi,2007/3404,2007/5683,2007-05-03,2007,570,"(Kapatılan)20. Hukuk Dairesi 2007/3404 E. , 2007/5683 K.

""İçtihat Metni""MAHKEMESİ : ilgiliCezaMahAdi
DAVA TÜRÜ : davaTuru

Taraflar arasındaki .. davasının yapılan duruşması sonunda kurulan hükmün Yargıtayca incelenmesi .. tarafından istenilmekle, süresinde olduğu anlaşılan temyiz dilekçesinin kabulüne karar verildikten sonra dosya incelendi, gereği düşünüldü:

K A R A R

SONUÇ: Yukarıda açıklanan nedenlerle; .. temyiz itirazlarının kabulü ile hükmün BOZULMASINA, peşin alınan temyiz harcının istek halinde .. iadesine .../.../2006 günü oybirliği ile karar verildi."
yargitay:899988400,899988400,20. Hukuk Dairesi,2007/3765,2007/5983,2007-05-08,2007,570,"(Kapatılan)20. Hukuk Dairesi 2007/3765 E. , 2007/5983 K.

""İçtihat Metni""MAHKEMESİ : ilgiliCezaMahAdi
DAVA TÜRÜ : davaTuru

Taraflar arasındaki .. davasının yapılan duruşması sonunda kurulan hükmün Yargıtayca incelenmesi .. tarafından istenilmekle, süresinde olduğu anlaşılan temyiz dilekçesinin kabulüne karar verildikten sonra dosya incelendi, gereği düşünüldü:

K A R A R

SONUÇ: Yukarıda açıklanan nedenlerle; .. temyiz itirazlarının kabulü ile hükmün BOZULMASINA, peşin alınan temyiz harcının istek halinde .. iadesine .../.../2006 günü oybirliği ile karar verildi."
yargitay:900190500,900190500,20. Hukuk Dairesi,2007/4671,2007/6556,2007-05-21,2007,570,"(Kapatılan)20. Hukuk Dairesi 2007/4671 E. , 2007/6556 K.

""İçtihat Metni""MAHKEMESİ : ilgiliCezaMahAdi
DAVA TÜRÜ : davaTuru

Taraflar arasındaki .. davasının yapılan duruşması sonunda kurulan hükmün Yargıtayca incelenmesi .. tarafından istenilmekle, süresinde olduğu anlaşılan temyiz dilekçesinin kabulüne karar verildikten sonra dosya incelendi, gereği düşünüldü:

K A R A R

SONUÇ: Yukarıda açıklanan nedenlerle; .. temyiz itirazlarının kabulü ile hükmün BOZULMASINA, peşin alınan temyiz harcının istek halinde .. iadesine .../.../2006 günü oybirliği ile karar verildi."
yargitay:900242700,900242700,20. Hukuk Dairesi,2007/5425,2007/7040,2007-05-28,2007,570,"(Kapatılan)20. Hukuk Dairesi 2007/5425 E. , 2007/7040 K.

""İçtihat Metni""MAHKEMESİ : ilgiliCezaMahAdi
DAVA TÜRÜ : davaTuru

Taraflar arasındaki .. davasının yapılan duruşması sonunda kurulan hükmün Yargıtayca incelenmesi .. tarafından istenilmekle, süresinde olduğu anlaşılan temyiz dilekçesinin kabulüne karar verildikten sonra dosya incelendi, gereği düşünüldü:

K A R A R

SONUÇ: Yukarıda açıklanan nedenlerle; .. temyiz itirazlarının kabulü ile hükmün BOZULMASINA, peşin alınan temyiz harcının istek halinde .. iadesine .../.../2006 günü oybirliği ile karar verildi."
yargitay:900256400,900256400,20. Hukuk Dairesi,2007/5630,2007/6832,2007-05-24,2007,570,"(Kapatılan)20. Hukuk Dairesi 2007/5630 E. , 2007/6832 K.

""İçtihat Metni""MAHKEMESİ : ilgiliCezaMahAdi
DAVA TÜRÜ : davaTuru

Taraflar arasındaki .. davasının yapılan duruşması sonunda kurulan hükmün Yargıtayca incelenmesi .. tarafından istenilmekle, süresinde olduğu anlaşılan temyiz dilekçesinin kabulüne karar verildikten sonra dosya incelendi, gereği düşünüldü:

K A R A R

SONUÇ: Yukarıda açıklanan nedenlerle; .. temyiz itirazlarının kabulü ile hükmün BOZULMASINA, peşin alınan temyiz harcının istek halinde .. iadesine .../.../2006 günü oybirliği ile karar verildi."
yargitay:900259500,900259500,20. Hukuk Dairesi,2007/5617,2007/6844,2007-05-24,2007,570,"(Kapatılan)20. Hukuk Dairesi 2007/5617 E. , 2007/6844 K.

""İçtihat Metni""MAHKEMESİ : ilgiliCezaMahAdi
DAVA TÜRÜ : davaTuru

Taraflar arasındaki .. davasının yapılan duruşması sonunda kurulan hükmün Yargıtayca incelenmesi .. tarafından istenilmekle, süresinde olduğu anlaşılan temyiz dilekçesinin kabulüne karar verildikten sonra dosya incelendi, gereği düşünüldü:

K A R A R

SONUÇ: Yukarıda açıklanan nedenlerle; .. temyiz itirazlarının kabulü ile hükmün BOZULMASINA, peşin alınan temyiz harcının istek halinde .. iadesine .../.../2006 günü oybirliği ile karar verildi."
yargitay:900265200,900265200,20. Hukuk Dairesi,2007/5468,2007/6858,2007-05-24,2007,570,"(Kapatılan)20. Hukuk Dairesi 2007/5468 E. , 2007/6858 K.

""İçtihat Metni""MAHKEMESİ : ilgiliCezaMahAdi
DAVA TÜRÜ : davaTuru

Taraflar arasındaki .. davasının yapılan duruşması sonunda kurulan hükmün Yargıtayca incelenmesi .. tarafından istenilmekle, süresinde olduğu anlaşılan temyiz dilekçesinin kabulüne karar verildikten sonra dosya incelendi, gereği düşünüldü:

K A R A R

SONUÇ: Yukarıda açıklanan nedenlerle; .. temyiz itirazlarının kabulü ile hükmün BOZULMASINA, peşin alınan temyiz harcının istek halinde .. iadesine .../.../2006 günü oybirliği ile karar verildi."
yargitay:900283300,900283300,20. Hukuk Dairesi,2007/5620,2007/6881,2007-05-24,2007,570,"(Kapatılan)20. Hukuk Dairesi 2007/5620 E. , 2007/6881 K.

""İçtihat Metni""MAHKEMESİ : ilgiliCezaMahAdi
DAVA TÜRÜ : davaTuru

Taraflar arasındaki .. davasının yapılan duruşması sonunda kurulan hükmün Yargıtayca incelenmesi .. tarafından istenilmekle, süresinde olduğu anlaşılan temyiz dilekçesinin kabulüne karar verildikten sonra dosya incelendi, gereği düşünüldü:

K A R A R

SONUÇ: Yukarıda açıklanan nedenlerle; .. temyiz itirazlarının kabulü ile hükmün BOZULMASINA, peşin alınan temyiz harcının istek halinde .. iadesine .../.../2006 günü oybirliği ile karar verildi."
yargitay:900301900,900301900,20. Hukuk Dairesi,2007/4876,2007/6786,2007-05-24,2007,570,"(Kapatılan)20. Hukuk Dairesi 2007/4876 E. , 2007/6786 K.

""İçtihat Metni""MAHKEMESİ : ilgiliCezaMahAdi
DAVA TÜRÜ : davaTuru

Taraflar arasındaki .. davasının yapılan duruşması sonunda kurulan hükmün Yargıtayca incelenmesi .. tarafından istenilmekle, süresinde olduğu anlaşılan temyiz dilekçesinin kabulüne karar verildikten sonra dosya incelendi, gereği düşünüldü:

K A R A R

SONUÇ: Yukarıda açıklanan nedenlerle; .. temyiz itirazlarının kabulü ile hükmün BOZULMASINA, peşin alınan temyiz harcının istek halinde .. iadesine .../.../2006 günü oybirliği ile karar verildi."
yargitay:900533400,900533400,20. Hukuk Dairesi,2006/14281,2007/344,2007-01-18,2007,570,"(Kapatılan)20. Hukuk Dairesi 2006/14281 E. , 2007/344 K.

""İçtihat Metni""MAHKEMESİ : ilgiliCezaMahAdi
DAVA TÜRÜ : davaTuru

Taraflar arasındaki .. davasının yapılan duruşması sonunda kurulan hükmün Yargıtayca incelenmesi .. tarafından istenilmekle, süresinde olduğu anlaşılan temyiz dilekçesinin kabulüne karar verildikten sonra dosya incelendi, gereği düşünüldü:

K A R A R

SONUÇ: Yukarıda açıklanan nedenlerle; .. temyiz itirazlarının kabulü ile hükmün BOZULMASINA, peşin alınan temyiz harcının istek halinde .. iadesine .../.../2006 günü oybirliği ile karar verildi."
yargitay:900598500,900598500,20. Hukuk Dairesi,2007/6716,2007/7167,2007-05-31,2007,570,"(Kapatılan)20. Hukuk Dairesi 2007/6716 E. , 2007/7167 K.

""İçtihat Metni""MAHKEMESİ : ilgiliCezaMahAdi
DAVA TÜRÜ : davaTuru

Taraflar arasındaki .. davasının yapılan duruşması sonunda kurulan hükmün Yargıtayca incelenmesi .. tarafından istenilmekle, süresinde olduğu anlaşılan temyiz dilekçesinin kabulüne karar verildikten sonra dosya incelendi, gereği düşünüldü:

K A R A R

SONUÇ: Yukarıda açıklanan nedenlerle; .. temyiz itirazlarının kabulü ile hükmün BOZULMASINA, peşin alınan temyiz harcının istek halinde .. iadesine .../.../2006 günü oybirliği ile karar verildi."
yargitay:900656000,900656000,20. Hukuk Dairesi,2007/2028,2007/4016,2007-03-28,2007,570,"(Kapatılan)20. Hukuk Dairesi 2007/2028 E. , 2007/4016 K.

""İçtihat Metni""MAHKEMESİ : ilgiliCezaMahAdi
DAVA TÜRÜ : davaTuru

Taraflar arasındaki .. davasının yapılan duruşması sonunda kurulan hükmün Yargıtayca incelenmesi .. tarafından istenilmekle, süresinde olduğu anlaşılan temyiz dilekçesinin kabulüne karar verildikten sonra dosya incelendi, gereği düşünüldü:

K A R A R

SONUÇ: Yukarıda açıklanan nedenlerle; .. temyiz itirazlarının kabulü ile hükmün BOZULMASINA, peşin alınan temyiz harcının istek halinde .. iadesine .../.../2006 günü oybirliği ile karar verildi."
yargitay:903421600,903421600,20. Hukuk Dairesi,2007/16559,2007/16120,2007-12-10,2007,570,"(Kapatılan)20. Hukuk Dairesi 2007/16559 E. , 2007/16120 K.

""İçtihat Metni""MAHKEMESİ : ilgiliCezaMahAdi
DAVA TÜRÜ : davaTuru

Taraflar arasındaki .. davasının yapılan duruşması sonunda kurulan hükmün Yargıtayca incelenmesi .. tarafından istenilmekle, süresinde olduğu anlaşılan temyiz dilekçesinin kabulüne karar verildikten sonra dosya incelendi, gereği düşünüldü:
K A R A R
SONUÇ: Yukarıda açıklanan nedenlerle; .. temyiz itirazlarının kabulü ile hükmün BOZULMASINA, peşin alınan temyiz harcının istek halinde .. iadesine .../.../2006 günü oybirliği ile karar verildi."
yargitay:894518000,894518000,20. Hukuk Dairesi,2008/18012,2009/1045,2009-01-27,2009,571,"(Kapatılan)20. Hukuk Dairesi 2008/18012 E. , 2009/1045 K.

""İçtihat Metni""MAHKEMESİ : ilgiliCezaMahAdi
DAVA TÜRÜ : davaTuru

Taraflar arasındaki .. davasının yapılan duruşması sonunda kurulan hükmün Yargıtayca incelenmesi .. tarafından istenilmekle, süresinde olduğu anlaşılan temyiz dilekçesinin kabulüne karar verildikten sonra dosya incelendi, gereği düşünüldü:

K A R A R

SONUÇ: Yukarıda açıklanan nedenlerle; .. temyiz itirazlarının kabulü ile hükmün BOZULMASINA, peşin alınan temyiz harcının istek halinde .. iadesine .../.../2006 günü oybirliği ile karar verildi."
yargitay:894635900,894635900,20. Hukuk Dairesi,2008/14433,2009/1081,2009-01-29,2009,571,"(Kapatılan)20. Hukuk Dairesi 2008/14433 E. , 2009/1081 K.

""İçtihat Metni""MAHKEMESİ : ilgiliCezaMahAdi
DAVA TÜRÜ : davaTuru

Taraflar arasındaki .. davasının yapılan duruşması sonunda kurulan hükmün Yargıtayca incelenmesi .. tarafından istenilmekle, süresinde olduğu anlaşılan temyiz dilekçesinin kabulüne karar verildikten sonra dosya incelendi, gereği düşünüldü:

K A R A R

SONUÇ: Yukarıda açıklanan nedenlerle; .. temyiz itirazlarının kabulü ile hükmün BOZULMASINA, peşin alınan temyiz harcının istek halinde .. iadesine .../.../2006 günü oybirliği ile karar verildi."
yargitay:894636100,894636100,20. Hukuk Dairesi,2008/15330,2009/1112,2009-01-29,2009,571,"(Kapatılan)20. Hukuk Dairesi 2008/15330 E. , 2009/1112 K.

""İçtihat Metni""MAHKEMESİ : ilgiliCezaMahAdi
DAVA TÜRÜ : davaTuru

Taraflar arasındaki .. davasının yapılan duruşması sonunda kurulan hükmün Yargıtayca incelenmesi .. tarafından istenilmekle, süresinde olduğu anlaşılan temyiz dilekçesinin kabulüne karar verildikten sonra dosya incelendi, gereği düşünüldü:

K A R A R

SONUÇ: Yukarıda açıklanan nedenlerle; .. temyiz itirazlarının kabulü ile hükmün BOZULMASINA, peşin alınan temyiz harcının istek halinde .. iadesine .../.../2006 günü oybirliği ile karar verildi."
yargitay:894698800,894698800,20. Hukuk Dairesi,2008/15953,2009/1068,2009-01-29,2009,571,"(Kapatılan)20. Hukuk Dairesi 2008/15953 E. , 2009/1068 K.

""İçtihat Metni""MAHKEMESİ : ilgiliCezaMahAdi
DAVA TÜRÜ : davaTuru

Taraflar arasındaki .. davasının yapılan duruşması sonunda kurulan hükmün Yargıtayca incelenmesi .. tarafından istenilmekle, süresinde olduğu anlaşılan temyiz dilekçesinin kabulüne karar verildikten sonra dosya incelendi, gereği düşünüldü:

K A R A R

SONUÇ: Yukarıda açıklanan nedenlerle; .. temyiz itirazlarının kabulü ile hükmün BOZULMASINA, peşin alınan temyiz harcının istek halinde .. iadesine .../.../2006 günü oybirliği ile karar verildi."
yargitay:894726400,894726400,20. Hukuk Dairesi,2008/15914,2009/1053,2009-01-29,2009,571,"(Kapatılan)20. Hukuk Dairesi 2008/15914 E. , 2009/1053 K.

""İçtihat Metni""MAHKEMESİ : ilgiliCezaMahAdi
DAVA TÜRÜ : davaTuru

Taraflar arasındaki .. davasının yapılan duruşması sonunda kurulan hükmün Yargıtayca incelenmesi .. tarafından istenilmekle, süresinde olduğu anlaşılan temyiz dilekçesinin kabulüne karar verildikten sonra dosya incelendi, gereği düşünüldü:

K A R A R

SONUÇ: Yukarıda açıklanan nedenlerle; .. temyiz itirazlarının kabulü ile hükmün BOZULMASINA, peşin alınan temyiz harcının istek halinde .. iadesine .../.../2006 günü oybirliği ile karar verildi."
yargitay:895011500,895011500,20. Hukuk Dairesi,2008/14855,2009/1016,2009-01-27,2009,571,"(Kapatılan)20. Hukuk Dairesi 2008/14855 E. , 2009/1016 K.

""İçtihat Metni""MAHKEMESİ : ilgiliCezaMahAdi
DAVA TÜRÜ : davaTuru

Taraflar arasındaki .. davasının yapılan duruşması sonunda kurulan hükmün Yargıtayca incelenmesi .. tarafından istenilmekle, süresinde olduğu anlaşılan temyiz dilekçesinin kabulüne karar verildikten sonra dosya incelendi, gereği düşünüldü:

K A R A R

SONUÇ: Yukarıda açıklanan nedenlerle; .. temyiz itirazlarının kabulü ile hükmün BOZULMASINA, peşin alınan temyiz harcının istek halinde .. iadesine .../.../2006 günü oybirliği ile karar verildi."
yargitay:895089200,895089200,20. Hukuk Dairesi,2008/9691,2008/14340,2008-11-04,2008,571,"(Kapatılan)20. Hukuk Dairesi 2008/9691 E. , 2008/14340 K.

""İçtihat Metni""MAHKEMESİ : ilgiliCezaMahAdi
DAVA TÜRÜ : davaTuru

Taraflar arasındaki .. davasının yapılan duruşması sonunda kurulan hükmün Yargıtayca incelenmesi .. tarafından istenilmekle, süresinde olduğu anlaşılan temyiz dilekçesinin kabulüne karar verildikten sonra dosya incelendi, gereği düşünüldü:

K A R A R

SONUÇ: Yukarıda açıklanan nedenlerle; .. temyiz itirazlarının kabulü ile hükmün BOZULMASINA, peşin alınan temyiz harcının istek halinde .. iadesine .../.../2006 günü oybirliği ile karar verildi."
yargitay:895442500,895442500,20. Hukuk Dairesi,2009/8505,2009/10645,2009-06-24,2009,571,"(Kapatılan)20. Hukuk Dairesi 2009/8505 E. , 2009/10645 K.

""İçtihat Metni""MAHKEMESİ : ilgiliCezaMahAdi
DAVA TÜRÜ : davaTuru

Taraflar arasındaki .. davasının yapılan duruşması sonunda kurulan hükmün Yargıtayca incelenmesi .. tarafından istenilmekle, süresinde olduğu anlaşılan temyiz dilekçesinin kabulüne karar verildikten sonra dosya incelendi, gereği düşünüldü:

K A R A R

SONUÇ: Yukarıda açıklanan nedenlerle; .. temyiz itirazlarının kabulü ile hükmün BOZULMASINA, peşin alınan temyiz harcının istek halinde .. iadesine .../.../2006 günü oybirliği ile karar verildi."
yargitay:895728700,895728700,20. Hukuk Dairesi,2009/8697,2009/10885,2009-06-29,2009,571,"(Kapatılan)20. Hukuk Dairesi 2009/8697 E. , 2009/10885 K.

""İçtihat Metni""MAHKEMESİ : ilgiliCezaMahAdi
DAVA TÜRÜ : davaTuru

Taraflar arasındaki .. davasının yapılan duruşması sonunda kurulan hükmün Yargıtayca incelenmesi .. tarafından istenilmekle, süresinde olduğu anlaşılan temyiz dilekçesinin kabulüne karar verildikten sonra dosya incelendi, gereği düşünüldü:

K A R A R

SONUÇ: Yukarıda açıklanan nedenlerle; .. temyiz itirazlarının kabulü ile hükmün BOZULMASINA, peşin alınan temyiz harcının istek halinde .. iadesine .../.../2006 günü oybirliği ile karar verildi."
yargitay:895734300,895734300,20. Hukuk Dairesi,2007/16874,2008/1934,2008-02-11,2008,571,"(Kapatılan)20. Hukuk Dairesi 2007/16874 E. , 2008/1934 K.

""İçtihat Metni""MAHKEMESİ : ilgiliCezaMahAdi
DAVA TÜRÜ : davaTuru

Taraflar arasındaki .. davasının yapılan duruşması sonunda kurulan hükmün Yargıtayca incelenmesi .. tarafından istenilmekle, süresinde olduğu anlaşılan temyiz dilekçesinin kabulüne karar verildikten sonra dosya incelendi, gereği düşünüldü:

K A R A R

SONUÇ: Yukarıda açıklanan nedenlerle; .. temyiz itirazlarının kabulü ile hükmün BOZULMASINA, peşin alınan temyiz harcının istek halinde .. iadesine .../.../2006 günü oybirliği ile karar verildi."
yargitay:898768200,898768200,20. Hukuk Dairesi,2007/14647,2007/15529,2007-12-03,2007,571,"(Kapatılan)20. Hukuk Dairesi 2007/14647 E. , 2007/15529 K.

""İçtihat Metni""MAHKEMESİ : ilgiliCezaMahAdi
DAVA TÜRÜ : davaTuru

Taraflar arasındaki .. davasının yapılan duruşması sonunda kurulan hükmün Yargıtayca incelenmesi .. tarafından istenilmekle, süresinde olduğu anlaşılan temyiz dilekçesinin kabulüne karar verildikten sonra dosya incelendi, gereği düşünüldü:

K A R A R
SONUÇ: Yukarıda açıklanan nedenlerle; .. temyiz itirazlarının kabulü ile hükmün BOZULMASINA, peşin alınan temyiz harcının istek halinde .. iadesine .../.../2006 günü oybirliği ile karar verildi."
yargitay:898841400,898841400,20. Hukuk Dairesi,2007/13286,2007/15589,2007-12-03,2007,571,"(Kapatılan)20. Hukuk Dairesi 2007/13286 E. , 2007/15589 K.

""İçtihat Metni""MAHKEMESİ : ilgiliCezaMahAdi
DAVA TÜRÜ : davaTuru

Taraflar arasındaki .. davasının yapılan duruşması sonunda kurulan hükmün Yargıtayca incelenmesi .. tarafından istenilmekle, süresinde olduğu anlaşılan temyiz dilekçesinin kabulüne karar verildikten sonra dosya incelendi, gereği düşünüldü:

K A R A R
SONUÇ: Yukarıda açıklanan nedenlerle; .. temyiz itirazlarının kabulü ile hükmün BOZULMASINA, peşin alınan temyiz harcının istek halinde .. iadesine .../.../2006 günü oybirliği ile karar verildi."
yargitay:898858300,898858300,20. Hukuk Dairesi,2007/12987,2007/15692,2007-12-04,2007,571,"(Kapatılan)20. Hukuk Dairesi 2007/12987 E. , 2007/15692 K.

""İçtihat Metni""MAHKEMESİ : ilgiliCezaMahAdi
DAVA TÜRÜ : davaTuru

Taraflar arasındaki .. davasının yapılan duruşması sonunda kurulan hükmün Yargıtayca incelenmesi .. tarafından istenilmekle, süresinde olduğu anlaşılan temyiz dilekçesinin kabulüne karar verildikten sonra dosya incelendi, gereği düşünüldü:

K A R A R
SONUÇ: Yukarıda açıklanan nedenlerle; .. temyiz itirazlarının kabulü ile hükmün BOZULMASINA, peşin alınan temyiz harcının istek halinde .. iadesine .../.../2006 günü oybirliği ile karar verildi."
yargitay:898877100,898877100,20. Hukuk Dairesi,2007/13114,2007/15720,2007-12-04,2007,571,"(Kapatılan)20. Hukuk Dairesi 2007/13114 E. , 2007/15720 K.

""İçtihat Metni""MAHKEMESİ : ilgiliCezaMahAdi
DAVA TÜRÜ : davaTuru

Taraflar arasındaki .. davasının yapılan duruşması sonunda kurulan hükmün Yargıtayca incelenmesi .. tarafından istenilmekle, süresinde olduğu anlaşılan temyiz dilekçesinin kabulüne karar verildikten sonra dosya incelendi, gereği düşünüldü:

K A R A R
SONUÇ: Yukarıda açıklanan nedenlerle; .. temyiz itirazlarının kabulü ile hükmün BOZULMASINA, peşin alınan temyiz harcının istek halinde .. iadesine .../.../2006 günü oybirliği ile karar verildi."
yargitay:899708900,899708900,20. Hukuk Dairesi,2006/17206,2007/5663,2007-05-03,2007,571,"(Kapatılan)20. Hukuk Dairesi 2006/17206 E. , 2007/5663 K.

""İçtihat Metni""MAHKEMESİ : ilgiliCezaMahAdi
DAVA TÜRÜ : davaTuru

Taraflar arasındaki .. davasının yapılan duruşması sonunda kurulan hükmün Yargıtayca incelenmesi .. tarafından istenilmekle, süresinde olduğu anlaşılan temyiz dilekçesinin kabulüne karar verildikten sonra dosya incelendi, gereği düşünüldü:

K A R A R

SONUÇ: Yukarıda açıklanan nedenlerle; .. temyiz itirazlarının kabulü ile hükmün BOZULMASINA, peşin alınan temyiz harcının istek halinde .. iadesine .../.../2006 günü oybirliği ile karar verildi."
yargitay:900329500,900329500,20. Hukuk Dairesi,2007/13217,2007/16156,2007-12-11,2007,571,"(Kapatılan)20. Hukuk Dairesi 2007/13217 E. , 2007/16156 K.

""İçtihat Metni""MAHKEMESİ : ilgiliCezaMahAdi
DAVA TÜRÜ : davaTuru

Taraflar arasındaki .. davasının yapılan duruşması sonunda kurulan hükmün Yargıtayca incelenmesi .. tarafından istenilmekle, süresinde olduğu anlaşılan temyiz dilekçesinin kabulüne karar verildikten sonra dosya incelendi, gereği düşünüldü:

K A R A R
SONUÇ: Yukarıda açıklanan nedenlerle; .. temyiz itirazlarının kabulü ile hükmün BOZULMASINA, peşin alınan temyiz harcının istek halinde .. iadesine .../.../2006 günü oybirliği ile karar verildi."
yargitay:900407500,900407500,20. Hukuk Dairesi,2007/12844,2007/15758,2007-12-04,2007,571,"(Kapatılan)20. Hukuk Dairesi 2007/12844 E. , 2007/15758 K.

""İçtihat Metni""MAHKEMESİ : ilgiliCezaMahAdi
DAVA TÜRÜ : davaTuru

Taraflar arasındaki .. davasının yapılan duruşması sonunda kurulan hükmün Yargıtayca incelenmesi .. tarafından istenilmekle, süresinde olduğu anlaşılan temyiz dilekçesinin kabulüne karar verildikten sonra dosya incelendi, gereği düşünüldü:

K A R A R
SONUÇ: Yukarıda açıklanan nedenlerle; .. temyiz itirazlarının kabulü ile hükmün BOZULMASINA, peşin alınan temyiz harcının istek halinde .. iadesine .../.../2006 günü oybirliği ile karar verildi."
yargitay:901745000,901745000,20. Hukuk Dairesi,2007/12963,2007/15657,2007-12-04,2007,571,"(Kapatılan)20. Hukuk Dairesi 2007/12963 E. , 2007/15657 K.

""İçtihat Metni""MAHKEMESİ : ilgiliCezaMahAdi
DAVA TÜRÜ : davaTuru

Taraflar arasındaki .. davasının yapılan duruşması sonunda kurulan hükmün Yargıtayca incelenmesi .. tarafından istenilmekle, süresinde olduğu anlaşılan temyiz dilekçesinin kabulüne karar verildikten sonra dosya incelendi, gereği düşünüldü:

K A R A R
SONUÇ: Yukarıda açıklanan nedenlerle; .. temyiz itirazlarının kabulü ile hükmün BOZULMASINA, peşin alınan temyiz harcının istek halinde .. iadesine .../.../2006 günü oybirliği ile karar verildi."
yargitay:902167700,902167700,20. Hukuk Dairesi,2007/12962,2007/15660,2007-12-04,2007,571,"(Kapatılan)20. Hukuk Dairesi 2007/12962 E. , 2007/15660 K.

""İçtihat Metni""MAHKEMESİ : ilgiliCezaMahAdi
DAVA TÜRÜ : davaTuru

Taraflar arasındaki .. davasının yapılan duruşması sonunda kurulan hükmün Yargıtayca incelenmesi .. tarafından istenilmekle, süresinde olduğu anlaşılan temyiz dilekçesinin kabulüne karar verildikten sonra dosya incelendi, gereği düşünüldü:

K A R A R
SONUÇ: Yukarıda açıklanan nedenlerle; .. temyiz itirazlarının kabulü ile hükmün BOZULMASINA, peşin alınan temyiz harcının istek halinde .. iadesine .../.../2006 günü oybirliği ile karar verildi."
yargitay:903265000,903265000,20. Hukuk Dairesi,2007/14172,2007/16436,2007-12-13,2007,571,"(Kapatılan)20. Hukuk Dairesi 2007/14172 E. , 2007/16436 K.

""İçtihat Metni""MAHKEMESİ : ilgiliCezaMahAdi
DAVA TÜRÜ : davaTuru

Taraflar arasındaki .. davasının yapılan duruşması sonunda kurulan hükmün Yargıtayca incelenmesi .. tarafından istenilmekle, süresinde olduğu anlaşılan temyiz dilekçesinin kabulüne karar verildikten sonra dosya incelendi, gereği düşünüldü:

K A R A R
SONUÇ: Yukarıda açıklanan nedenlerle; .. temyiz itirazlarının kabulü ile hükmün BOZULMASINA, peşin alınan temyiz harcının istek halinde .. iadesine .../.../2006 günü oybirliği ile karar verildi."
yargitay:903408300,903408300,20. Hukuk Dairesi,2007/10630,2007/16106,2007-12-10,2007,571,"(Kapatılan)20. Hukuk Dairesi 2007/10630 E. , 2007/16106 K.

""İçtihat Metni""MAHKEMESİ : ilgiliCezaMahAdi
DAVA TÜRÜ : davaTuru

Taraflar arasındaki .. davasının yapılan duruşması sonunda kurulan hükmün Yargıtayca incelenmesi .. tarafından istenilmekle, süresinde olduğu anlaşılan temyiz dilekçesinin kabulüne karar verildikten sonra dosya incelendi, gereği düşünüldü:

K A R A R
SONUÇ: Yukarıda açıklanan nedenlerle; .. temyiz itirazlarının kabulü ile hükmün BOZULMASINA, peşin alınan temyiz harcının istek halinde .. iadesine .../.../2006 günü oybirliği ile karar verildi."
yargitay:904622200,904622200,20. Hukuk Dairesi,2006/7607,2006/11515,2006-09-19,2006,571,"(Kapatılan)20. Hukuk Dairesi 2006/7607 E. , 2006/11515 K.

""İçtihat Metni""MAHKEMESİ : ilgiliCezaMahAdi
DAVA TÜRÜ : davaTuru

Taraflar arasındaki .. davasının yapılan duruşması sonunda kurulan hükmün Yargıtayca incelenmesi .. tarafından istenilmekle, süresinde olduğu anlaşılan temyiz dilekçesinin kabulüne karar verildikten sonra dosya incelendi, gereği düşünüldü:

K A R A R

SONUÇ: Yukarıda açıklanan nedenlerle; .. temyiz itirazlarının kabulü ile hükmün BOZULMASINA, peşin alınan temyiz harcının istek halinde .. iadesine .../.../2006 günü oybirliği ile karar verildi."
yargitay:904626400,904626400,20. Hukuk Dairesi,2006/7840,2006/11535,2006-09-19,2006,571,"(Kapatılan)20. Hukuk Dairesi 2006/7840 E. , 2006/11535 K.

""İçtihat Metni""MAHKEMESİ : ilgiliCezaMahAdi
DAVA TÜRÜ : davaTuru

Taraflar arasındaki .. davasının yapılan duruşması sonunda kurulan hükmün Yargıtayca incelenmesi .. tarafından istenilmekle, süresinde olduğu anlaşılan temyiz dilekçesinin kabulüne karar verildikten sonra dosya incelendi, gereği düşünüldü:

K A R A R

SONUÇ: Yukarıda açıklanan nedenlerle; .. temyiz itirazlarının kabulü ile hükmün BOZULMASINA, peşin alınan temyiz harcının istek halinde .. iadesine .../.../2006 günü oybirliği ile karar verildi."
yargitay:895025600,895025600,20. Hukuk Dairesi,2009/14095,2009/16015,2009-11-02,2009,572,"(Kapatılan)20. Hukuk Dairesi 2009/14095 E. , 2009/16015 K.

""İçtihat Metni""MAHKEMESİ : ilgiliCezaMahAdi
DAVA TÜRÜ : davaTuru

Taraflar arasındaki .. davasının yapılan duruşması sonunda kurulan hükmün Yargıtayca incelenmesi .. tarafından istenilmekle, süresinde olduğu anlaşılan temyiz dilekçesinin kabulüne karar verildikten sonra dosya incelendi, gereği düşünüldü:

K A R A R

SONUÇ: Yukarıda açıklanan nedenlerle; .. temyiz itirazlarının kabulü ile hükmün BOZULMASINA, peşin alınan temyiz harcının istek halinde .. iadesine .../.../2006 günü oybirliği ile karar verildi."
yargitay:895026600,895026600,20. Hukuk Dairesi,2009/14232,2009/16383,2009-11-09,2009,572,"(Kapatılan)20. Hukuk Dairesi 2009/14232 E. , 2009/16383 K.

""İçtihat Metni""MAHKEMESİ : ilgiliCezaMahAdi
DAVA TÜRÜ : davaTuru

Taraflar arasındaki .. davasının yapılan duruşması sonunda kurulan hükmün Yargıtayca incelenmesi .. tarafından istenilmekle, süresinde olduğu anlaşılan temyiz dilekçesinin kabulüne karar verildikten sonra dosya incelendi, gereği düşünüldü:

K A R A R

SONUÇ: Yukarıda açıklanan nedenlerle; .. temyiz itirazlarının kabulü ile hükmün BOZULMASINA, peşin alınan temyiz harcının istek halinde .. iadesine .../.../2006 günü oybirliği ile karar verildi."
yargitay:895028100,895028100,20. Hukuk Dairesi,2009/15269,2009/16977,2009-11-17,2009,572,"(Kapatılan)20. Hukuk Dairesi 2009/15269 E. , 2009/16977 K.

""İçtihat Metni""MAHKEMESİ : ilgiliCezaMahAdi
DAVA TÜRÜ : davaTuru

Taraflar arasındaki .. davasının yapılan duruşması sonunda kurulan hükmün Yargıtayca incelenmesi .. tarafından istenilmekle, süresinde olduğu anlaşılan temyiz dilekçesinin kabulüne karar verildikten sonra dosya incelendi, gereği düşünüldü:

K A R A R

SONUÇ: Yukarıda açıklanan nedenlerle; .. temyiz itirazlarının kabulü ile hükmün BOZULMASINA, peşin alınan temyiz harcının istek halinde .. iadesine .../.../2006 günü oybirliği ile karar verildi."
yargitay:896196700,896196700,20. Hukuk Dairesi,2008/16407,2008/18155,2008-12-23,2008,572,"(Kapatılan)20. Hukuk Dairesi 2008/16407 E. , 2008/18155 K.

""İçtihat Metni""MAHKEMESİ : ilgiliCezaMahAdi
DAVA TÜRÜ : davaTuru

Taraflar arasındaki .. davasının yapılan duruşması sonunda kurulan hükmün Yargıtayca incelenmesi .. tarafından istenilmekle, süresinde olduğu anlaşılan temyiz dilekçesinin kabulüne karar verildikten sonra dosya incelendi, gereği düşünüldü:

K A R A R

SONUÇ: Yukarıda açıklanan nedenlerle; .. temyiz itirazlarının kabulü ile hükmün BOZULMASINA, peşin alınan temyiz harcının istek halinde .. iadesine .../.../2006 günü oybirliği ile karar verildi."
yargitay:896587800,896587800,20. Hukuk Dairesi,2008/16210,2008/18056,2008-12-22,2008,572,"(Kapatılan)20. Hukuk Dairesi 2008/16210 E. , 2008/18056 K.

""İçtihat Metni""MAHKEMESİ : ilgiliCezaMahAdi
DAVA TÜRÜ : davaTuru

Taraflar arasındaki .. davasının yapılan duruşması sonunda kurulan hükmün Yargıtayca incelenmesi .. tarafından istenilmekle, süresinde olduğu anlaşılan temyiz dilekçesinin kabulüne karar verildikten sonra dosya incelendi, gereği düşünüldü:

K A R A R

SONUÇ: Yukarıda açıklanan nedenlerle; .. temyiz itirazlarının kabulü ile hükmün BOZULMASINA, peşin alınan temyiz harcının istek halinde .. iadesine .../.../2006 günü oybirliği ile karar verildi."
yargitay:896641600,896641600,20. Hukuk Dairesi,2008/16504,2008/18215,2008-12-23,2008,572,"(Kapatılan)20. Hukuk Dairesi 2008/16504 E. , 2008/18215 K.

""İçtihat Metni""MAHKEMESİ : ilgiliCezaMahAdi
DAVA TÜRÜ : davaTuru

Taraflar arasındaki .. davasının yapılan duruşması sonunda kurulan hükmün Yargıtayca incelenmesi .. tarafından istenilmekle, süresinde olduğu anlaşılan temyiz dilekçesinin kabulüne karar verildikten sonra dosya incelendi, gereği düşünüldü:

K A R A R

SONUÇ: Yukarıda açıklanan nedenlerle; .. temyiz itirazlarının kabulü ile hükmün BOZULMASINA, peşin alınan temyiz harcının istek halinde .. iadesine .../.../2006 günü oybirliği ile karar verildi."
yargitay:897902800,897902800,20. Hukuk Dairesi,2008/16672,2008/18430,2008-12-25,2008,572,"(Kapatılan)20. Hukuk Dairesi 2008/16672 E. , 2008/18430 K.

""İçtihat Metni""MAHKEMESİ : ilgiliCezaMahAdi
DAVA TÜRÜ : davaTuru

Taraflar arasındaki .. davasının yapılan duruşması sonunda kurulan hükmün Yargıtayca incelenmesi .. tarafından istenilmekle, süresinde olduğu anlaşılan temyiz dilekçesinin kabulüne karar verildikten sonra dosya incelendi, gereği düşünüldü:

K A R A R

SONUÇ: Yukarıda açıklanan nedenlerle; .. temyiz itirazlarının kabulü ile hükmün BOZULMASINA, peşin alınan temyiz harcının istek halinde .. iadesine .../.../2006 günü oybirliği ile karar verildi."
yargitay:897926700,897926700,20. Hukuk Dairesi,2008/13423,2008/18434,2008-12-25,2008,572,"(Kapatılan)20. Hukuk Dairesi 2008/13423 E. , 2008/18434 K.

""İçtihat Metni""MAHKEMESİ : ilgiliCezaMahAdi
DAVA TÜRÜ : davaTuru

Taraflar arasındaki .. davasının yapılan duruşması sonunda kurulan hükmün Yargıtayca incelenmesi .. tarafından istenilmekle, süresinde olduğu anlaşılan temyiz dilekçesinin kabulüne karar verildikten sonra dosya incelendi, gereği düşünüldü:

K A R A R

SONUÇ: Yukarıda açıklanan nedenlerle; .. temyiz itirazlarının kabulü ile hükmün BOZULMASINA, peşin alınan temyiz harcının istek halinde .. iadesine .../.../2006 günü oybirliği ile karar verildi."
yargitay:897931200,897931200,20. Hukuk Dairesi,2008/13421,2008/18436,2008-12-25,2008,572,"(Kapatılan)20. Hukuk Dairesi 2008/13421 E. , 2008/18436 K.

""İçtihat Metni""MAHKEMESİ : ilgiliCezaMahAdi
DAVA TÜRÜ : davaTuru

Taraflar arasındaki .. davasının yapılan duruşması sonunda kurulan hükmün Yargıtayca incelenmesi .. tarafından istenilmekle, süresinde olduğu anlaşılan temyiz dilekçesinin kabulüne karar verildikten sonra dosya incelendi, gereği düşünüldü:

K A R A R

SONUÇ: Yukarıda açıklanan nedenlerle; .. temyiz itirazlarının kabulü ile hükmün BOZULMASINA, peşin alınan temyiz harcının istek halinde .. iadesine .../.../2006 günü oybirliği ile karar verildi."
yargitay:898951100,898951100,20. Hukuk Dairesi,2008/13613,2008/18558,2008-12-26,2008,572,"(Kapatılan)20. Hukuk Dairesi 2008/13613 E. , 2008/18558 K.

""İçtihat Metni""MAHKEMESİ : ilgiliCezaMahAdi
DAVA TÜRÜ : davaTuru

Taraflar arasındaki .. davasının yapılan duruşması sonunda kurulan hükmün Yargıtayca incelenmesi .. tarafından istenilmekle, süresinde olduğu anlaşılan temyiz dilekçesinin kabulüne karar verildikten sonra dosya incelendi, gereği düşünüldü:

K A R A R

SONUÇ: Yukarıda açıklanan nedenlerle; .. temyiz itirazlarının kabulü ile hükmün BOZULMASINA, peşin alınan temyiz harcının istek halinde .. iadesine .../.../2006 günü oybirliği ile karar verildi."
yargitay:899199600,899199600,20. Hukuk Dairesi,2008/12841,2008/17480,2008-12-15,2008,572,"(Kapatılan)20. Hukuk Dairesi 2008/12841 E. , 2008/17480 K.

""İçtihat Metni""MAHKEMESİ : ilgiliCezaMahAdi
DAVA TÜRÜ : davaTuru

Taraflar arasındaki .. davasının yapılan duruşması sonunda kurulan hükmün Yargıtayca incelenmesi .. tarafından istenilmekle, süresinde olduğu anlaşılan temyiz dilekçesinin kabulüne karar verildikten sonra dosya incelendi, gereği düşünüldü:

K A R A R

SONUÇ: Yukarıda açıklanan nedenlerle; .. temyiz itirazlarının kabulü ile hükmün BOZULMASINA, peşin alınan temyiz harcının istek halinde .. iadesine .../.../2006 günü oybirliği ile karar verildi."
yargitay:899334800,899334800,20. Hukuk Dairesi,2008/15727,2008/18688,2008-12-26,2008,572,"(Kapatılan)20. Hukuk Dairesi 2008/15727 E. , 2008/18688 K.

""İçtihat Metni""MAHKEMESİ : ilgiliCezaMahAdi
DAVA TÜRÜ : davaTuru

Taraflar arasındaki .. davasının yapılan duruşması sonunda kurulan hükmün Yargıtayca incelenmesi .. tarafından istenilmekle, süresinde olduğu anlaşılan temyiz dilekçesinin kabulüne karar verildikten sonra dosya incelendi, gereği düşünüldü:

K A R A R

SONUÇ: Yukarıda açıklanan nedenlerle; .. temyiz itirazlarının kabulü ile hükmün BOZULMASINA, peşin alınan temyiz harcının istek halinde .. iadesine .../.../2006 günü oybirliği ile karar verildi."
yargitay:901363700,901363700,20. Hukuk Dairesi,2008/15742,2008/18978,2008-12-29,2008,572,"(Kapatılan)20. Hukuk Dairesi 2008/15742 E. , 2008/18978 K.

""İçtihat Metni""MAHKEMESİ : ilgiliCezaMahAdi
DAVA TÜRÜ : davaTuru

Taraflar arasındaki .. davasının yapılan duruşması sonunda kurulan hükmün Yargıtayca incelenmesi .. tarafından istenilmekle, süresinde olduğu anlaşılan temyiz dilekçesinin kabulüne karar verildikten sonra dosya incelendi, gereği düşünüldü:

K A R A R

SONUÇ: Yukarıda açıklanan nedenlerle; .. temyiz itirazlarının kabulü ile hükmün BOZULMASINA, peşin alınan temyiz harcının istek halinde .. iadesine .../.../2006 günü oybirliği ile karar verildi."
yargitay:901364200,901364200,20. Hukuk Dairesi,2008/15747,2008/18979,2008-12-29,2008,572,"(Kapatılan)20. Hukuk Dairesi 2008/15747 E. , 2008/18979 K.

""İçtihat Metni""MAHKEMESİ : ilgiliCezaMahAdi
DAVA TÜRÜ : davaTuru

Taraflar arasındaki .. davasının yapılan duruşması sonunda kurulan hükmün Yargıtayca incelenmesi .. tarafından istenilmekle, süresinde olduğu anlaşılan temyiz dilekçesinin kabulüne karar verildikten sonra dosya incelendi, gereği düşünüldü:

K A R A R

SONUÇ: Yukarıda açıklanan nedenlerle; .. temyiz itirazlarının kabulü ile hükmün BOZULMASINA, peşin alınan temyiz harcının istek halinde .. iadesine .../.../2006 günü oybirliği ile karar verildi."
yargitay:901397400,901397400,20. Hukuk Dairesi,2008/17434,2008/18993,2008-12-29,2008,572,"(Kapatılan)20. Hukuk Dairesi 2008/17434 E. , 2008/18993 K.

""İçtihat Metni""MAHKEMESİ : ilgiliCezaMahAdi
DAVA TÜRÜ : davaTuru

Taraflar arasındaki .. davasının yapılan duruşması sonunda kurulan hükmün Yargıtayca incelenmesi .. tarafından istenilmekle, süresinde olduğu anlaşılan temyiz dilekçesinin kabulüne karar verildikten sonra dosya incelendi, gereği düşünüldü:

K A R A R

SONUÇ: Yukarıda açıklanan nedenlerle; .. temyiz itirazlarının kabulü ile hükmün BOZULMASINA, peşin alınan temyiz harcının istek halinde .. iadesine .../.../2006 günü oybirliği ile karar verildi."
yargitay:901596100,901596100,20. Hukuk Dairesi,2007/11023,2007/10492,2007-09-17,2007,572,"(Kapatılan)20. Hukuk Dairesi 2007/11023 E. , 2007/10492 K.

""İçtihat Metni""MAHKEMESİ : ilgiliCezaMahAdi
DAVA TÜRÜ : davaTuru

Taraflar arasındaki .. davasının yapılan duruşması sonunda kurulan hükmün Yargıtayca incelenmesi .. tarafından istenilmekle, süresinde olduğu anlaşılan temyiz dilekçesinin kabulüne karar verildikten sonra dosya incelendi, gereği düşünüldü:

K A R A R

SONUÇ: Yukarıda açıklanan nedenlerle; .. temyiz itirazlarının kabulü ile hükmün BOZULMASINA, peşin alınan temyiz harcının istek halinde .. iadesine .../.../2006 günü oybirliği ile karar verildi."
yargitay:901655200,901655200,20. Hukuk Dairesi,2008/13669,2008/17876,2008-12-18,2008,572,"(Kapatılan)20. Hukuk Dairesi 2008/13669 E. , 2008/17876 K.

""İçtihat Metni""MAHKEMESİ : ilgiliCezaMahAdi
DAVA TÜRÜ : davaTuru

Taraflar arasındaki .. davasının yapılan duruşması sonunda kurulan hükmün Yargıtayca incelenmesi .. tarafından istenilmekle, süresinde olduğu anlaşılan temyiz dilekçesinin kabulüne karar verildikten sonra dosya incelendi, gereği düşünüldü:

K A R A R

SONUÇ: Yukarıda açıklanan nedenlerle; .. temyiz itirazlarının kabulü ile hükmün BOZULMASINA, peşin alınan temyiz harcının istek halinde .. iadesine .../.../2006 günü oybirliği ile karar verildi."
yargitay:901947500,901947500,20. Hukuk Dairesi,2008/16645,2008/17857,2008-12-18,2008,572,"(Kapatılan)20. Hukuk Dairesi 2008/16645 E. , 2008/17857 K.

""İçtihat Metni""MAHKEMESİ : ilgiliCezaMahAdi
DAVA TÜRÜ : davaTuru

Taraflar arasındaki .. davasının yapılan duruşması sonunda kurulan hükmün Yargıtayca incelenmesi .. tarafından istenilmekle, süresinde olduğu anlaşılan temyiz dilekçesinin kabulüne karar verildikten sonra dosya incelendi, gereği düşünüldü:

K A R A R

SONUÇ: Yukarıda açıklanan nedenlerle; .. temyiz itirazlarının kabulü ile hükmün BOZULMASINA, peşin alınan temyiz harcının istek halinde .. iadesine .../.../2006 günü oybirliği ile karar verildi."
yargitay:901952500,901952500,20. Hukuk Dairesi,2008/16919,2008/18927,2008-12-29,2008,572,"(Kapatılan)20. Hukuk Dairesi 2008/16919 E. , 2008/18927 K.

""İçtihat Metni""MAHKEMESİ : ilgiliCezaMahAdi
DAVA TÜRÜ : davaTuru

Taraflar arasındaki .. davasının yapılan duruşması sonunda kurulan hükmün Yargıtayca incelenmesi .. tarafından istenilmekle, süresinde olduğu anlaşılan temyiz dilekçesinin kabulüne karar verildikten sonra dosya incelendi, gereği düşünüldü:

K A R A R

SONUÇ: Yukarıda açıklanan nedenlerle; .. temyiz itirazlarının kabulü ile hükmün BOZULMASINA, peşin alınan temyiz harcının istek halinde .. iadesine .../.../2006 günü oybirliği ile karar verildi."
yargitay:902005000,902005000,20. Hukuk Dairesi,2007/10286,2007/11023,2007-09-20,2007,572,"(Kapatılan)20. Hukuk Dairesi 2007/10286 E. , 2007/11023 K.

""İçtihat Metni""MAHKEMESİ : ilgiliCezaMahAdi
DAVA TÜRÜ : davaTuru

Taraflar arasındaki .. davasının yapılan duruşması sonunda kurulan hükmün Yargıtayca incelenmesi .. tarafından istenilmekle, süresinde olduğu anlaşılan temyiz dilekçesinin kabulüne karar verildikten sonra dosya incelendi, gereği düşünüldü:

K A R A R

SONUÇ: Yukarıda açıklanan nedenlerle; .. temyiz itirazlarının kabulü ile hükmün BOZULMASINA, peşin alınan temyiz harcının istek halinde .. iadesine .../.../2006 günü oybirliği ile karar verildi."
yargitay:902170200,902170200,20. Hukuk Dairesi,2008/16553,2008/19009,2008-12-30,2008,572,"(Kapatılan)20. Hukuk Dairesi 2008/16553 E. , 2008/19009 K.

""İçtihat Metni""MAHKEMESİ : ilgiliCezaMahAdi
DAVA TÜRÜ : davaTuru

Taraflar arasındaki .. davasının yapılan duruşması sonunda kurulan hükmün Yargıtayca incelenmesi .. tarafından istenilmekle, süresinde olduğu anlaşılan temyiz dilekçesinin kabulüne karar verildikten sonra dosya incelendi, gereği düşünüldü:

K A R A R

SONUÇ: Yukarıda açıklanan nedenlerle; .. temyiz itirazlarının kabulü ile hükmün BOZULMASINA, peşin alınan temyiz harcının istek halinde .. iadesine .../.../2006 günü oybirliği ile karar verildi."
yargitay:902214500,902214500,20. Hukuk Dairesi,2008/13991,2008/19066,2008-12-30,2008,572,"(Kapatılan)20. Hukuk Dairesi 2008/13991 E. , 2008/19066 K.

""İçtihat Metni""MAHKEMESİ : ilgiliCezaMahAdi
DAVA TÜRÜ : davaTuru

Taraflar arasındaki .. davasının yapılan duruşması sonunda kurulan hükmün Yargıtayca incelenmesi .. tarafından istenilmekle, süresinde olduğu anlaşılan temyiz dilekçesinin kabulüne karar verildikten sonra dosya incelendi, gereği düşünüldü:

K A R A R

SONUÇ: Yukarıda açıklanan nedenlerle; .. temyiz itirazlarının kabulü ile hükmün BOZULMASINA, peşin alınan temyiz harcının istek halinde .. iadesine .../.../2006 günü oybirliği ile karar verildi."
yargitay:902333800,902333800,20. Hukuk Dairesi,2008/13453,2008/17796,2008-12-18,2008,572,"(Kapatılan)20. Hukuk Dairesi 2008/13453 E. , 2008/17796 K.

""İçtihat Metni""MAHKEMESİ : ilgiliCezaMahAdi
DAVA TÜRÜ : davaTuru

Taraflar arasındaki .. davasının yapılan duruşması sonunda kurulan hükmün Yargıtayca incelenmesi .. tarafından istenilmekle, süresinde olduğu anlaşılan temyiz dilekçesinin kabulüne karar verildikten sonra dosya incelendi, gereği düşünüldü:

K A R A R

SONUÇ: Yukarıda açıklanan nedenlerle; .. temyiz itirazlarının kabulü ile hükmün BOZULMASINA, peşin alınan temyiz harcının istek halinde .. iadesine .../.../2006 günü oybirliği ile karar verildi."
yargitay:902502600,902502600,20. Hukuk Dairesi,2008/13134,2008/17813,2008-12-18,2008,572,"(Kapatılan)20. Hukuk Dairesi 2008/13134 E. , 2008/17813 K.

""İçtihat Metni""MAHKEMESİ : ilgiliCezaMahAdi
DAVA TÜRÜ : davaTuru

Taraflar arasındaki .. davasının yapılan duruşması sonunda kurulan hükmün Yargıtayca incelenmesi .. tarafından istenilmekle, süresinde olduğu anlaşılan temyiz dilekçesinin kabulüne karar verildikten sonra dosya incelendi, gereği düşünüldü:

K A R A R

SONUÇ: Yukarıda açıklanan nedenlerle; .. temyiz itirazlarının kabulü ile hükmün BOZULMASINA, peşin alınan temyiz harcının istek halinde .. iadesine .../.../2006 günü oybirliği ile karar verildi."
yargitay:902674200,902674200,20. Hukuk Dairesi,2008/16338,2008/19123,2008-12-31,2008,572,"(Kapatılan)20. Hukuk Dairesi 2008/16338 E. , 2008/19123 K.

""İçtihat Metni""MAHKEMESİ : ilgiliCezaMahAdi
DAVA TÜRÜ : davaTuru

Taraflar arasındaki .. davasının yapılan duruşması sonunda kurulan hükmün Yargıtayca incelenmesi .. tarafından istenilmekle, süresinde olduğu anlaşılan temyiz dilekçesinin kabulüne karar verildikten sonra dosya incelendi, gereği düşünüldü:

K A R A R

SONUÇ: Yukarıda açıklanan nedenlerle; .. temyiz itirazlarının kabulü ile hükmün BOZULMASINA, peşin alınan temyiz harcının istek halinde .. iadesine .../.../2006 günü oybirliği ile karar verildi."
yargitay:902896600,902896600,20. Hukuk Dairesi,2008/15508,2008/18511,2008-12-25,2008,572,"(Kapatılan)20. Hukuk Dairesi 2008/15508 E. , 2008/18511 K.

""İçtihat Metni""MAHKEMESİ : ilgiliCezaMahAdi
DAVA TÜRÜ : davaTuru

Taraflar arasındaki .. davasının yapılan duruşması sonunda kurulan hükmün Yargıtayca incelenmesi .. tarafından istenilmekle, süresinde olduğu anlaşılan temyiz dilekçesinin kabulüne karar verildikten sonra dosya incelendi, gereği düşünüldü:

K A R A R

SONUÇ: Yukarıda açıklanan nedenlerle; .. temyiz itirazlarının kabulü ile hükmün BOZULMASINA, peşin alınan temyiz harcının istek halinde .. iadesine .../.../2006 günü oybirliği ile karar verildi."
yargitay:902909400,902909400,20. Hukuk Dairesi,2008/12972,2008/18524,2008-12-25,2008,572,"(Kapatılan)20. Hukuk Dairesi 2008/12972 E. , 2008/18524 K.

""İçtihat Metni""MAHKEMESİ : ilgiliCezaMahAdi
DAVA TÜRÜ : davaTuru

Taraflar arasındaki .. davasının yapılan duruşması sonunda kurulan hükmün Yargıtayca incelenmesi .. tarafından istenilmekle, süresinde olduğu anlaşılan temyiz dilekçesinin kabulüne karar verildikten sonra dosya incelendi, gereği düşünüldü:

K A R A R

SONUÇ: Yukarıda açıklanan nedenlerle; .. temyiz itirazlarının kabulü ile hükmün BOZULMASINA, peşin alınan temyiz harcının istek halinde .. iadesine .../.../2006 günü oybirliği ile karar verildi."
yargitay:902919000,902919000,20. Hukuk Dairesi,2008/14765,2008/18808,2008-12-26,2008,572,"(Kapatılan)20. Hukuk Dairesi 2008/14765 E. , 2008/18808 K.

""İçtihat Metni""MAHKEMESİ : ilgiliCezaMahAdi
DAVA TÜRÜ : davaTuru

Taraflar arasındaki .. davasının yapılan duruşması sonunda kurulan hükmün Yargıtayca incelenmesi .. tarafından istenilmekle, süresinde olduğu anlaşılan temyiz dilekçesinin kabulüne karar verildikten sonra dosya incelendi, gereği düşünüldü:

K A R A R

SONUÇ: Yukarıda açıklanan nedenlerle; .. temyiz itirazlarının kabulü ile hükmün BOZULMASINA, peşin alınan temyiz harcının istek halinde .. iadesine .../.../2006 günü oybirliği ile karar verildi."
yargitay:902919700,902919700,20. Hukuk Dairesi,2008/14757,2008/18805,2008-12-26,2008,572,"(Kapatılan)20. Hukuk Dairesi 2008/14757 E. , 2008/18805 K.

""İçtihat Metni""MAHKEMESİ : ilgiliCezaMahAdi
DAVA TÜRÜ : davaTuru

Taraflar arasındaki .. davasının yapılan duruşması sonunda kurulan hükmün Yargıtayca incelenmesi .. tarafından istenilmekle, süresinde olduğu anlaşılan temyiz dilekçesinin kabulüne karar verildikten sonra dosya incelendi, gereği düşünüldü:

K A R A R

SONUÇ: Yukarıda açıklanan nedenlerle; .. temyiz itirazlarının kabulü ile hükmün BOZULMASINA, peşin alınan temyiz harcının istek halinde .. iadesine .../.../2006 günü oybirliği ile karar verildi."
yargitay:902936200,902936200,20. Hukuk Dairesi,2008/13618,2008/18538,2008-12-26,2008,572,"(Kapatılan)20. Hukuk Dairesi 2008/13618 E. , 2008/18538 K.

""İçtihat Metni""MAHKEMESİ : ilgiliCezaMahAdi
DAVA TÜRÜ : davaTuru

Taraflar arasındaki .. davasının yapılan duruşması sonunda kurulan hükmün Yargıtayca incelenmesi .. tarafından istenilmekle, süresinde olduğu anlaşılan temyiz dilekçesinin kabulüne karar verildikten sonra dosya incelendi, gereği düşünüldü:

K A R A R

SONUÇ: Yukarıda açıklanan nedenlerle; .. temyiz itirazlarının kabulü ile hükmün BOZULMASINA, peşin alınan temyiz harcının istek halinde .. iadesine .../.../2006 günü oybirliği ile karar verildi."
yargitay:897551000,897551000,20. Hukuk Dairesi,2007/5045,2007/6066,2007-05-10,2007,579,"(Kapatılan)20. Hukuk Dairesi 2007/5045 E. , 2007/6066 K.

""İçtihat Metni""MAHKEMESİ : ilgiliCezaMahAdi
DAVA TÜRÜ : davaTuru

Taraflar arasındaki .. hukukuna ilişkin davada .. Mahkemelerince ayrı ayrı görevsizlik/yetkisizlik kararı verilmesi nedeni ile yargı yerinin belli edilmesi için gönderilen dosya içindeki tüm belgeler incelendi gereği düşünüldü:

K A R A R

SONUÇ: Yukarıda belirtilen nedenlerle; H.Y.U.Y.’nın 25. ve 26. maddeleri gereğince ...........................Sulh Hukuk Mahkemesinin YARGI YERİ OLARAK BELİRLENMESİNE .../.../2006 gününde oybirliğiyle karar verildi."
yargitay:897844900,897844900,20. Hukuk Dairesi,2007/5455,2007/6334,2007-05-14,2007,579,"(Kapatılan)20. Hukuk Dairesi 2007/5455 E. , 2007/6334 K.

""İçtihat Metni""MAHKEMESİ : ilgiliCezaMahAdi
DAVA TÜRÜ : davaTuru

Taraflar arasındaki .. hukukuna ilişkin davada .. Mahkemelerince ayrı ayrı görevsizlik/yetkisizlik kararı verilmesi nedeni ile yargı yerinin belli edilmesi için gönderilen dosya içindeki tüm belgeler incelendi gereği düşünüldü:

K A R A R

SONUÇ: Yukarıda belirtilen nedenlerle; H.Y.U.Y.’nın 25. ve 26. maddeleri gereğince ...........................Sulh Hukuk Mahkemesinin YARGI YERİ OLARAK BELİRLENMESİNE .../.../2006 gününde oybirliğiyle karar verildi."
yargitay:898672500,898672500,20. Hukuk Dairesi,2007/6404,2007/6607,2007-05-21,2007,579,"(Kapatılan)20. Hukuk Dairesi 2007/6404 E. , 2007/6607 K.

""İçtihat Metni""MAHKEMESİ : ilgiliCezaMahAdi
DAVA TÜRÜ : davaTuru

Taraflar arasındaki .. hukukuna ilişkin davada .. Mahkemelerince ayrı ayrı görevsizlik/yetkisizlik kararı verilmesi nedeni ile yargı yerinin belli edilmesi için gönderilen dosya içindeki tüm belgeler incelendi gereği düşünüldü:

K A R A R

SONUÇ: Yukarıda belirtilen nedenlerle; H.Y.U.Y.’nın 25. ve 26. maddeleri gereğince ...........................Sulh Hukuk Mahkemesinin YARGI YERİ OLARAK BELİRLENMESİNE .../.../2006 gününde oybirliğiyle karar verildi."
yargitay:898777400,898777400,20. Hukuk Dairesi,2007/5168,2007/6063,2007-05-10,2007,579,"(Kapatılan)20. Hukuk Dairesi 2007/5168 E. , 2007/6063 K.

""İçtihat Metni""MAHKEMESİ : ilgiliCezaMahAdi
DAVA TÜRÜ : davaTuru

Taraflar arasındaki .. hukukuna ilişkin davada .. Mahkemelerince ayrı ayrı görevsizlik/yetkisizlik kararı verilmesi nedeni ile yargı yerinin belli edilmesi için gönderilen dosya içindeki tüm belgeler incelendi gereği düşünüldü:

K A R A R

SONUÇ: Yukarıda belirtilen nedenlerle; H.Y.U.Y.’nın 25. ve 26. maddeleri gereğince ...........................Sulh Hukuk Mahkemesinin YARGI YERİ OLARAK BELİRLENMESİNE .../.../2006 gününde oybirliğiyle karar verildi."
yargitay:899039000,899039000,20. Hukuk Dairesi,2008/17376,2008/18586,2008-12-26,2008,581,"(Kapatılan)20. Hukuk Dairesi 2008/17376 E. , 2008/18586 K.

""İçtihat Metni""MAHKEMESİ : ilgiliCezaMahAdi
DAVA TÜRÜ : davaTuru

Taraflar arasındaki .. hukukuna ilişkin davada .. Mahkemelerince ayrı ayrı görevsizlik/yetkisizlik kararı verilmesi nedeni ile yargı yerinin belli edilmesi için gönderilen dosya içindeki tüm belgeler incelendi gereği düşünüldü:

K A R A R

SONUÇ: Yukarıda belirtilen nedenlerle; H.Y.U.Y.’nın 25. ve 26. maddeleri gereğince ...........................Sulh Hukuk Mahkemesinin YARGI YERİ OLARAK BELİRLENMESİNE .../.../2006 gününde oybirliğiyle karar verildi."
yargitay:891845400,891845400,20. Hukuk Dairesi,2009/855,2009/3368,2009-03-02,2009,621,"(Kapatılan)20. Hukuk Dairesi 2009/855 E. , 2009/3368 K.

""İçtihat Metni""MAHKEMESİ : ilgiliCezaMahAdi
DAVA TÜRÜ : davaTuru

Taraflar arasındaki davadan dolayı Yerel Mahkemece verilen hüküm ... tarafından temyiz edilmekle, dosya incelendi gereği düşünüldü:

K A R A R
Ayrıca, dava dosyasının da H.Y.U.Y.’nın 433/3. maddesi ve Hukuk Mahkemeleri Yazı İşleri Yönetmeliğine uygun olarak tarih ve işlem sırasına göre düzenlenip, dizi pusulasına bağlandıktan sonra gönderilmesi gerekmektedir.
SONUÇ: Değinilen eksikliklerin giderilmesi için, dosyanın Yerel Mahkemeye Gönderilmesine ../../2006 gününde oybirliği ile karar verildi."
yargitay:891110700,891110700,20. Hukuk Dairesi,2009/1740,2009/3808,2009-03-09,2009,622,"(Kapatılan)20. Hukuk Dairesi 2009/1740 E. , 2009/3808 K.

""İçtihat Metni""MAHKEMESİ : ilgiliCezaMahAdi
DAVA TÜRÜ : davaTuru

Taraflar arasındaki davadan dolayı Yerel Mahkemece verilen hüküm ... tarafından temyiz edilmekle, dosya incelendi gereği düşünüldü:

K A R A R
Ayrıca, dava dosyasının da H.Y.U.Y.’nın 433/3. maddesi ve Hukuk Mahkemeleri Yazı İşleri Yönetmeliğine uygun olarak tarih ve işlem sırasına göre düzenlenip, dizi pusulasına bağlandıktan sonra gönderilmesi gerekmektedir.
SONUÇ: Değinilen eksikliklerin giderilmesi için, dosyanın Yerel Mahkemeye Gönderilmesine ../../2006 gününde oybirliği ile karar verildi."
yargitay:891312500,891312500,20. Hukuk Dairesi,2009/3290,2009/5258,2009-03-30,2009,622,"(Kapatılan)20. Hukuk Dairesi 2009/3290 E. , 2009/5258 K.

""İçtihat Metni""MAHKEMESİ : ilgiliCezaMahAdi
DAVA TÜRÜ : davaTuru

Taraflar arasındaki davadan dolayı Yerel Mahkemece verilen hüküm ... tarafından temyiz edilmekle, dosya incelendi gereği düşünüldü:

K A R A R
Ayrıca, dava dosyasının da H.Y.U.Y.’nın 433/3. maddesi ve Hukuk Mahkemeleri Yazı İşleri Yönetmeliğine uygun olarak tarih ve işlem sırasına göre düzenlenip, dizi pusulasına bağlandıktan sonra gönderilmesi gerekmektedir.
SONUÇ: Değinilen eksikliklerin giderilmesi için, dosyanın Yerel Mahkemeye Gönderilmesine ../../2006 gününde oybirliği ile karar verildi."
yargitay:893818500,893818500,20. Hukuk Dairesi,2009/1135,2009/3399,2009-03-02,2009,622,"(Kapatılan)20. Hukuk Dairesi 2009/1135 E. , 2009/3399 K.

""İçtihat Metni""MAHKEMESİ : ilgiliCezaMahAdi
DAVA TÜRÜ : davaTuru

Taraflar arasındaki davadan dolayı Yerel Mahkemece verilen hüküm ... tarafından temyiz edilmekle, dosya incelendi gereği düşünüldü:

K A R A R
Ayrıca, dava dosyasının da H.Y.U.Y.’nın 433/3. maddesi ve Hukuk Mahkemeleri Yazı İşleri Yönetmeliğine uygun olarak tarih ve işlem sırasına göre düzenlenip, dizi pusulasına bağlandıktan sonra gönderilmesi gerekmektedir.
SONUÇ: Değinilen eksikliklerin giderilmesi için, dosyanın Yerel Mahkemeye Gönderilmesine ../../2006 gününde oybirliği ile karar verildi."
yargitay:893856700,893856700,20. Hukuk Dairesi,2009/1110,2009/3397,2009-03-02,2009,622,"(Kapatılan)20. Hukuk Dairesi 2009/1110 E. , 2009/3397 K.

""İçtihat Metni""MAHKEMESİ : ilgiliCezaMahAdi
DAVA TÜRÜ : davaTuru

Taraflar arasındaki davadan dolayı Yerel Mahkemece verilen hüküm ... tarafından temyiz edilmekle, dosya incelendi gereği düşünüldü:

K A R A R
Ayrıca, dava dosyasının da H.Y.U.Y.’nın 433/3. maddesi ve Hukuk Mahkemeleri Yazı İşleri Yönetmeliğine uygun olarak tarih ve işlem sırasına göre düzenlenip, dizi pusulasına bağlandıktan sonra gönderilmesi gerekmektedir.
SONUÇ: Değinilen eksikliklerin giderilmesi için, dosyanın Yerel Mahkemeye Gönderilmesine ../../2006 gününde oybirliği ile karar verildi."
yargitay:894466700,894466700,20. Hukuk Dairesi,2009/1937,2009/3720,2009-03-05,2009,622,"(Kapatılan)20. Hukuk Dairesi 2009/1937 E. , 2009/3720 K.

""İçtihat Metni""MAHKEMESİ : ilgiliCezaMahAdi
DAVA TÜRÜ : davaTuru

Taraflar arasındaki davadan dolayı Yerel Mahkemece verilen hüküm ... tarafından temyiz edilmekle, dosya incelendi gereği düşünüldü:

K A R A R
Ayrıca, dava dosyasının da H.Y.U.Y.’nın 433/3. maddesi ve Hukuk Mahkemeleri Yazı İşleri Yönetmeliğine uygun olarak tarih ve işlem sırasına göre düzenlenip, dizi pusulasına bağlandıktan sonra gönderilmesi gerekmektedir.
SONUÇ: Değinilen eksikliklerin giderilmesi için, dosyanın Yerel Mahkemeye Gönderilmesine ../../2006 gününde oybirliği ile karar verildi."
yargitay:894820200,894820200,20. Hukuk Dairesi,2009/5220,2009/7052,2009-04-28,2009,622,"(Kapatılan)20. Hukuk Dairesi 2009/5220 E. , 2009/7052 K.

""İçtihat Metni""MAHKEMESİ : ilgiliCezaMahAdi
DAVA TÜRÜ : davaTuru

Taraflar arasındaki davadan dolayı Yerel Mahkemece verilen hüküm ... tarafından temyiz edilmekle, dosya incelendi gereği düşünüldü:

K A R A R
Ayrıca, dava dosyasının da H.Y.U.Y.’nın 433/3. maddesi ve Hukuk Mahkemeleri Yazı İşleri Yönetmeliğine uygun olarak tarih ve işlem sırasına göre düzenlenip, dizi pusulasına bağlandıktan sonra gönderilmesi gerekmektedir.
SONUÇ: Değinilen eksikliklerin giderilmesi için, dosyanın Yerel Mahkemeye Gönderilmesine ../../2006 gününde oybirliği ile karar verildi."
yargitay:895820900,895820900,20. Hukuk Dairesi,2009/1079,2009/4072,2009-03-11,2009,622,"(Kapatılan)20. Hukuk Dairesi 2009/1079 E. , 2009/4072 K.

""İçtihat Metni""MAHKEMESİ : ilgiliCezaMahAdi
DAVA TÜRÜ : davaTuru

Taraflar arasındaki davadan dolayı Yerel Mahkemece verilen hüküm ... tarafından temyiz edilmekle, dosya incelendi gereği düşünüldü:

K A R A R
Ayrıca, dava dosyasının da H.Y.U.Y.’nın 433/3. maddesi ve Hukuk Mahkemeleri Yazı İşleri Yönetmeliğine uygun olarak tarih ve işlem sırasına göre düzenlenip, dizi pusulasına bağlandıktan sonra gönderilmesi gerekmektedir.
SONUÇ: Değinilen eksikliklerin giderilmesi için, dosyanın Yerel Mahkemeye Gönderilmesine ../../2006 gününde oybirliği ile karar verildi."
yargitay:896365900,896365900,20. Hukuk Dairesi,2009/1981,2009/4253,2009-03-16,2009,622,"(Kapatılan)20. Hukuk Dairesi 2009/1981 E. , 2009/4253 K.

""İçtihat Metni""MAHKEMESİ : ilgiliCezaMahAdi
DAVA TÜRÜ : davaTuru

Taraflar arasındaki davadan dolayı Yerel Mahkemece verilen hüküm ... tarafından temyiz edilmekle, dosya incelendi gereği düşünüldü:

K A R A R
Ayrıca, dava dosyasının da H.Y.U.Y.’nın 433/3. maddesi ve Hukuk Mahkemeleri Yazı İşleri Yönetmeliğine uygun olarak tarih ve işlem sırasına göre düzenlenip, dizi pusulasına bağlandıktan sonra gönderilmesi gerekmektedir.
SONUÇ: Değinilen eksikliklerin giderilmesi için, dosyanın Yerel Mahkemeye Gönderilmesine ../../2006 gününde oybirliği ile karar verildi."
yargitay:898561100,898561100,20. Hukuk Dairesi,2007/677,2007/6646,2007-05-22,2007,622,"(Kapatılan)20. Hukuk Dairesi 2007/677 E. , 2007/6646 K.

""İçtihat Metni""MAHKEMESİ : ilgiliCezaMahAdi
DAVA TÜRÜ : davaTuru

Taraflar arasındaki davadan dolayı Yerel Mahkemece verilen hüküm ... tarafından temyiz edilmekle, dosya incelendi gereği düşünüldü:

K A R A R

Ayrıca, dava dosyasının da H.Y.U.Y.’nın 433/3. maddesi ve Hukuk Mahkemeleri Yazı İşleri Yönetmeliğine uygun olarak tarih ve işlem sırasına göre düzenlenip, dizi pusulasına bağlandıktan sonra gönderilmesi gerekmektedir.
SONUÇ: Değinilen eksikliklerin giderilmesi için, dosyanın Yerel Mahkemeye Gönderilmesine ../../2006 gününde oybirliği ile karar verildi."
yargitay:898667300,898667300,20. Hukuk Dairesi,2007/5256,2007/6703,2007-05-22,2007,622,"(Kapatılan)20. Hukuk Dairesi 2007/5256 E. , 2007/6703 K.

""İçtihat Metni""MAHKEMESİ : ilgiliCezaMahAdi
DAVA TÜRÜ : davaTuru

Taraflar arasındaki davadan dolayı Yerel Mahkemece verilen hüküm ... tarafından temyiz edilmekle, dosya incelendi gereği düşünüldü:

K A R A R
Ayrıca, dava dosyasının da H.Y.U.Y.’nın 433/3. maddesi ve Hukuk Mahkemeleri Yazı İşleri Yönetmeliğine uygun olarak tarih ve işlem sırasına göre düzenlenip, dizi pusulasına bağlandıktan sonra gönderilmesi gerekmektedir.
SONUÇ: Değinilen eksikliklerin giderilmesi için, dosyanın Yerel Mahkemeye Gönderilmesine ../../2006 gününde oybirliği ile karar verildi."
yargitay:898745300,898745300,20. Hukuk Dairesi,2007/5254,2007/6720,2007-05-22,2007,622,"(Kapatılan)20. Hukuk Dairesi 2007/5254 E. , 2007/6720 K.

""İçtihat Metni""MAHKEMESİ : ilgiliCezaMahAdi
DAVA TÜRÜ : davaTuru

Taraflar arasındaki davadan dolayı Yerel Mahkemece verilen hüküm ... tarafından temyiz edilmekle, dosya incelendi gereği düşünüldü:

K A R A R
Ayrıca, dava dosyasının da H.Y.U.Y.’nın 433/3. maddesi ve Hukuk Mahkemeleri Yazı İşleri Yönetmeliğine uygun olarak tarih ve işlem sırasına göre düzenlenip, dizi pusulasına bağlandıktan sonra gönderilmesi gerekmektedir.
SONUÇ: Değinilen eksikliklerin giderilmesi için, dosyanın Yerel Mahkemeye Gönderilmesine ../../2006 gününde oybirliği ile karar verildi."
yargitay:892198100,892198100,20. Hukuk Dairesi,2009/6933,2009/8185,2009-05-14,2009,623,"(Kapatılan)20. Hukuk Dairesi 2009/6933 E. , 2009/8185 K.

""İçtihat Metni""MAHKEMESİ : ilgiliCezaMahAdi
DAVA TÜRÜ : davaTuru

Taraflar arasındaki davadan dolayı Yerel Mahkemece verilen hüküm ... tarafından temyiz edilmekle, dosya incelendi gereği düşünüldü:

K A R A R

Ayrıca, dava dosyasının da H.Y.U.Y.’nın 433/3. maddesi ve Hukuk Mahkemeleri Yazı İşleri Yönetmeliğine uygun olarak tarih ve işlem sırasına göre düzenlenip, dizi pusulasına bağlandıktan sonra gönderilmesi gerekmektedir.
SONUÇ: Değinilen eksikliklerin giderilmesi için, dosyanın Yerel Mahkemeye Gönderilmesine ../../2006 gününde oybirliği ile karar verildi."
yargitay:892365100,892365100,20. Hukuk Dairesi,2009/5189,2009/8285,2009-05-14,2009,623,"(Kapatılan)20. Hukuk Dairesi 2009/5189 E. , 2009/8285 K.

""İçtihat Metni""MAHKEMESİ : ilgiliCezaMahAdi
DAVA TÜRÜ : davaTuru

Taraflar arasındaki davadan dolayı Yerel Mahkemece verilen hüküm ... tarafından temyiz edilmekle, dosya incelendi gereği düşünüldü:

K A R A R

Ayrıca, dava dosyasının da H.Y.U.Y.’nın 433/3. maddesi ve Hukuk Mahkemeleri Yazı İşleri Yönetmeliğine uygun olarak tarih ve işlem sırasına göre düzenlenip, dizi pusulasına bağlandıktan sonra gönderilmesi gerekmektedir.
SONUÇ: Değinilen eksikliklerin giderilmesi için, dosyanın Yerel Mahkemeye Gönderilmesine ../../2006 gününde oybirliği ile karar verildi."
yargitay:893280400,893280400,20. Hukuk Dairesi,2008/15096,2009/386,2009-01-19,2009,623,"(Kapatılan)20. Hukuk Dairesi 2008/15096 E. , 2009/386 K.

""İçtihat Metni""MAHKEMESİ : ilgiliCezaMahAdi
DAVA TÜRÜ : davaTuru

Taraflar arasındaki davadan dolayı Yerel Mahkemece verilen hüküm ... tarafından temyiz edilmekle, dosya incelendi gereği düşünüldü:

K A R A R

Ayrıca, dava dosyasının da H.Y.U.Y.’nın 433/3. maddesi ve Hukuk Mahkemeleri Yazı İşleri Yönetmeliğine uygun olarak tarih ve işlem sırasına göre düzenlenip, dizi pusulasına bağlandıktan sonra gönderilmesi gerekmektedir.
SONUÇ: Değinilen eksikliklerin giderilmesi için, dosyanın Yerel Mahkemeye Gönderilmesine ../../2006 gününde oybirliği ile karar verildi."
yargitay:894147400,894147400,20. Hukuk Dairesi,2008/15609,2009/746,2009-01-26,2009,623,"(Kapatılan)20. Hukuk Dairesi 2008/15609 E. , 2009/746 K.

""İçtihat Metni""MAHKEMESİ : ilgiliCezaMahAdi
DAVA TÜRÜ : davaTuru

Taraflar arasındaki davadan dolayı Yerel Mahkemece verilen hüküm ... tarafından temyiz edilmekle, dosya incelendi gereği düşünüldü:

K A R A R

Ayrıca, dava dosyasının da H.Y.U.Y.’nın 433/3. maddesi ve Hukuk Mahkemeleri Yazı İşleri Yönetmeliğine uygun olarak tarih ve işlem sırasına göre düzenlenip, dizi pusulasına bağlandıktan sonra gönderilmesi gerekmektedir.
SONUÇ: Değinilen eksikliklerin giderilmesi için, dosyanın Yerel Mahkemeye Gönderilmesine ../../2006 gününde oybirliği ile karar verildi."
yargitay:897843500,897843500,20. Hukuk Dairesi,2007/3322,2007/5740,2007-05-03,2007,623,"(Kapatılan)20. Hukuk Dairesi 2007/3322 E. , 2007/5740 K.

""İçtihat Metni""MAHKEMESİ : ilgiliCezaMahAdi
DAVA TÜRÜ : davaTuru

Taraflar arasındaki davadan dolayı Yerel Mahkemece verilen hüküm ... tarafından temyiz edilmekle, dosya incelendi gereği düşünüldü:

K A R A R

Ayrıca, dava dosyasının da H.Y.U.Y.’nın 433/3. maddesi ve Hukuk Mahkemeleri Yazı İşleri Yönetmeliğine uygun olarak tarih ve işlem sırasına göre düzenlenip, dizi pusulasına bağlandıktan sonra gönderilmesi gerekmektedir.
SONUÇ: Değinilen eksikliklerin giderilmesi için, dosyanın Yerel Mahkemeye Gönderilmesine ../../2006 gününde oybirliği ile karar verildi."
yargitay:898098700,898098700,20. Hukuk Dairesi,2007/2362,2007/6195,2007-05-10,2007,623,"(Kapatılan)20. Hukuk Dairesi 2007/2362 E. , 2007/6195 K.

""İçtihat Metni""MAHKEMESİ : ilgiliCezaMahAdi
DAVA TÜRÜ : davaTuru

Taraflar arasındaki davadan dolayı Yerel Mahkemece verilen hüküm ... tarafından temyiz edilmekle, dosya incelendi gereği düşünüldü:

K A R A R

Ayrıca, dava dosyasının da H.Y.U.Y.’nın 433/3. maddesi ve Hukuk Mahkemeleri Yazı İşleri Yönetmeliğine uygun olarak tarih ve işlem sırasına göre düzenlenip, dizi pusulasına bağlandıktan sonra gönderilmesi gerekmektedir.
SONUÇ: Değinilen eksikliklerin giderilmesi için, dosyanın Yerel Mahkemeye Gönderilmesine ../../2006 gününde oybirliği ile karar verildi."
yargitay:898439700,898439700,20. Hukuk Dairesi,2007/5804,2007/6985,2007-05-28,2007,623,"(Kapatılan)20. Hukuk Dairesi 2007/5804 E. , 2007/6985 K.

""İçtihat Metni""MAHKEMESİ : ilgiliCezaMahAdi
DAVA TÜRÜ : davaTuru

Taraflar arasındaki davadan dolayı Yerel Mahkemece verilen hüküm ... tarafından temyiz edilmekle, dosya incelendi gereği düşünüldü:

K A R A R

Ayrıca, dava dosyasının da H.Y.U.Y.’nın 433/3. maddesi ve Hukuk Mahkemeleri Yazı İşleri Yönetmeliğine uygun olarak tarih ve işlem sırasına göre düzenlenip, dizi pusulasına bağlandıktan sonra gönderilmesi gerekmektedir.
SONUÇ: Değinilen eksikliklerin giderilmesi için, dosyanın Yerel Mahkemeye Gönderilmesine ../../2006 gününde oybirliği ile karar verildi."
yargitay:898628100,898628100,20. Hukuk Dairesi,2007/5750,2007/6987,2007-05-28,2007,623,"(Kapatılan)20. Hukuk Dairesi 2007/5750 E. , 2007/6987 K.

""İçtihat Metni""MAHKEMESİ : ilgiliCezaMahAdi
DAVA TÜRÜ : davaTuru

Taraflar arasındaki davadan dolayı Yerel Mahkemece verilen hüküm ... tarafından temyiz edilmekle, dosya incelendi gereği düşünüldü:

K A R A R

Ayrıca, dava dosyasının da H.Y.U.Y.’nın 433/3. maddesi ve Hukuk Mahkemeleri Yazı İşleri Yönetmeliğine uygun olarak tarih ve işlem sırasına göre düzenlenip, dizi pusulasına bağlandıktan sonra gönderilmesi gerekmektedir.
SONUÇ: Değinilen eksikliklerin giderilmesi için, dosyanın Yerel Mahkemeye Gönderilmesine ../../2006 gününde oybirliği ile karar verildi."
yargitay:898848500,898848500,20. Hukuk Dairesi,2007/6829,2007/6936,2007-05-28,2007,623,"(Kapatılan)20. Hukuk Dairesi 2007/6829 E. , 2007/6936 K.

""İçtihat Metni""MAHKEMESİ : ilgiliCezaMahAdi
DAVA TÜRÜ : davaTuru

Taraflar arasındaki davadan dolayı Yerel Mahkemece verilen hüküm ... tarafından temyiz edilmekle, dosya incelendi gereği düşünüldü:

K A R A R

Ayrıca, dava dosyasının da H.Y.U.Y.’nın 433/3. maddesi ve Hukuk Mahkemeleri Yazı İşleri Yönetmeliğine uygun olarak tarih ve işlem sırasına göre düzenlenip, dizi pusulasına bağlandıktan sonra gönderilmesi gerekmektedir.
SONUÇ: Değinilen eksikliklerin giderilmesi için, dosyanın Yerel Mahkemeye Gönderilmesine ../../2006 gününde oybirliği ile karar verildi."
yargitay:895731500,895731500,20. Hukuk Dairesi,2009/8694,2009/10905,2009-06-29,2009,624,"(Kapatılan)20. Hukuk Dairesi 2009/8694 E. , 2009/10905 K.

""İçtihat Metni""MAHKEMESİ : ilgiliCezaMahAdi
DAVA TÜRÜ : davaTuru

Taraflar arasındaki davadan dolayı Yerel Mahkemece verilen hüküm ... tarafından temyiz edilmekle, dosya incelendi gereği düşünüldü:

K A R A R

Ayrıca, dava dosyasının da H.Y.U.Y.’nın 433/3. maddesi ve Hukuk Mahkemeleri Yazı İşleri Yönetmeliğine uygun olarak tarih ve işlem sırasına göre düzenlenip, dizi pusulasına bağlandıktan sonra gönderilmesi gerekmektedir.
SONUÇ: Değinilen eksikliklerin giderilmesi için, dosyanın Yerel Mahkemeye Gönderilmesine ../../2006 gününde oybirliği ile karar verildi."
yargitay:898544900,898544900,20. Hukuk Dairesi,2007/8877,2007/13647,2007-11-01,2007,624,"(Kapatılan)20. Hukuk Dairesi 2007/8877 E. , 2007/13647 K.

""İçtihat Metni""MAHKEMESİ : ilgiliCezaMahAdi
DAVA TÜRÜ : davaTuru

Taraflar arasındaki davadan dolayı Yerel Mahkemece verilen hüküm ... tarafından temyiz edilmekle, dosya incelendi gereği düşünüldü:

K A R A R

Ayrıca, dava dosyasının da H.Y.U.Y.’nın 433/3. maddesi ve Hukuk Mahkemeleri Yazı İşleri Yönetmeliğine uygun olarak tarih ve işlem sırasına göre düzenlenip, dizi pusulasına bağlandıktan sonra gönderilmesi gerekmektedir.
SONUÇ: Değinilen eksikliklerin giderilmesi için, dosyanın Yerel Mahkemeye Gönderilmesine ../../2006 gününde oybirliği ile karar verildi."
yargitay:900332900,900332900,20. Hukuk Dairesi,2007/16460,2007/15637,2007-12-04,2007,624,"(Kapatılan)20. Hukuk Dairesi 2007/16460 E. , 2007/15637 K.

""İçtihat Metni""MAHKEMESİ : ilgiliCezaMahAdi
DAVA TÜRÜ : davaTuru

Taraflar arasındaki davadan dolayı Yerel Mahkemece verilen hüküm ... tarafından temyiz edilmekle, dosya incelendi gereği düşünüldü:

K A R A R
Ayrıca, dava dosyasının da H.Y.U.Y.’nın 433/3. maddesi ve Hukuk Mahkemeleri Yazı İşleri Yönetmeliğine uygun olarak tarih ve işlem sırasına göre düzenlenip, dizi pusulasına bağlandıktan sonra gönderilmesi gerekmektedir.
SONUÇ: Değinilen eksikliklerin giderilmesi için, dosyanın Yerel Mahkemeye Gönderilmesine ../../2006 gününde oybirliği ile karar verildi."
yargitay:895431400,895431400,20. Hukuk Dairesi,2008/13280,2008/18104,2008-12-22,2008,625,"(Kapatılan)20. Hukuk Dairesi 2008/13280 E. , 2008/18104 K.

""İçtihat Metni""MAHKEMESİ : ilgiliCezaMahAdi
DAVA TÜRÜ : davaTuru

Taraflar arasındaki davadan dolayı Yerel Mahkemece verilen hüküm ... tarafından temyiz edilmekle, dosya incelendi gereği düşünüldü:

K A R A R

Ayrıca, dava dosyasının da H.Y.U.Y.’nın 433/3. maddesi ve Hukuk Mahkemeleri Yazı İşleri Yönetmeliğine uygun olarak tarih ve işlem sırasına göre düzenlenip, dizi pusulasına bağlandıktan sonra gönderilmesi gerekmektedir.
SONUÇ: Değinilen eksikliklerin giderilmesi için, dosyanın Yerel Mahkemeye Gönderilmesine ../../2006 gününde oybirliği ile karar verildi."
yargitay:897588000,897588000,20. Hukuk Dairesi,2008/15604,2008/17983,2008-12-22,2008,625,"(Kapatılan)20. Hukuk Dairesi 2008/15604 E. , 2008/17983 K.

""İçtihat Metni""MAHKEMESİ : ilgiliCezaMahAdi
DAVA TÜRÜ : davaTuru

Taraflar arasındaki davadan dolayı Yerel Mahkemece verilen hüküm ... tarafından temyiz edilmekle, dosya incelendi gereği düşünüldü:

K A R A R

Ayrıca, dava dosyasının da H.Y.U.Y.’nın 433/3. maddesi ve Hukuk Mahkemeleri Yazı İşleri Yönetmeliğine uygun olarak tarih ve işlem sırasına göre düzenlenip, dizi pusulasına bağlandıktan sonra gönderilmesi gerekmektedir.
SONUÇ: Değinilen eksikliklerin giderilmesi için, dosyanın Yerel Mahkemeye Gönderilmesine ../../2006 gününde oybirliği ile karar verildi."
yargitay:902496700,902496700,20. Hukuk Dairesi,2008/14019,2008/19085,2008-12-30,2008,625,"(Kapatılan)20. Hukuk Dairesi 2008/14019 E. , 2008/19085 K.

""İçtihat Metni""MAHKEMESİ : ilgiliCezaMahAdi
DAVA TÜRÜ : davaTuru

Taraflar arasındaki davadan dolayı Yerel Mahkemece verilen hüküm ... tarafından temyiz edilmekle, dosya incelendi gereği düşünüldü:

K A R A R

Ayrıca, dava dosyasının da H.Y.U.Y.’nın 433/3. maddesi ve Hukuk Mahkemeleri Yazı İşleri Yönetmeliğine uygun olarak tarih ve işlem sırasına göre düzenlenip, dizi pusulasına bağlandıktan sonra gönderilmesi gerekmektedir.
SONUÇ: Değinilen eksikliklerin giderilmesi için, dosyanın Yerel Mahkemeye Gönderilmesine ../../2006 gününde oybirliği ile karar verildi."
yargitay:902733200,902733200,20. Hukuk Dairesi,2008/12944,2008/17849,2008-12-18,2008,625,"(Kapatılan)20. Hukuk Dairesi 2008/12944 E. , 2008/17849 K.

""İçtihat Metni""MAHKEMESİ : ilgiliCezaMahAdi
DAVA TÜRÜ : davaTuru

Taraflar arasındaki davadan dolayı Yerel Mahkemece verilen hüküm ... tarafından temyiz edilmekle, dosya incelendi gereği düşünüldü:

K A R A R

Ayrıca, dava dosyasının da H.Y.U.Y.’nın 433/3. maddesi ve Hukuk Mahkemeleri Yazı İşleri Yönetmeliğine uygun olarak tarih ve işlem sırasına göre düzenlenip, dizi pusulasına bağlandıktan sonra gönderilmesi gerekmektedir.
SONUÇ: Değinilen eksikliklerin giderilmesi için, dosyanın Yerel Mahkemeye Gönderilmesine ../../2006 gününde oybirliği ile karar verildi."
yargitay:893645400,893645400,20. Hukuk Dairesi,2009/4810,2009/5330,2009-03-30,2009,626,"(Kapatılan)20. Hukuk Dairesi 2009/4810 E. , 2009/5330 K.

""İçtihat Metni""MAHKEMESİ : ilgiliCezaMahAdi
DAVA TÜRÜ : davaTuru
Taraflar arasındaki .. davasından dolayı Yerel Mahkemece verilen yukarıda gün ve sayısı yazılı hükmün; Dairemizin .../.../.... gün ve ... sayılı ilamıyla ... karar verilmiş, süresi içinde .. tarafından kararın düzeltilmesi istenilmiş olmakla, dosya içindeki tüm belgeler incelenip gereği düşünüldü:

K A R A R
SONUÇ: Yukarıda açıklanan nedenlerle; ...’nin temyiz dilekçesinin süre yönünden REDDİNE, istek halinde peşin harcın temyiz edene geri verilmesine ../../2006 gününde oybirliği ile karar verildi."
yargitay:891113300,891113300,20. Hukuk Dairesi,2009/3334,2009/3744,2009-03-06,2009,627,"(Kapatılan)20. Hukuk Dairesi 2009/3334 E. , 2009/3744 K.

""İçtihat Metni""MAHKEMESİ : ilgiliCezaMahAdi
DAVA TÜRÜ : davaTuru
Taraflar arasındaki .. davasından dolayı Yerel Mahkemece verilen yukarıda gün ve sayısı yazılı hükmün; Dairemizin .../.../.... gün ve ... sayılı ilamıyla ... karar verilmiş, süresi içinde .. tarafından kararın düzeltilmesi istenilmiş olmakla, dosya içindeki tüm belgeler incelenip gereği düşünüldü:

K A R A R

SONUÇ: Yukarıda açıklanan nedenlerle; ...’nin temyiz dilekçesinin süre yönünden REDDİNE, istek halinde peşin harcın temyiz edene geri verilmesine ../../2006 gününde oybirliği ile karar verildi."
yargitay:892482200,892482200,20. Hukuk Dairesi,2008/18047,2009/23,2009-01-07,2009,627,"(Kapatılan)20. Hukuk Dairesi 2008/18047 E. , 2009/23 K.

""İçtihat Metni""MAHKEMESİ : ilgiliCezaMahAdi
DAVA TÜRÜ : davaTuru

Taraflar arasındaki .. davasından dolayı Yerel Mahkemece verilen yukarıda gün ve sayısı yazılı hükmün; Dairemizin .../.../.... gün ve ... sayılı ilamıyla ... karar verilmiş, süresi içinde .. tarafından kararın düzeltilmesi istenilmiş olmakla, dosya içindeki tüm belgeler incelenip gereği düşünüldü:

K A R A R

SONUÇ: Yukarıda açıklanan nedenlerle; ...’nin temyiz dilekçesinin süre yönünden REDDİNE, istek halinde peşin harcın temyiz edene geri verilmesine ../../2006 gününde oybirliği ile karar verildi."
yargitay:896198200,896198200,20. Hukuk Dairesi,2009/3242,2009/4110,2009-03-12,2009,627,"(Kapatılan)20. Hukuk Dairesi 2009/3242 E. , 2009/4110 K.

""İçtihat Metni""MAHKEMESİ : ilgiliCezaMahAdi
DAVA TÜRÜ : davaTuru

Taraflar arasındaki .. davasından dolayı Yerel Mahkemece verilen yukarıda gün ve sayısı yazılı hükmün; Dairemizin .../.../.... gün ve ... sayılı ilamıyla ... karar verilmiş, süresi içinde .. tarafından kararın düzeltilmesi istenilmiş olmakla, dosya içindeki tüm belgeler incelenip gereği düşünüldü:

K A R A R
SONUÇ: Yukarıda açıklanan nedenlerle; ...’nin temyiz dilekçesinin süre yönünden REDDİNE, istek halinde peşin harcın temyiz edene geri verilmesine ../../2006 gününde oybirliği ile karar verildi."
yargitay:890747900,890747900,20. Hukuk Dairesi,2009/3282,2009/3758,2009-03-06,2009,628,"(Kapatılan)20. Hukuk Dairesi 2009/3282 E. , 2009/3758 K.

""İçtihat Metni""MAHKEMESİ : ilgiliCezaMahAdi
DAVA TÜRÜ : davaTuru

Taraflar arasındaki .. davasından dolayı Yerel Mahkemece verilen yukarıda gün ve sayısı yazılı hükmün; Dairemizin .../.../.... gün ve ... sayılı ilamıyla ... karar verilmiş, süresi içinde .. tarafından kararın düzeltilmesi istenilmiş olmakla, dosya içindeki tüm belgeler incelenip gereği düşünüldü:

K A R A R

SONUÇ: Yukarıda açıklanan nedenlerle; ...’nin temyiz dilekçesinin süre yönünden REDDİNE, istek halinde peşin harcın temyiz edene geri verilmesine ../../2006 gününde oybirliği ile karar verildi."
yargitay:892183300,892183300,20. Hukuk Dairesi,2009/6899,2009/8135,2009-05-13,2009,628,"(Kapatılan)20. Hukuk Dairesi 2009/6899 E. , 2009/8135 K.

""İçtihat Metni""MAHKEMESİ : ilgiliCezaMahAdi
DAVA TÜRÜ : davaTuru

Taraflar arasındaki .. davasından dolayı Yerel Mahkemece verilen yukarıda gün ve sayısı yazılı hükmün; Dairemizin .../.../.... gün ve ... sayılı ilamıyla ... karar verilmiş, süresi içinde .. tarafından kararın düzeltilmesi istenilmiş olmakla, dosya içindeki tüm belgeler incelenip gereği düşünüldü:

K A R A R

SONUÇ: Yukarıda açıklanan nedenlerle; ...’nin temyiz dilekçesinin süre yönünden REDDİNE, istek halinde peşin harcın temyiz edene geri verilmesine ../../2006 gününde oybirliği ile karar verildi."
yargitay:893263500,893263500,20. Hukuk Dairesi,2009/6689,2009/8120,2009-05-13,2009,628,"(Kapatılan)20. Hukuk Dairesi 2009/6689 E. , 2009/8120 K.

""İçtihat Metni""MAHKEMESİ : ilgiliCezaMahAdi
DAVA TÜRÜ : davaTuru

Taraflar arasındaki .. davasından dolayı Yerel Mahkemece verilen yukarıda gün ve sayısı yazılı hükmün; Dairemizin .../.../.... gün ve ... sayılı ilamıyla ... karar verilmiş, süresi içinde .. tarafından kararın düzeltilmesi istenilmiş olmakla, dosya içindeki tüm belgeler incelenip gereği düşünüldü:

K A R A R

SONUÇ: Yukarıda açıklanan nedenlerle; ...’nin temyiz dilekçesinin süre yönünden REDDİNE, istek halinde peşin harcın temyiz edene geri verilmesine ../../2006 gününde oybirliği ile karar verildi."
yargitay:897841000,897841000,20. Hukuk Dairesi,2007/5150,2007/6276,2007-05-11,2007,628,"(Kapatılan)20. Hukuk Dairesi 2007/5150 E. , 2007/6276 K.

""İçtihat Metni""MAHKEMESİ : ilgiliCezaMahAdi
DAVA TÜRÜ : davaTuru

Taraflar arasındaki .. davasından dolayı Yerel Mahkemece verilen yukarıda gün ve sayısı yazılı hükmün; Dairemizin .../.../.... gün ve ... sayılı ilamıyla ... karar verilmiş, süresi içinde .. tarafından kararın düzeltilmesi istenilmiş olmakla, dosya içindeki tüm belgeler incelenip gereği düşünüldü:

K A R A R

SONUÇ: Yukarıda açıklanan nedenlerle; ...’nin temyiz dilekçesinin süre yönünden REDDİNE, istek halinde peşin harcın temyiz edene geri verilmesine ../../2006 gününde oybirliği ile karar verildi."
yargitay:898546200,898546200,20. Hukuk Dairesi,2007/5672,2007/7079,2007-05-29,2007,628,"(Kapatılan)20. Hukuk Dairesi 2007/5672 E. , 2007/7079 K.

""İçtihat Metni""MAHKEMESİ : ilgiliCezaMahAdi
DAVA TÜRÜ : davaTuru

Taraflar arasındaki .. davasından dolayı Yerel Mahkemece verilen yukarıda gün ve sayısı yazılı hükmün; Dairemizin .../.../.... gün ve ... sayılı ilamıyla ... karar verilmiş, süresi içinde .. tarafından kararın düzeltilmesi istenilmiş olmakla, dosya içindeki tüm belgeler incelenip gereği düşünüldü:

K A R A R

SONUÇ: Yukarıda açıklanan nedenlerle; ...’nin temyiz dilekçesinin süre yönünden REDDİNE, istek halinde peşin harcın temyiz edene geri verilmesine ../../2006 gününde oybirliği ile karar verildi."
yargitay:898587500,898587500,20. Hukuk Dairesi,2007/5741,2007/7074,2007-05-29,2007,628,"(Kapatılan)20. Hukuk Dairesi 2007/5741 E. , 2007/7074 K.

""İçtihat Metni""MAHKEMESİ : ilgiliCezaMahAdi
DAVA TÜRÜ : davaTuru

Taraflar arasındaki .. davasından dolayı Yerel Mahkemece verilen yukarıda gün ve sayısı yazılı hükmün; Dairemizin .../.../.... gün ve ... sayılı ilamıyla ... karar verilmiş, süresi içinde .. tarafından kararın düzeltilmesi istenilmiş olmakla, dosya içindeki tüm belgeler incelenip gereği düşünüldü:

K A R A R

SONUÇ: Yukarıda açıklanan nedenlerle; ...’nin temyiz dilekçesinin süre yönünden REDDİNE, istek halinde peşin harcın temyiz edene geri verilmesine ../../2006 gününde oybirliği ile karar verildi."
yargitay:898808700,898808700,20. Hukuk Dairesi,2007/5973,2007/7104,2007-05-29,2007,628,"(Kapatılan)20. Hukuk Dairesi 2007/5973 E. , 2007/7104 K.

""İçtihat Metni""MAHKEMESİ : ilgiliCezaMahAdi
DAVA TÜRÜ : davaTuru

Taraflar arasındaki .. davasından dolayı Yerel Mahkemece verilen yukarıda gün ve sayısı yazılı hükmün; Dairemizin .../.../.... gün ve ... sayılı ilamıyla ... karar verilmiş, süresi içinde .. tarafından kararın düzeltilmesi istenilmiş olmakla, dosya içindeki tüm belgeler incelenip gereği düşünüldü:

K A R A R

SONUÇ: Yukarıda açıklanan nedenlerle; ...’nin temyiz dilekçesinin süre yönünden REDDİNE, istek halinde peşin harcın temyiz edene geri verilmesine ../../2006 gününde oybirliği ile karar verildi."
yargitay:900155500,900155500,20. Hukuk Dairesi,2007/4964,2007/6258,2007-05-11,2007,628,"(Kapatılan)20. Hukuk Dairesi 2007/4964 E. , 2007/6258 K.

""İçtihat Metni""MAHKEMESİ : ilgiliCezaMahAdi
DAVA TÜRÜ : davaTuru

Taraflar arasındaki .. davasından dolayı Yerel Mahkemece verilen yukarıda gün ve sayısı yazılı hükmün; Dairemizin .../.../.... gün ve ... sayılı ilamıyla ... karar verilmiş, süresi içinde .. tarafından kararın düzeltilmesi istenilmiş olmakla, dosya içindeki tüm belgeler incelenip gereği düşünüldü:

K A R A R

SONUÇ: Yukarıda açıklanan nedenlerle; ...’nin temyiz dilekçesinin süre yönünden REDDİNE, istek halinde peşin harcın temyiz edene geri verilmesine ../../2006 gününde oybirliği ile karar verildi."
yargitay:900346000,900346000,20. Hukuk Dairesi,2007/5972,2007/7089,2007-05-29,2007,628,"(Kapatılan)20. Hukuk Dairesi 2007/5972 E. , 2007/7089 K.

""İçtihat Metni""MAHKEMESİ : ilgiliCezaMahAdi
DAVA TÜRÜ : davaTuru

Taraflar arasındaki .. davasından dolayı Yerel Mahkemece verilen yukarıda gün ve sayısı yazılı hükmün; Dairemizin .../.../.... gün ve ... sayılı ilamıyla ... karar verilmiş, süresi içinde .. tarafından kararın düzeltilmesi istenilmiş olmakla, dosya içindeki tüm belgeler incelenip gereği düşünüldü:

K A R A R

SONUÇ: Yukarıda açıklanan nedenlerle; ...’nin temyiz dilekçesinin süre yönünden REDDİNE, istek halinde peşin harcın temyiz edene geri verilmesine ../../2006 gününde oybirliği ile karar verildi."
yargitay:900533800,900533800,20. Hukuk Dairesi,2007/5761,2007/7100,2007-05-29,2007,628,"(Kapatılan)20. Hukuk Dairesi 2007/5761 E. , 2007/7100 K.

""İçtihat Metni""MAHKEMESİ : ilgiliCezaMahAdi
DAVA TÜRÜ : davaTuru

Taraflar arasındaki .. davasından dolayı Yerel Mahkemece verilen yukarıda gün ve sayısı yazılı hükmün; Dairemizin .../.../.... gün ve ... sayılı ilamıyla ... karar verilmiş, süresi içinde .. tarafından kararın düzeltilmesi istenilmiş olmakla, dosya içindeki tüm belgeler incelenip gereği düşünüldü:

K A R A R

SONUÇ: Yukarıda açıklanan nedenlerle; ...’nin temyiz dilekçesinin süre yönünden REDDİNE, istek halinde peşin harcın temyiz edene geri verilmesine ../../2006 gününde oybirliği ile karar verildi."
yargitay:900803000,900803000,20. Hukuk Dairesi,2007/5831,2007/7096,2007-05-29,2007,628,"(Kapatılan)20. Hukuk Dairesi 2007/5831 E. , 2007/7096 K.

""İçtihat Metni""MAHKEMESİ : ilgiliCezaMahAdi
DAVA TÜRÜ : davaTuru

Taraflar arasındaki .. davasından dolayı Yerel Mahkemece verilen yukarıda gün ve sayısı yazılı hükmün; Dairemizin .../.../.... gün ve ... sayılı ilamıyla ... karar verilmiş, süresi içinde .. tarafından kararın düzeltilmesi istenilmiş olmakla, dosya içindeki tüm belgeler incelenip gereği düşünüldü:

K A R A R

SONUÇ: Yukarıda açıklanan nedenlerle; ...’nin temyiz dilekçesinin süre yönünden REDDİNE, istek halinde peşin harcın temyiz edene geri verilmesine ../../2006 gününde oybirliği ile karar verildi."
yargitay:900804900,900804900,20. Hukuk Dairesi,2007/5816,2007/7088,2007-05-29,2007,628,"(Kapatılan)20. Hukuk Dairesi 2007/5816 E. , 2007/7088 K.

""İçtihat Metni""MAHKEMESİ : ilgiliCezaMahAdi
DAVA TÜRÜ : davaTuru

Taraflar arasındaki .. davasından dolayı Yerel Mahkemece verilen yukarıda gün ve sayısı yazılı hükmün; Dairemizin .../.../.... gün ve ... sayılı ilamıyla ... karar verilmiş, süresi içinde .. tarafından kararın düzeltilmesi istenilmiş olmakla, dosya içindeki tüm belgeler incelenip gereği düşünüldü:

K A R A R

SONUÇ: Yukarıda açıklanan nedenlerle; ...’nin temyiz dilekçesinin süre yönünden REDDİNE, istek halinde peşin harcın temyiz edene geri verilmesine ../../2006 gününde oybirliği ile karar verildi."
yargitay:898877200,898877200,20. Hukuk Dairesi,2007/11501,2007/15721,2007-12-04,2007,629,"(Kapatılan)20. Hukuk Dairesi 2007/11501 E. , 2007/15721 K.

""İçtihat Metni""MAHKEMESİ : ilgiliCezaMahAdi
DAVA TÜRÜ : davaTuru

Taraflar arasındaki .. davasından dolayı Yerel Mahkemece verilen yukarıda gün ve sayısı yazılı hükmün; Dairemizin .../.../.... gün ve ... sayılı ilamıyla ... karar verilmiş, süresi içinde .. tarafından kararın düzeltilmesi istenilmiş olmakla, dosya içindeki tüm belgeler incelenip gereği düşünüldü:

K A R A R
SONUÇ: Yukarıda açıklanan nedenlerle; ...’nin temyiz dilekçesinin süre yönünden REDDİNE, istek halinde peşin harcın temyiz edene geri verilmesine ../../2006 gününde oybirliği ile karar verildi."
yargitay:900227200,900227200,20. Hukuk Dairesi,2007/17518,2007/16677,2007-12-18,2007,629,"(Kapatılan)20. Hukuk Dairesi 2007/17518 E. , 2007/16677 K.

""İçtihat Metni""MAHKEMESİ : ilgiliCezaMahAdi
DAVA TÜRÜ : davaTuru

Taraflar arasındaki .. davasından dolayı Yerel Mahkemece verilen yukarıda gün ve sayısı yazılı hükmün; Dairemizin .../.../.... gün ve ... sayılı ilamıyla ... karar verilmiş, süresi içinde .. tarafından kararın düzeltilmesi istenilmiş olmakla, dosya içindeki tüm belgeler incelenip gereği düşünüldü:

K A R A R
SONUÇ: Yukarıda açıklanan nedenlerle; ...’nin temyiz dilekçesinin süre yönünden REDDİNE, istek halinde peşin harcın temyiz edene geri verilmesine ../../2006 gününde oybirliği ile karar verildi."
yargitay:900606400,900606400,20. Hukuk Dairesi,2007/14905,2007/16865,2007-12-25,2007,629,"(Kapatılan)20. Hukuk Dairesi 2007/14905 E. , 2007/16865 K.

""İçtihat Metni""MAHKEMESİ : ilgiliCezaMahAdi
DAVA TÜRÜ : davaTuru

Taraflar arasındaki .. davasından dolayı Yerel Mahkemece verilen yukarıda gün ve sayısı yazılı hükmün; Dairemizin .../.../.... gün ve ... sayılı ilamıyla ... karar verilmiş, süresi içinde .. tarafından kararın düzeltilmesi istenilmiş olmakla, dosya içindeki tüm belgeler incelenip gereği düşünüldü:

K A R A R
SONUÇ: Yukarıda açıklanan nedenlerle; ...’nin temyiz dilekçesinin süre yönünden REDDİNE, istek halinde peşin harcın temyiz edene geri verilmesine ../../2006 gününde oybirliği ile karar verildi."
yargitay:901109900,901109900,20. Hukuk Dairesi,2007/17603,2007/16691,2007-12-18,2007,629,"(Kapatılan)20. Hukuk Dairesi 2007/17603 E. , 2007/16691 K.

""İçtihat Metni""MAHKEMESİ : ilgiliCezaMahAdi
DAVA TÜRÜ : davaTuru

Taraflar arasındaki .. davasından dolayı Yerel Mahkemece verilen yukarıda gün ve sayısı yazılı hükmün; Dairemizin .../.../.... gün ve ... sayılı ilamıyla ... karar verilmiş, süresi içinde .. tarafından kararın düzeltilmesi istenilmiş olmakla, dosya içindeki tüm belgeler incelenip gereği düşünüldü:

K A R A R
SONUÇ: Yukarıda açıklanan nedenlerle; ...’nin temyiz dilekçesinin süre yönünden REDDİNE, istek halinde peşin harcın temyiz edene geri verilmesine ../../2006 gününde oybirliği ile karar verildi."
yargitay:901433100,901433100,20. Hukuk Dairesi,2007/14843,2007/16896,2007-12-25,2007,629,"(Kapatılan)20. Hukuk Dairesi 2007/14843 E. , 2007/16896 K.

""İçtihat Metni""MAHKEMESİ : ilgiliCezaMahAdi
DAVA TÜRÜ : davaTuru

Taraflar arasındaki .. davasından dolayı Yerel Mahkemece verilen yukarıda gün ve sayısı yazılı hükmün; Dairemizin .../.../.... gün ve ... sayılı ilamıyla ... karar verilmiş, süresi içinde .. tarafından kararın düzeltilmesi istenilmiş olmakla, dosya içindeki tüm belgeler incelenip gereği düşünüldü:

K A R A R
SONUÇ: Yukarıda açıklanan nedenlerle; ...’nin temyiz dilekçesinin süre yönünden REDDİNE, istek halinde peşin harcın temyiz edene geri verilmesine ../../2006 gününde oybirliği ile karar verildi."
yargitay:901525900,901525900,20. Hukuk Dairesi,2007/13256,2007/16223,2007-12-11,2007,629,"(Kapatılan)20. Hukuk Dairesi 2007/13256 E. , 2007/16223 K.

""İçtihat Metni""MAHKEMESİ : ilgiliCezaMahAdi
DAVA TÜRÜ : davaTuru

Taraflar arasındaki .. davasından dolayı Yerel Mahkemece verilen yukarıda gün ve sayısı yazılı hükmün; Dairemizin .../.../.... gün ve ... sayılı ilamıyla ... karar verilmiş, süresi içinde .. tarafından kararın düzeltilmesi istenilmiş olmakla, dosya içindeki tüm belgeler incelenip gereği düşünüldü:

K A R A R
SONUÇ: Yukarıda açıklanan nedenlerle; ...’nin temyiz dilekçesinin süre yönünden REDDİNE, istek halinde peşin harcın temyiz edene geri verilmesine ../../2006 gününde oybirliği ile karar verildi."
yargitay:901819700,901819700,20. Hukuk Dairesi,2007/17157,2007/16689,2007-12-18,2007,629,"(Kapatılan)20. Hukuk Dairesi 2007/17157 E. , 2007/16689 K.

""İçtihat Metni""MAHKEMESİ : ilgiliCezaMahAdi
DAVA TÜRÜ : davaTuru

Taraflar arasındaki .. davasından dolayı Yerel Mahkemece verilen yukarıda gün ve sayısı yazılı hükmün; Dairemizin .../.../.... gün ve ... sayılı ilamıyla ... karar verilmiş, süresi içinde .. tarafından kararın düzeltilmesi istenilmiş olmakla, dosya içindeki tüm belgeler incelenip gereği düşünüldü:

K A R A R
SONUÇ: Yukarıda açıklanan nedenlerle; ...’nin temyiz dilekçesinin süre yönünden REDDİNE, istek halinde peşin harcın temyiz edene geri verilmesine ../../2006 gününde oybirliği ile karar verildi."
yargitay:903116800,903116800,20. Hukuk Dairesi,2007/17606,2007/16634,2007-12-18,2007,629,"(Kapatılan)20. Hukuk Dairesi 2007/17606 E. , 2007/16634 K.

""İçtihat Metni""MAHKEMESİ : ilgiliCezaMahAdi
DAVA TÜRÜ : davaTuru

Taraflar arasındaki .. davasından dolayı Yerel Mahkemece verilen yukarıda gün ve sayısı yazılı hükmün; Dairemizin .../.../.... gün ve ... sayılı ilamıyla ... karar verilmiş, süresi içinde .. tarafından kararın düzeltilmesi istenilmiş olmakla, dosya içindeki tüm belgeler incelenip gereği düşünüldü:

K A R A R
SONUÇ: Yukarıda açıklanan nedenlerle; ...’nin temyiz dilekçesinin süre yönünden REDDİNE, istek halinde peşin harcın temyiz edene geri verilmesine ../../2006 gününde oybirliği ile karar verildi."
yargitay:904426100,904426100,20. Hukuk Dairesi,2007/17295,2007/16671,2007-12-18,2007,629,"(Kapatılan)20. Hukuk Dairesi 2007/17295 E. , 2007/16671 K.

""İçtihat Metni""MAHKEMESİ : ilgiliCezaMahAdi
DAVA TÜRÜ : davaTuru

Taraflar arasındaki .. davasından dolayı Yerel Mahkemece verilen yukarıda gün ve sayısı yazılı hükmün; Dairemizin .../.../.... gün ve ... sayılı ilamıyla ... karar verilmiş, süresi içinde .. tarafından kararın düzeltilmesi istenilmiş olmakla, dosya içindeki tüm belgeler incelenip gereği düşünüldü:

K A R A R
SONUÇ: Yukarıda açıklanan nedenlerle; ...’nin temyiz dilekçesinin süre yönünden REDDİNE, istek halinde peşin harcın temyiz edene geri verilmesine ../../2006 gününde oybirliği ile karar verildi."
yargitay:904463900,904463900,20. Hukuk Dairesi,2007/17296,2007/16669,2007-12-18,2007,629,"(Kapatılan)20. Hukuk Dairesi 2007/17296 E. , 2007/16669 K.

""İçtihat Metni""MAHKEMESİ : ilgiliCezaMahAdi
DAVA TÜRÜ : davaTuru

Taraflar arasındaki .. davasından dolayı Yerel Mahkemece verilen yukarıda gün ve sayısı yazılı hükmün; Dairemizin .../.../.... gün ve ... sayılı ilamıyla ... karar verilmiş, süresi içinde .. tarafından kararın düzeltilmesi istenilmiş olmakla, dosya içindeki tüm belgeler incelenip gereği düşünüldü:

K A R A R
SONUÇ: Yukarıda açıklanan nedenlerle; ...’nin temyiz dilekçesinin süre yönünden REDDİNE, istek halinde peşin harcın temyiz edene geri verilmesine ../../2006 gününde oybirliği ile karar verildi."
yargitay:904504500,904504500,20. Hukuk Dairesi,2007/14850,2007/16859,2007-12-25,2007,629,"(Kapatılan)20. Hukuk Dairesi 2007/14850 E. , 2007/16859 K.

""İçtihat Metni""MAHKEMESİ : ilgiliCezaMahAdi
DAVA TÜRÜ : davaTuru

Taraflar arasındaki .. davasından dolayı Yerel Mahkemece verilen yukarıda gün ve sayısı yazılı hükmün; Dairemizin .../.../.... gün ve ... sayılı ilamıyla ... karar verilmiş, süresi içinde .. tarafından kararın düzeltilmesi istenilmiş olmakla, dosya içindeki tüm belgeler incelenip gereği düşünüldü:

K A R A R
SONUÇ: Yukarıda açıklanan nedenlerle; ...’nin temyiz dilekçesinin süre yönünden REDDİNE, istek halinde peşin harcın temyiz edene geri verilmesine ../../2006 gününde oybirliği ile karar verildi."
yargitay:904683600,904683600,20. Hukuk Dairesi,2007/17034,2007/16678,2007-12-18,2007,629,"(Kapatılan)20. Hukuk Dairesi 2007/17034 E. , 2007/16678 K.

""İçtihat Metni""MAHKEMESİ : ilgiliCezaMahAdi
DAVA TÜRÜ : davaTuru

Taraflar arasındaki .. davasından dolayı Yerel Mahkemece verilen yukarıda gün ve sayısı yazılı hükmün; Dairemizin .../.../.... gün ve ... sayılı ilamıyla ... karar verilmiş, süresi içinde .. tarafından kararın düzeltilmesi istenilmiş olmakla, dosya içindeki tüm belgeler incelenip gereği düşünüldü:

K A R A R
SONUÇ: Yukarıda açıklanan nedenlerle; ...’nin temyiz dilekçesinin süre yönünden REDDİNE, istek halinde peşin harcın temyiz edene geri verilmesine ../../2006 gününde oybirliği ile karar verildi."
yargitay:905726500,905726500,20. Hukuk Dairesi,2007/14333,2007/16880,2007-12-25,2007,629,"(Kapatılan)20. Hukuk Dairesi 2007/14333 E. , 2007/16880 K.

""İçtihat Metni""MAHKEMESİ : ilgiliCezaMahAdi
DAVA TÜRÜ : davaTuru

Taraflar arasındaki .. davasından dolayı Yerel Mahkemece verilen yukarıda gün ve sayısı yazılı hükmün; Dairemizin .../.../.... gün ve ... sayılı ilamıyla ... karar verilmiş, süresi içinde .. tarafından kararın düzeltilmesi istenilmiş olmakla, dosya içindeki tüm belgeler incelenip gereği düşünüldü:

K A R A R
SONUÇ: Yukarıda açıklanan nedenlerle; ...’nin temyiz dilekçesinin süre yönünden REDDİNE, istek halinde peşin harcın temyiz edene geri verilmesine ../../2006 gününde oybirliği ile karar verildi."
yargitay:904225400,904225400,20. Hukuk Dairesi,2007/17028,2007/16668,2007-12-18,2007,630,"(Kapatılan)20. Hukuk Dairesi 2007/17028 E. , 2007/16668 K.

""İçtihat Metni""MAHKEMESİ : ilgiliCezaMahAdi
DAVA TÜRÜ : davaTuru

Taraflar arasındaki .. davasından dolayı Yerel Mahkemece verilen yukarıda gün ve sayısı yazılı hükmün; Dairemizin .../.../.... gün ve ... sayılı ilamıyla ... karar verilmiş, süresi içinde .. tarafından kararın düzeltilmesi istenilmiş olmakla, dosya içindeki tüm belgeler incelenip gereği düşünüldü:

K A R A R

SONUÇ: Yukarıda açıklanan nedenlerle; ...’nin temyiz dilekçesinin süre yönünden REDDİNE, istek halinde peşin harcın temyiz edene geri verilmesine ../../2006 gününde oybirliği ile karar verildi."
yargitay:898746600,898746600,20. Hukuk Dairesi,2007/5265,2007/6732,2007-05-22,2007,897,"(Kapatılan)20. Hukuk Dairesi 2007/5265 E. , 2007/6732 K.

""İçtihat Metni""MAHKEMESİ : ilgiliCezaMahAdi
DAVA TÜRÜ : davaTuru

Taraflar arasındaki .. davasının yapılan yargılaması sonunda; davanın .. yolunda kurulan ... günlü hükmün Yargıtayca duruşmalı olarak incelenmesi .. tarafından istenilmekle, tayin olunan ... günü için yapılan tebligat üzerine, temyiz eden ... gelmedi, karşı taraftan ... geldi, başka gelen olmadı, açık duruşmaya başlandı. Süresinde olduğu anlaşılan temyiz dilekçesinin kabulüne karar verildikten sonra, gelenin/gelenlerin sözlü açıklamaları dinlendi, duruşmanın bittiği bildirildi. İş karara bırakıldı. Bilahare dosya içindeki tüm belgeler incelenip gereği düşünüldü:
K A R A R
SONUÇ: Yukarıda açıklanan nedenlerle; .. temyiz itirazlarının kabulü ile hükmün BOZULMASINA, peşin alınan temyiz harcının istek halinde .. iadesine .../.../2006 günü oybirliği ile karar verildi."
yargitay:1017864400,1017864400,8. Hukuk Dairesi,2024/616,2024/881,2024-02-16,2024,59,"8. Hukuk Dairesi 2024/616 E. , 2024/881 K.

""İçtihat Metni"""
yargitay:161196300,161196300,9. Ceza Dairesi,2014/7879,2015/1975,2015-02-09,2015,60,"9. Ceza Dairesi 2014/7879 E. , 2015/1975 K.

""İçtihat Metni"""
yargitay:161611100,161611100,18. Hukuk Dairesi,2015/6298,2016/93,2016-01-11,2016,60,"18. Hukuk Dairesi 2015/6298 E. , 2016/93 K.

""İçtihat Metni"""
yargitay:162863200,162863200,9. Ceza Dairesi,2014/7999,2015/2040,2015-02-09,2015,60,"9. Ceza Dairesi 2014/7999 E. , 2015/2040 K.

""İçtihat Metni"""
yargitay:163489400,163489400,9. Ceza Dairesi,2014/8708,2015/2511,2015-02-10,2015,60,"9. Ceza Dairesi 2014/8708 E. , 2015/2511 K.

""İçtihat Metni"""
yargitay:165901800,165901800,6. Ceza Dairesi,2013/30480,2016/949,2016-02-18,2016,60,"6. Ceza Dairesi 2013/30480 E. , 2016/949 K.

""İçtihat Metni"""
yargitay:167099300,167099300,12. Hukuk Dairesi,2016/12,2016/8217,2016-03-21,2016,60,"12. Hukuk Dairesi 2016/12 E. , 2016/8217 K.

""İçtihat Metni"""
yargitay:175364600,175364600,1. Ceza Dairesi,2015/5436,2016/1493,2016-03-28,2016,60,"1. Ceza Dairesi 2015/5436 E. , 2016/1493 K.

""İçtihat Metni"""
yargitay:481385800,481385800,5. Ceza Dairesi,2015/10485,2019/434,2019-01-14,2019,60,"5. Ceza Dairesi 2015/10485 E. , 2019/434 K.

""İçtihat Metni"""
yargitay:500300900,500300900,7. Ceza Dairesi,2016/6486,2019/9801,2019-02-19,2019,60,"7. Ceza Dairesi 2016/6486 E. , 2019/9801 K.

""İçtihat Metni"""
yargitay:516183300,516183300,5. Ceza Dairesi,2019/3658,2019/4969,2019-05-06,2019,60,"5. Ceza Dairesi 2019/3658 E. , 2019/4969 K.

""İçtihat Metni"""
yargitay:540472700,540472700,8. Hukuk Dairesi,2010/241,2010/2619,2010-05-17,2010,60,"8. Hukuk Dairesi 2010/241 E. , 2010/2619 K.

""İçtihat Metni"""
yargitay:713676700,713676700,7. Hukuk Dairesi,2021/866,2021/3026,2021-11-22,2021,60,"7. Hukuk Dairesi 2021/866 E. , 2021/3026 K.

""İçtihat Metni"""
yargitay:84079500,84079500,1. Hukuk Dairesi,2014/526,2014/2878,2014-02-17,2014,60,"1. Hukuk Dairesi 2014/526 E. , 2014/2878 K.

""İçtihat Metni"""
yargitay:949960400,949960400,3. Ceza Dairesi,2009/22221,2011/306,2011-01-20,2011,60,"3. Ceza Dairesi 2009/22221 E. , 2011/306 K.

""İçtihat Metni"""
yargitay:102199400,102199400,12. Ceza Dairesi,2013/27157,2014/936,2014-01-20,2014,61,"12. Ceza Dairesi 2013/27157 E. , 2014/936 K.

""İçtihat Metni"""
yargitay:1095442200,1095442200,7. Hukuk Dairesi,2013/748,2013/12491,2013-07-03,2013,61,"7. Hukuk Dairesi 2013/748 E. , 2013/12491 K.

""İçtihat Metni"""
yargitay:142299000,142299000,5. Hukuk Dairesi,2015/18942,2016/490,2016-01-20,2016,61,"5. Hukuk Dairesi 2015/18942 E. , 2016/490 K.

""İçtihat Metni"""
yargitay:161642600,161642600,3. Hukuk Dairesi,2015/509,2015/20117,2015-12-11,2015,61,"3. Hukuk Dairesi 2015/509 E. , 2015/20117 K.

""İçtihat Metni"""
yargitay:163100900,163100900,8. Hukuk Dairesi,2016/1644,2016/2821,2016-02-19,2016,61,"8. Hukuk Dairesi 2016/1644 E. , 2016/2821 K.

""İçtihat Metni"""
yargitay:168768400,168768400,3. Hukuk Dairesi,2015/3431,2016/2512,2016-02-24,2016,61,"3. Hukuk Dairesi 2015/3431 E. , 2016/2512 K.

""İçtihat Metni"""
yargitay:169731200,169731200,7. Ceza Dairesi,2014/21887,2016/3341,2016-03-09,2016,61,"7. Ceza Dairesi 2014/21887 E. , 2016/3341 K.

""İçtihat Metni"""
yargitay:170228400,170228400,7. Ceza Dairesi,2014/16261,2016/1361,2016-02-08,2016,61,"7. Ceza Dairesi 2014/16261 E. , 2016/1361 K.

""İçtihat Metni"""
yargitay:170760600,170760600,8. Hukuk Dairesi,2015/1162,2016/5221,2016-03-22,2016,61,"8. Hukuk Dairesi 2015/1162 E. , 2016/5221 K.

""İçtihat Metni"""
yargitay:171355500,171355500,18. Hukuk Dairesi,2016/992,2016/1819,2014-02-09,2014,61,"18. Hukuk Dairesi 2016/992 E. , 2016/1819 K.

""İçtihat Metni"""
yargitay:171919800,171919800,8. Hukuk Dairesi,2016/4792,2016/5519,2016-03-25,2016,61,"8. Hukuk Dairesi 2016/4792 E. , 2016/5519 K.

""İçtihat Metni"""
yargitay:172099700,172099700,19. Hukuk Dairesi,2015/7626,2016/451,2016-01-21,2016,61,"19. Hukuk Dairesi 2015/7626 E. , 2016/451 K.

""İçtihat Metni"""
yargitay:175875300,175875300,3. Ceza Dairesi,2015/22526,2016/2201,2016-01-28,2016,61,"3. Ceza Dairesi 2015/22526 E. , 2016/2201 K.

""İçtihat Metni"""
yargitay:218038300,218038300,7. Ceza Dairesi,2014/21324,2016/4021,2016-03-22,2016,61,"7. Ceza Dairesi 2014/21324 E. , 2016/4021 K.

""İçtihat Metni"""
yargitay:218087100,218087100,7. Ceza Dairesi,2014/21325,2016/4020,2016-03-22,2016,61,"7. Ceza Dairesi 2014/21325 E. , 2016/4020 K.

""İçtihat Metni"""
yargitay:220894300,220894300,8. Ceza Dairesi,2015/15470,2016/5142,2016-04-18,2016,61,"8. Ceza Dairesi 2015/15470 E. , 2016/5142 K.

""İçtihat Metni"""
yargitay:231781100,231781100,16. Ceza Dairesi,2016/1711,2016/4237,2016-06-23,2016,61,"16. Ceza Dairesi 2016/1711 E. , 2016/4237 K.

""İçtihat Metni"""
yargitay:248454000,248454000,1. Hukuk Dairesi,2013/3455,2013/4795,2013-04-03,2013,61,"1. Hukuk Dairesi 2013/3455 E. , 2013/4795 K.

""İçtihat Metni"""
yargitay:297134200,297134200,20. Hukuk Dairesi,2016/5131,2017/318,2017-01-23,2017,61,"20. Hukuk Dairesi 2016/5131 E. , 2017/318 K.

""İçtihat Metni"""
yargitay:335527500,335527500,Ceza Genel Kurulu,2015/679,2016/343,2016-10-04,2016,61,"Ceza Genel Kurulu 2015/679 E. , 2016/343 K.

""İçtihat Metni""."
yargitay:393563100,393563100,2. Hukuk Dairesi,2016/2675,2016/5741,2016-03-23,2016,61,"2. Hukuk Dairesi 2016/2675 E. , 2016/5741 K.

""İçtihat Metni"""
yargitay:457206900,457206900,3. Ceza Dairesi,2018/2177,2018/17474,2018-11-14,2018,61,"3. Ceza Dairesi 2018/2177 E. , 2018/17474 K.

""İçtihat Metni"""
yargitay:459914700,459914700,14. Ceza Dairesi,2013/9749,2015/3037,2015-03-13,2015,61,"14. Ceza Dairesi 2013/9749 E. , 2015/3037 K.

""İçtihat Metni"""
yargitay:461981400,461981400,11. Ceza Dairesi,2014/3587,2015/8583,2015-02-12,2015,61,"11. Ceza Dairesi 2014/3587 E. , 2015/8583 K.

""İçtihat Metni"""
yargitay:462251400,462251400,14. Ceza Dairesi,2014/6021,2015/3793,2015-03-13,2015,61,"14. Ceza Dairesi 2014/6021 E. , 2015/3793 K.

""İçtihat Metni"""
yargitay:484167600,484167600,8. Ceza Dairesi,2009/18660,2012/1286,2012-01-18,2012,61,"8. Ceza Dairesi 2009/18660 E. , 2012/1286 K.

""İçtihat Metni"""
yargitay:500699700,500699700,7. Ceza Dairesi,2016/7130,2019/10127,2019-02-19,2019,61,"7. Ceza Dairesi 2016/7130 E. , 2019/10127 K.

""İçtihat Metni"""
yargitay:502167900,502167900,7. Ceza Dairesi,2018/3196,2019/24480,2019-03-06,2019,61,"7. Ceza Dairesi 2018/3196 E. , 2019/24480 K.

""İçtihat Metni"""
yargitay:594521300,594521300,1. Hukuk Dairesi,2020/2281,2020/3857,2020-09-08,2020,61,"1. Hukuk Dairesi 2020/2281 E. , 2020/3857 K.

""İçtihat Metni"""
yargitay:597006400,597006400,10. Ceza Dairesi,2019/5848,2020/2507,2020-06-17,2020,61,"10. Ceza Dairesi 2019/5848 E. , 2020/2507 K.

""İçtihat Metni"""
yargitay:604261800,604261800,8. Hukuk Dairesi,2011/6917,2012/3254,2012-04-24,2012,61,"8. Hukuk Dairesi 2011/6917 E. , 2012/3254 K.

""İçtihat Metni"""
yargitay:606212700,606212700,5. Hukuk Dairesi,2020/2520,2020/4441,2020-03-12,2020,61,"5. Hukuk Dairesi 2020/2520 E. , 2020/4441 K.

""İçtihat Metni"""
yargitay:614803900,614803900,8. Hukuk Dairesi,2012/5658,2012/5676,2012-06-19,2012,61,"8. Hukuk Dairesi 2012/5658 E. , 2012/5676 K.

""İçtihat Metni"""
yargitay:614804100,614804100,8. Hukuk Dairesi,2012/5655,2012/5677,2012-06-19,2012,61,"8. Hukuk Dairesi 2012/5655 E. , 2012/5677 K.

""İçtihat Metni"""
yargitay:645434400,645434400,5. Hukuk Dairesi,2019/8450,2020/2677,2020-02-18,2020,61,"5. Hukuk Dairesi 2019/8450 E. , 2020/2677 K.

""İçtihat Metni"""
yargitay:660352600,660352600,1. Hukuk Dairesi,2020/1319,2021/2434,2021-04-21,2021,61,"1. Hukuk Dairesi 2020/1319 E. , 2021/2434 K.

""İçtihat Metni"""
yargitay:677204600,677204600,14. Hukuk Dairesi,2020/371,2021/5262,2021-07-01,2021,61,"14. Hukuk Dairesi 2020/371 E. , 2021/5262 K.

""İçtihat Metni"""
yargitay:697598800,697598800,8. Hukuk Dairesi,2020/3374,2021/7648,2021-07-01,2021,61,"8. Hukuk Dairesi 2020/3374 E. , 2021/7648 K.

""İçtihat Metni"""
yargitay:707416700,707416700,6. Ceza Dairesi,2021/3817,2021/18360,2021-11-29,2021,61,"6. Ceza Dairesi 2021/3817 E. , 2021/18360 K.

""İçtihat Metni"""
yargitay:719415300,719415300,7. Hukuk Dairesi,2021/7096,2021/4123,2021-12-21,2021,61,"7. Hukuk Dairesi 2021/7096 E. , 2021/4123 K.

""İçtihat Metni"""
yargitay:812090900,812090900,8. Hukuk Dairesi,2021/3982,2022/7105,2022-09-19,2022,61,"8. Hukuk Dairesi 2021/3982 E. , 2022/7105 K.

""İçtihat Metni"""
yargitay:829012200,829012200,3. Ceza Dairesi,2022/23863,2022/5566,2022-10-05,2022,61,"3. Ceza Dairesi 2022/23863 E. , 2022/5566 K.

""İçtihat Metni"""
yargitay:842754300,842754300,1. Hukuk Dairesi,2022/5031,2022/5741,2022-09-14,2022,61,"1. Hukuk Dairesi 2022/5031 E. , 2022/5741 K.

""İçtihat Metni"""
yargitay:842758400,842758400,1. Hukuk Dairesi,2022/2144,2022/5981,2022-09-21,2022,61,"1. Hukuk Dairesi 2022/2144 E. , 2022/5981 K.

""İçtihat Metni"""
yargitay:847785700,847785700,1. Hukuk Dairesi,2022/2231,2022/5690,2022-09-13,2022,61,"1. Hukuk Dairesi 2022/2231 E. , 2022/5690 K.

""İçtihat Metni"""
yargitay:916230800,916230800,1. Hukuk Dairesi,2012/6201,2012/9951,2012-09-24,2012,61,"1. Hukuk Dairesi 2012/6201 E. , 2012/9951 K.

""İçtihat Metni"""
yargitay:984943400,984943400,6. Hukuk Dairesi,2023/2200,2023/3147,2023-10-05,2023,61,"6. Hukuk Dairesi 2023/2200 E. , 2023/3147 K.

""İçtihat Metni"""
yargitay:985195700,985195700,2. Hukuk Dairesi,2023/8290,2023/5594,2023-11-23,2023,61,"2. Hukuk Dairesi 2023/8290 E. , 2023/5594 K.

""İçtihat Metni"""
yargitay:100341600,100341600,9. Hukuk Dairesi,2013/15727,2014/9920,2014-03-25,2014,62,"9. Hukuk Dairesi 2013/15727 E. , 2014/9920 K.

""İçtihat Metni"""
yargitay:101832600,101832600,11. Hukuk Dairesi,2013/14957,2014/619,2014-01-13,2014,62,"11. Hukuk Dairesi 2013/14957 E. , 2014/619 K.

""İçtihat Metni"""
yargitay:1113116800,1113116800,11. Ceza Dairesi,2009/13245,2011/6871,2011-07-11,2011,62,"11. Ceza Dairesi 2009/13245 E. , 2011/6871 K.

""İçtihat Metni"""
yargitay:119169200,119169200,2. Ceza Dairesi,2015/12742,2015/15951,2015-09-28,2015,62,"2. Ceza Dairesi 2015/12742 E. , 2015/15951 K.

""İçtihat Metni"""
yargitay:129070000,129070000,1. Hukuk Dairesi,2013/16700,2015/3652,2015-03-17,2015,62,"1. Hukuk Dairesi 2013/16700 E. , 2015/3652 K.

""İçtihat Metni"""
yargitay:130427800,130427800,2. Ceza Dairesi,2014/18769,2015/22823,2015-12-10,2015,62,"2. Ceza Dairesi 2014/18769 E. , 2015/22823 K.

""İçtihat Metni"""
yargitay:159884300,159884300,20. Ceza Dairesi,2015/15417,2016/1021,2016-02-23,2016,62,"20. Ceza Dairesi 2015/15417 E. , 2016/1021 K.

""İçtihat Metni"""
yargitay:162778200,162778200,20. Ceza Dairesi,2015/14926,2016/1299,2016-03-07,2016,62,"20. Ceza Dairesi 2015/14926 E. , 2016/1299 K.

""İçtihat Metni"""
yargitay:164356200,164356200,8. Hukuk Dairesi,2014/11047,2016/3869,2016-03-03,2016,62,"8. Hukuk Dairesi 2014/11047 E. , 2016/3869 K.

""İçtihat Metni"""
yargitay:164870500,164870500,21. Hukuk Dairesi,2016/3769,2016/3913,2016-03-10,2016,62,"21. Hukuk Dairesi 2016/3769 E. , 2016/3913 K.

""İçtihat Metni"""
yargitay:166879900,166879900,12. Hukuk Dairesi,2016/2304,2016/8112,2016-03-18,2016,62,"12. Hukuk Dairesi 2016/2304 E. , 2016/8112 K.

""İçtihat Metni"""
yargitay:167660100,167660100,12. Hukuk Dairesi,2016/2094,2016/7664,2016-03-15,2016,62,"12. Hukuk Dairesi 2016/2094 E. , 2016/7664 K.

""İçtihat Metni"""
yargitay:167746400,167746400,20. Hukuk Dairesi,2016/2651,2016/3235,2016-03-15,2016,62,"20. Hukuk Dairesi 2016/2651 E. , 2016/3235 K.

""İçtihat Metni"""
yargitay:169828100,169828100,16. Hukuk Dairesi,2015/2525,2016/2238,2016-03-07,2016,62,"16. Hukuk Dairesi 2015/2525 E. , 2016/2238 K.

""İçtihat Metni"""
yargitay:170257900,170257900,12. Hukuk Dairesi,2016/9171,2016/9084,2016-03-28,2016,62,"12. Hukuk Dairesi 2016/9171 E. , 2016/9084 K.

""İçtihat Metni"""
yargitay:172028800,172028800,8. Hukuk Dairesi,2015/17998,2016/5351,2016-03-24,2016,62,"8. Hukuk Dairesi 2015/17998 E. , 2016/5351 K.

""İçtihat Metni"""
yargitay:172259700,172259700,16. Hukuk Dairesi,2015/11006,2016/806,2016-02-08,2016,62,"16. Hukuk Dairesi 2015/11006 E. , 2016/806 K.

""İçtihat Metni"""
yargitay:172569300,172569300,16. Hukuk Dairesi,2015/13797,2016/888,2016-02-09,2016,62,"16. Hukuk Dairesi 2015/13797 E. , 2016/888 K.

""İçtihat Metni"""
yargitay:173220200,173220200,16. Hukuk Dairesi,2015/2779,2016/1090,2016-02-11,2016,62,"16. Hukuk Dairesi 2015/2779 E. , 2016/1090 K.

""İçtihat Metni"""
yargitay:177851400,177851400,11. Hukuk Dairesi,2015/7821,2016/2289,2016-03-02,2016,62,"11. Hukuk Dairesi 2015/7821 E. , 2016/2289 K.

""İçtihat Metni"""
yargitay:183384500,183384500,11. Hukuk Dairesi,2015/7952,2016/2422,2016-03-07,2016,62,"11. Hukuk Dairesi 2015/7952 E. , 2016/2422 K.

""İçtihat Metni"""
yargitay:223721900,223721900,10. Hukuk Dairesi,2015/4269,2016/9538,2016-06-07,2016,62,"10. Hukuk Dairesi 2015/4269 E. , 2016/9538 K.

""İçtihat Metni"""
yargitay:351202600,351202600,14. Hukuk Dairesi,2015/4231,2017/5377,2017-06-21,2017,62,"14. Hukuk Dairesi 2015/4231 E. , 2017/5377 K.

""İçtihat Metni"""
yargitay:388188800,388188800,20. Hukuk Dairesi,2014/5387,2014/9261,2014-11-10,2014,62,"20. Hukuk Dairesi 2014/5387 E. , 2014/9261 K.

""İçtihat Metni"""
yargitay:465543600,465543600,16. Hukuk Dairesi,2018/2909,2018/8165,2018-12-25,2018,62,"16. Hukuk Dairesi 2018/2909 E. , 2018/8165 K.

""İçtihat Metni"""
yargitay:514674100,514674100,21. Hukuk Dairesi,2018/4362,2019/4001,2019-05-21,2019,62,"21. Hukuk Dairesi 2018/4362 E. , 2019/4001 K.

""İçtihat Metni"""
yargitay:514674400,514674400,21. Hukuk Dairesi,2018/3898,2019/4104,2019-05-23,2019,62,"21. Hukuk Dairesi 2018/3898 E. , 2019/4104 K.

""İçtihat Metni"""
yargitay:561739600,561739600,5. Hukuk Dairesi,2019/4799,2019/20751,2019-12-17,2019,62,"5. Hukuk Dairesi 2019/4799 E. , 2019/20751 K.

""İçtihat Metni"""
yargitay:563148300,563148300,1. Hukuk Dairesi,2016/11328,2019/5280,2019-10-16,2019,62,"1. Hukuk Dairesi 2016/11328 E. , 2019/5280 K.

""İçtihat Metni"""
yargitay:619667500,619667500,9. Hukuk Dairesi,2009/15462,2010/2654,2010-02-08,2010,62,"9. Hukuk Dairesi 2009/15462 E. , 2010/2654 K.

""İçtihat Metni"""
yargitay:629672300,629672300,3. Ceza Dairesi,2020/11349,2020/15927,2020-11-10,2020,62,"3. Ceza Dairesi 2020/11349 E. , 2020/15927 K.

""İçtihat Metni"""
yargitay:642616300,642616300,8. Hukuk Dairesi,2012/5165,2012/11459,2012-11-30,2012,62,"8. Hukuk Dairesi 2012/5165 E. , 2012/11459 K.

""İçtihat Metni"""
yargitay:84052500,84052500,1. Hukuk Dairesi,2013/16979,2014/1751,2014-02-10,2014,62,"1. Hukuk Dairesi 2013/16979 E. , 2014/1751 K.

""İçtihat Metni"""
yargitay:96660500,96660500,5. Hukuk Dairesi,2014/6284,2014/19617,2014-07-02,2014,62,"5. Hukuk Dairesi 2014/6284 E. , 2014/19617 K.

""İçtihat Metni"""
yargitay:992119700,992119700,4. Ceza Dairesi,2010/21002,2011/10571,2011-07-01,2011,62,"4. Ceza Dairesi 2010/21002 E. , 2011/10571 K.

""İçtihat Metni"""
yargitay:994324700,994324700,4. Ceza Dairesi,2010/17416,2011/14111,2011-07-18,2011,62,"4. Ceza Dairesi 2010/17416 E. , 2011/14111 K.

""İçtihat Metni"""
yargitay:994401600,994401600,4. Ceza Dairesi,2010/16408,2011/14046,2011-07-18,2011,62,"4. Ceza Dairesi 2010/16408 E. , 2011/14046 K.

""İçtihat Metni"""
yargitay:101580700,101580700,11. Hukuk Dairesi,2013/12018,2014/4178,2014-03-05,2014,63,"11. Hukuk Dairesi 2013/12018 E. , 2014/4178 K.

""İçtihat Metni"""
yargitay:127959300,127959300,21. Hukuk Dairesi,2015/2232,2015/20779,2015-11-23,2015,63,"21. Hukuk Dairesi 2015/2232 E. , 2015/20779 K.

""İçtihat Metni"""
yargitay:159898700,159898700,16. Hukuk Dairesi,2015/8085,2015/16220,2015-12-24,2015,63,"16. Hukuk Dairesi 2015/8085 E. , 2015/16220 K.

""İçtihat Metni"""
yargitay:166482500,166482500,12. Hukuk Dairesi,2015/30854,2016/7991,2016-03-17,2016,63,"12. Hukuk Dairesi 2015/30854 E. , 2016/7991 K.

""İçtihat Metni"""
yargitay:168431100,168431100,20. Hukuk Dairesi,2015/14757,2016/1307,2016-02-09,2016,63,"20. Hukuk Dairesi 2015/14757 E. , 2016/1307 K.

""İçtihat Metni"""
yargitay:169693300,169693300,12. Hukuk Dairesi,2015/31639,2016/8911,2016-03-24,2016,63,"12. Hukuk Dairesi 2015/31639 E. , 2016/8911 K.

""İçtihat Metni"""
yargitay:173802900,173802900,13. Hukuk Dairesi,2015/1854,2015/14589,2015-05-06,2015,63,"13. Hukuk Dairesi 2015/1854 E. , 2015/14589 K.

""İçtihat Metni"""
yargitay:175909700,175909700,16. Hukuk Dairesi,2015/11259,2016/1206,2016-02-12,2016,63,"16. Hukuk Dairesi 2015/11259 E. , 2016/1206 K.

""İçtihat Metni"""
yargitay:222734000,222734000,21. Hukuk Dairesi,2015/16767,2016/9579,2016-06-09,2016,63,"21. Hukuk Dairesi 2015/16767 E. , 2016/9579 K.

""İçtihat Metni"""
yargitay:355423800,355423800,11. Hukuk Dairesi,2014/6482,2014/12252,2014-06-26,2014,63,"11. Hukuk Dairesi 2014/6482 E. , 2014/12252 K.

""İçtihat Metni"""
yargitay:441601400,441601400,9. Hukuk Dairesi,2007/16471,2007/21473,2007-07-02,2007,63,"9. Hukuk Dairesi 2007/16471 E. , 2007/21473 K.

""İçtihat Metni"""
yargitay:516002200,516002200,17. Hukuk Dairesi,2016/12056,2019/4930,2019-04-17,2019,63,"17. Hukuk Dairesi 2016/12056 E. , 2019/4930 K.

""İçtihat Metni"""
yargitay:541373500,541373500,8. Hukuk Dairesi,2017/14986,2018/19458,2018-11-29,2018,63,"8. Hukuk Dairesi 2017/14986 E. , 2018/19458 K.

""İçtihat Metni"""
yargitay:654429400,654429400,5. Hukuk Dairesi,2016/15486,2016/12157,2016-06-16,2016,63,"5. Hukuk Dairesi 2016/15486 E. , 2016/12157 K.

""İçtihat Metni"""
yargitay:82335200,82335200,2. Hukuk Dairesi,2013/13039,2013/18879,2013-07-04,2013,63,"2. Hukuk Dairesi 2013/13039 E. , 2013/18879 K.

""İçtihat Metni"""
yargitay:840145600,840145600,10. Ceza Dairesi,2021/15723,2022/11950,2022-11-17,2022,63,"10. Ceza Dairesi 2021/15723 E. , 2022/11950 K.

""İçtihat Metni"""
yargitay:989825300,989825300,10. Ceza Dairesi,2023/17209,2023/11698,2023-12-27,2023,63,"10. Ceza Dairesi 2023/17209 E. , 2023/11698 K.

""İçtihat Metni"""
yargitay:1025174900,1025174900,5. Hukuk Dairesi,2009/15536,2010/228,2010-01-11,2010,64,"5. Hukuk Dairesi 2009/15536 E. , 2010/228 K.

""İçtihat Metni""..."
yargitay:1038815900,1038815900,11. Hukuk Dairesi,2012/15874,2013/12849,2013-06-19,2013,64,"11. Hukuk Dairesi 2012/15874 E. , 2013/12849 K.

""İçtihat Metni"""
yargitay:1131231800,1131231800,10. Hukuk Dairesi,2012/12011,2012/13682,2012-07-10,2012,64,"10. Hukuk Dairesi 2012/12011 E. , 2012/13682 K.

""İçtihat Metni"""
yargitay:164397700,164397700,16. Hukuk Dairesi,2014/15124,2015/16332,2015-12-28,2015,64,"16. Hukuk Dairesi 2014/15124 E. , 2015/16332 K.

""İçtihat Metni"""
